
===========================================================================
report_checks -path_delay max (Setup)
============================================================================
======================= Typical Corner ===================================

Startpoint: control (input port clocked by clk)
Endpoint: result[29] (output port clocked by clk)
Path Group: clk
Path Type: max

Fanout     Cap    Slew   Delay    Time   Description
-----------------------------------------------------------------------------
                  0.15    0.00    0.00   clock clk (rise edge)
                          0.00    0.00   clock network delay (ideal)
                          2.00    2.00 v input external delay
     8    0.03    0.07    0.05    2.05 v control (in)
                                         control (net)
                  0.07    0.00    2.05 v _1008_/D (sky130_fd_sc_hd__and4b_2)
     2    0.01    0.05    0.26    2.31 v _1008_/X (sky130_fd_sc_hd__and4b_2)
                                         _0288_ (net)
                  0.05    0.00    2.31 v _1009_/A (sky130_fd_sc_hd__buf_1)
    10    0.03    0.18    0.22    2.54 v _1009_/X (sky130_fd_sc_hd__buf_1)
                                         _0289_ (net)
                  0.18    0.00    2.54 v _1036_/B (sky130_fd_sc_hd__and2_2)
     8    0.03    0.09    0.33    2.86 v _1036_/X (sky130_fd_sc_hd__and2_2)
                                         _0316_ (net)
                  0.09    0.00    2.86 v _1037_/B1 (sky130_fd_sc_hd__a211o_2)
     4    0.01    0.08    0.38    3.24 v _1037_/X (sky130_fd_sc_hd__a211o_2)
                                         _0317_ (net)
                  0.08    0.00    3.24 v _1038_/D (sky130_fd_sc_hd__or4_2)
     4    0.02    0.15    0.66    3.90 v _1038_/X (sky130_fd_sc_hd__or4_2)
                                         _0318_ (net)
                  0.15    0.00    3.90 v _1039_/C (sky130_fd_sc_hd__or3_2)
     5    0.02    0.13    0.55    4.45 v _1039_/X (sky130_fd_sc_hd__or3_2)
                                         _0319_ (net)
                  0.13    0.00    4.45 v _1046_/B (sky130_fd_sc_hd__or3_2)
     1    0.00    0.07    0.49    4.94 v _1046_/X (sky130_fd_sc_hd__or3_2)
                                         _0326_ (net)
                  0.07    0.00    4.94 v _1047_/A (sky130_fd_sc_hd__buf_1)
     7    0.02    0.14    0.20    5.14 v _1047_/X (sky130_fd_sc_hd__buf_1)
                                         _0327_ (net)
                  0.14    0.00    5.14 v _1049_/B (sky130_fd_sc_hd__nor3_2)
     3    0.02    0.33    0.36    5.50 ^ _1049_/Y (sky130_fd_sc_hd__nor3_2)
                                         _0329_ (net)
                  0.33    0.00    5.50 ^ _1057_/A (sky130_fd_sc_hd__and3_2)
     1    0.00    0.04    0.25    5.74 ^ _1057_/X (sky130_fd_sc_hd__and3_2)
                                         _0337_ (net)
                  0.04    0.00    5.74 ^ _1058_/A (sky130_fd_sc_hd__buf_1)
     8    0.04    0.46    0.39    6.13 ^ _1058_/X (sky130_fd_sc_hd__buf_1)
                                         _0338_ (net)
                  0.46    0.00    6.14 ^ _1065_/A (sky130_fd_sc_hd__and4_2)
     1    0.00    0.06    0.32    6.46 ^ _1065_/X (sky130_fd_sc_hd__and4_2)
                                         _0345_ (net)
                  0.06    0.00    6.46 ^ _1066_/A (sky130_fd_sc_hd__buf_1)
     6    0.03    0.32    0.29    6.74 ^ _1066_/X (sky130_fd_sc_hd__buf_1)
                                         _0346_ (net)
                  0.32    0.00    6.75 ^ _1068_/B (sky130_fd_sc_hd__nand3b_2)
     8    0.03    0.20    0.25    7.00 v _1068_/Y (sky130_fd_sc_hd__nand3b_2)
                                         _0348_ (net)
                  0.20    0.00    7.00 v _1197_/B (sky130_fd_sc_hd__and3_2)
     3    0.01    0.05    0.29    7.29 v _1197_/X (sky130_fd_sc_hd__and3_2)
                                         _0477_ (net)
                  0.05    0.00    7.29 v _1203_/A (sky130_fd_sc_hd__or4_2)
     3    0.01    0.11    0.71    8.01 v _1203_/X (sky130_fd_sc_hd__or4_2)
                                         _0483_ (net)
                  0.11    0.00    8.01 v _1237_/A (sky130_fd_sc_hd__or4_2)
     1    0.00    0.10    0.70    8.71 v _1237_/X (sky130_fd_sc_hd__or4_2)
                                         _0517_ (net)
                  0.10    0.00    8.71 v _1248_/A2 (sky130_fd_sc_hd__o211a_2)
     4    0.02    0.07    0.31    9.02 v _1248_/X (sky130_fd_sc_hd__o211a_2)
                                         _0528_ (net)
                  0.07    0.00    9.02 v _1263_/B (sky130_fd_sc_hd__or4_2)
     2    0.01    0.11    0.70    9.72 v _1263_/X (sky130_fd_sc_hd__or4_2)
                                         _0543_ (net)
                  0.11    0.00    9.72 v _1388_/A (sky130_fd_sc_hd__and2_2)
     2    0.01    0.05    0.22    9.94 v _1388_/X (sky130_fd_sc_hd__and2_2)
                                         _0666_ (net)
                  0.05    0.00    9.94 v _1389_/A (sky130_fd_sc_hd__or2_2)
     3    0.01    0.07    0.33   10.27 v _1389_/X (sky130_fd_sc_hd__or2_2)
                                         _0667_ (net)
                  0.07    0.00   10.27 v _1391_/A2 (sky130_fd_sc_hd__a21o_2)
     1    0.00    0.03    0.22   10.50 v _1391_/X (sky130_fd_sc_hd__a21o_2)
                                         _0669_ (net)
                  0.03    0.00   10.50 v _1410_/A3 (sky130_fd_sc_hd__a31o_2)
     2    0.05    0.13    0.35   10.85 v _1410_/X (sky130_fd_sc_hd__a31o_2)
                                         result[29] (net)
                  0.13    0.01   10.85 v result[29] (out)
                                 10.85   data arrival time

                  0.15   10.00   10.00   clock clk (rise edge)
                          0.00   10.00   clock network delay (ideal)
                         -0.25    9.75   clock uncertainty
                          0.00    9.75   clock reconvergence pessimism
                         -2.00    7.75   output external delay
                                  7.75   data required time
-----------------------------------------------------------------------------
                                  7.75   data required time
                                -10.85   data arrival time
-----------------------------------------------------------------------------
                                 -3.10   slack (VIOLATED)


Startpoint: control (input port clocked by clk)
Endpoint: result[31] (output port clocked by clk)
Path Group: clk
Path Type: max

Fanout     Cap    Slew   Delay    Time   Description
-----------------------------------------------------------------------------
                  0.15    0.00    0.00   clock clk (rise edge)
                          0.00    0.00   clock network delay (ideal)
                          2.00    2.00 v input external delay
     8    0.03    0.07    0.05    2.05 v control (in)
                                         control (net)
                  0.07    0.00    2.05 v _1008_/D (sky130_fd_sc_hd__and4b_2)
     2    0.01    0.05    0.26    2.31 v _1008_/X (sky130_fd_sc_hd__and4b_2)
                                         _0288_ (net)
                  0.05    0.00    2.31 v _1009_/A (sky130_fd_sc_hd__buf_1)
    10    0.03    0.18    0.22    2.54 v _1009_/X (sky130_fd_sc_hd__buf_1)
                                         _0289_ (net)
                  0.18    0.00    2.54 v _1036_/B (sky130_fd_sc_hd__and2_2)
     8    0.03    0.09    0.33    2.86 v _1036_/X (sky130_fd_sc_hd__and2_2)
                                         _0316_ (net)
                  0.09    0.00    2.86 v _1037_/B1 (sky130_fd_sc_hd__a211o_2)
     4    0.01    0.08    0.38    3.24 v _1037_/X (sky130_fd_sc_hd__a211o_2)
                                         _0317_ (net)
                  0.08    0.00    3.24 v _1038_/D (sky130_fd_sc_hd__or4_2)
     4    0.02    0.15    0.66    3.90 v _1038_/X (sky130_fd_sc_hd__or4_2)
                                         _0318_ (net)
                  0.15    0.00    3.90 v _1039_/C (sky130_fd_sc_hd__or3_2)
     5    0.02    0.13    0.55    4.45 v _1039_/X (sky130_fd_sc_hd__or3_2)
                                         _0319_ (net)
                  0.13    0.00    4.45 v _1046_/B (sky130_fd_sc_hd__or3_2)
     1    0.00    0.07    0.49    4.94 v _1046_/X (sky130_fd_sc_hd__or3_2)
                                         _0326_ (net)
                  0.07    0.00    4.94 v _1047_/A (sky130_fd_sc_hd__buf_1)
     7    0.02    0.14    0.20    5.14 v _1047_/X (sky130_fd_sc_hd__buf_1)
                                         _0327_ (net)
                  0.14    0.00    5.14 v _1049_/B (sky130_fd_sc_hd__nor3_2)
     3    0.02    0.33    0.36    5.50 ^ _1049_/Y (sky130_fd_sc_hd__nor3_2)
                                         _0329_ (net)
                  0.33    0.00    5.50 ^ _1057_/A (sky130_fd_sc_hd__and3_2)
     1    0.00    0.04    0.25    5.74 ^ _1057_/X (sky130_fd_sc_hd__and3_2)
                                         _0337_ (net)
                  0.04    0.00    5.74 ^ _1058_/A (sky130_fd_sc_hd__buf_1)
     8    0.04    0.46    0.39    6.13 ^ _1058_/X (sky130_fd_sc_hd__buf_1)
                                         _0338_ (net)
                  0.46    0.00    6.14 ^ _1065_/A (sky130_fd_sc_hd__and4_2)
     1    0.00    0.06    0.32    6.46 ^ _1065_/X (sky130_fd_sc_hd__and4_2)
                                         _0345_ (net)
                  0.06    0.00    6.46 ^ _1066_/A (sky130_fd_sc_hd__buf_1)
     6    0.03    0.32    0.29    6.74 ^ _1066_/X (sky130_fd_sc_hd__buf_1)
                                         _0346_ (net)
                  0.32    0.00    6.75 ^ _1068_/B (sky130_fd_sc_hd__nand3b_2)
     8    0.03    0.20    0.25    7.00 v _1068_/Y (sky130_fd_sc_hd__nand3b_2)
                                         _0348_ (net)
                  0.20    0.00    7.00 v _1197_/B (sky130_fd_sc_hd__and3_2)
     3    0.01    0.05    0.29    7.29 v _1197_/X (sky130_fd_sc_hd__and3_2)
                                         _0477_ (net)
                  0.05    0.00    7.29 v _1203_/A (sky130_fd_sc_hd__or4_2)
     3    0.01    0.11    0.71    8.01 v _1203_/X (sky130_fd_sc_hd__or4_2)
                                         _0483_ (net)
                  0.11    0.00    8.01 v _1237_/A (sky130_fd_sc_hd__or4_2)
     1    0.00    0.10    0.70    8.71 v _1237_/X (sky130_fd_sc_hd__or4_2)
                                         _0517_ (net)
                  0.10    0.00    8.71 v _1248_/A2 (sky130_fd_sc_hd__o211a_2)
     4    0.02    0.07    0.31    9.02 v _1248_/X (sky130_fd_sc_hd__o211a_2)
                                         _0528_ (net)
                  0.07    0.00    9.02 v _1263_/B (sky130_fd_sc_hd__or4_2)
     2    0.01    0.11    0.70    9.72 v _1263_/X (sky130_fd_sc_hd__or4_2)
                                         _0543_ (net)
                  0.11    0.00    9.72 v _1280_/A1 (sky130_fd_sc_hd__a211o_2)
     2    0.01    0.06    0.35   10.07 v _1280_/X (sky130_fd_sc_hd__a211o_2)
                                         _0560_ (net)
                  0.06    0.00   10.07 v _1283_/A1 (sky130_fd_sc_hd__a21oi_2)
     3    0.01    0.18    0.20   10.27 ^ _1283_/Y (sky130_fd_sc_hd__a21oi_2)
                                         _0563_ (net)
                  0.18    0.00   10.27 ^ _1292_/B (sky130_fd_sc_hd__or3_2)
     1    0.00    0.03    0.15   10.42 ^ _1292_/X (sky130_fd_sc_hd__or3_2)
                                         _0572_ (net)
                  0.03    0.00   10.42 ^ _1348_/A3 (sky130_fd_sc_hd__a31o_2)
     2    0.05    0.27    0.33   10.75 ^ _1348_/X (sky130_fd_sc_hd__a31o_2)
                                         result[31] (net)
                  0.27    0.01   10.76 ^ result[31] (out)
                                 10.76   data arrival time

                  0.15   10.00   10.00   clock clk (rise edge)
                          0.00   10.00   clock network delay (ideal)
                         -0.25    9.75   clock uncertainty
                          0.00    9.75   clock reconvergence pessimism
                         -2.00    7.75   output external delay
                                  7.75   data required time
-----------------------------------------------------------------------------
                                  7.75   data required time
                                -10.76   data arrival time
-----------------------------------------------------------------------------
                                 -3.01   slack (VIOLATED)


Startpoint: control (input port clocked by clk)
Endpoint: result[30] (output port clocked by clk)
Path Group: clk
Path Type: max

Fanout     Cap    Slew   Delay    Time   Description
-----------------------------------------------------------------------------
                  0.15    0.00    0.00   clock clk (rise edge)
                          0.00    0.00   clock network delay (ideal)
                          2.00    2.00 v input external delay
     8    0.03    0.07    0.05    2.05 v control (in)
                                         control (net)
                  0.07    0.00    2.05 v _1008_/D (sky130_fd_sc_hd__and4b_2)
     2    0.01    0.05    0.26    2.31 v _1008_/X (sky130_fd_sc_hd__and4b_2)
                                         _0288_ (net)
                  0.05    0.00    2.31 v _1009_/A (sky130_fd_sc_hd__buf_1)
    10    0.03    0.18    0.22    2.54 v _1009_/X (sky130_fd_sc_hd__buf_1)
                                         _0289_ (net)
                  0.18    0.00    2.54 v _1036_/B (sky130_fd_sc_hd__and2_2)
     8    0.03    0.09    0.33    2.86 v _1036_/X (sky130_fd_sc_hd__and2_2)
                                         _0316_ (net)
                  0.09    0.00    2.86 v _1037_/B1 (sky130_fd_sc_hd__a211o_2)
     4    0.01    0.08    0.38    3.24 v _1037_/X (sky130_fd_sc_hd__a211o_2)
                                         _0317_ (net)
                  0.08    0.00    3.24 v _1038_/D (sky130_fd_sc_hd__or4_2)
     4    0.02    0.15    0.66    3.90 v _1038_/X (sky130_fd_sc_hd__or4_2)
                                         _0318_ (net)
                  0.15    0.00    3.90 v _1039_/C (sky130_fd_sc_hd__or3_2)
     5    0.02    0.13    0.55    4.45 v _1039_/X (sky130_fd_sc_hd__or3_2)
                                         _0319_ (net)
                  0.13    0.00    4.45 v _1046_/B (sky130_fd_sc_hd__or3_2)
     1    0.00    0.07    0.49    4.94 v _1046_/X (sky130_fd_sc_hd__or3_2)
                                         _0326_ (net)
                  0.07    0.00    4.94 v _1047_/A (sky130_fd_sc_hd__buf_1)
     7    0.02    0.14    0.20    5.14 v _1047_/X (sky130_fd_sc_hd__buf_1)
                                         _0327_ (net)
                  0.14    0.00    5.14 v _1049_/B (sky130_fd_sc_hd__nor3_2)
     3    0.02    0.33    0.36    5.50 ^ _1049_/Y (sky130_fd_sc_hd__nor3_2)
                                         _0329_ (net)
                  0.33    0.00    5.50 ^ _1057_/A (sky130_fd_sc_hd__and3_2)
     1    0.00    0.04    0.25    5.74 ^ _1057_/X (sky130_fd_sc_hd__and3_2)
                                         _0337_ (net)
                  0.04    0.00    5.74 ^ _1058_/A (sky130_fd_sc_hd__buf_1)
     8    0.04    0.46    0.39    6.13 ^ _1058_/X (sky130_fd_sc_hd__buf_1)
                                         _0338_ (net)
                  0.46    0.00    6.14 ^ _1065_/A (sky130_fd_sc_hd__and4_2)
     1    0.00    0.06    0.32    6.46 ^ _1065_/X (sky130_fd_sc_hd__and4_2)
                                         _0345_ (net)
                  0.06    0.00    6.46 ^ _1066_/A (sky130_fd_sc_hd__buf_1)
     6    0.03    0.32    0.29    6.74 ^ _1066_/X (sky130_fd_sc_hd__buf_1)
                                         _0346_ (net)
                  0.32    0.00    6.75 ^ _1068_/B (sky130_fd_sc_hd__nand3b_2)
     8    0.03    0.20    0.25    7.00 v _1068_/Y (sky130_fd_sc_hd__nand3b_2)
                                         _0348_ (net)
                  0.20    0.00    7.00 v _1197_/B (sky130_fd_sc_hd__and3_2)
     3    0.01    0.05    0.29    7.29 v _1197_/X (sky130_fd_sc_hd__and3_2)
                                         _0477_ (net)
                  0.05    0.00    7.29 v _1203_/A (sky130_fd_sc_hd__or4_2)
     3    0.01    0.11    0.71    8.01 v _1203_/X (sky130_fd_sc_hd__or4_2)
                                         _0483_ (net)
                  0.11    0.00    8.01 v _1237_/A (sky130_fd_sc_hd__or4_2)
     1    0.00    0.10    0.70    8.71 v _1237_/X (sky130_fd_sc_hd__or4_2)
                                         _0517_ (net)
                  0.10    0.00    8.71 v _1248_/A2 (sky130_fd_sc_hd__o211a_2)
     4    0.02    0.07    0.31    9.02 v _1248_/X (sky130_fd_sc_hd__o211a_2)
                                         _0528_ (net)
                  0.07    0.00    9.02 v _1263_/B (sky130_fd_sc_hd__or4_2)
     2    0.01    0.11    0.70    9.72 v _1263_/X (sky130_fd_sc_hd__or4_2)
                                         _0543_ (net)
                  0.11    0.00    9.72 v _1280_/A1 (sky130_fd_sc_hd__a211o_2)
     2    0.01    0.06    0.35   10.07 v _1280_/X (sky130_fd_sc_hd__a211o_2)
                                         _0560_ (net)
                  0.06    0.00   10.07 v _1350_/A1 (sky130_fd_sc_hd__a31o_2)
     1    0.00    0.04    0.22   10.29 v _1350_/X (sky130_fd_sc_hd__a31o_2)
                                         _0629_ (net)
                  0.04    0.00   10.29 v _1386_/A2 (sky130_fd_sc_hd__o21bai_2)
     2    0.05    0.53    0.45   10.74 ^ _1386_/Y (sky130_fd_sc_hd__o21bai_2)
                                         result[30] (net)
                  0.53    0.01   10.74 ^ result[30] (out)
                                 10.74   data arrival time

                  0.15   10.00   10.00   clock clk (rise edge)
                          0.00   10.00   clock network delay (ideal)
                         -0.25    9.75   clock uncertainty
                          0.00    9.75   clock reconvergence pessimism
                         -2.00    7.75   output external delay
                                  7.75   data required time
-----------------------------------------------------------------------------
                                  7.75   data required time
                                -10.74   data arrival time
-----------------------------------------------------------------------------
                                 -2.99   slack (VIOLATED)


Startpoint: control (input port clocked by clk)
Endpoint: result[28] (output port clocked by clk)
Path Group: clk
Path Type: max

Fanout     Cap    Slew   Delay    Time   Description
-----------------------------------------------------------------------------
                  0.15    0.00    0.00   clock clk (rise edge)
                          0.00    0.00   clock network delay (ideal)
                          2.00    2.00 v input external delay
     8    0.03    0.07    0.05    2.05 v control (in)
                                         control (net)
                  0.07    0.00    2.05 v _1008_/D (sky130_fd_sc_hd__and4b_2)
     2    0.01    0.05    0.26    2.31 v _1008_/X (sky130_fd_sc_hd__and4b_2)
                                         _0288_ (net)
                  0.05    0.00    2.31 v _1009_/A (sky130_fd_sc_hd__buf_1)
    10    0.03    0.18    0.22    2.54 v _1009_/X (sky130_fd_sc_hd__buf_1)
                                         _0289_ (net)
                  0.18    0.00    2.54 v _1036_/B (sky130_fd_sc_hd__and2_2)
     8    0.03    0.09    0.33    2.86 v _1036_/X (sky130_fd_sc_hd__and2_2)
                                         _0316_ (net)
                  0.09    0.00    2.86 v _1037_/B1 (sky130_fd_sc_hd__a211o_2)
     4    0.01    0.08    0.38    3.24 v _1037_/X (sky130_fd_sc_hd__a211o_2)
                                         _0317_ (net)
                  0.08    0.00    3.24 v _1038_/D (sky130_fd_sc_hd__or4_2)
     4    0.02    0.15    0.66    3.90 v _1038_/X (sky130_fd_sc_hd__or4_2)
                                         _0318_ (net)
                  0.15    0.00    3.90 v _1039_/C (sky130_fd_sc_hd__or3_2)
     5    0.02    0.13    0.55    4.45 v _1039_/X (sky130_fd_sc_hd__or3_2)
                                         _0319_ (net)
                  0.13    0.00    4.45 v _1046_/B (sky130_fd_sc_hd__or3_2)
     1    0.00    0.07    0.49    4.94 v _1046_/X (sky130_fd_sc_hd__or3_2)
                                         _0326_ (net)
                  0.07    0.00    4.94 v _1047_/A (sky130_fd_sc_hd__buf_1)
     7    0.02    0.14    0.20    5.14 v _1047_/X (sky130_fd_sc_hd__buf_1)
                                         _0327_ (net)
                  0.14    0.00    5.14 v _1049_/B (sky130_fd_sc_hd__nor3_2)
     3    0.02    0.33    0.36    5.50 ^ _1049_/Y (sky130_fd_sc_hd__nor3_2)
                                         _0329_ (net)
                  0.33    0.00    5.50 ^ _1057_/A (sky130_fd_sc_hd__and3_2)
     1    0.00    0.04    0.25    5.74 ^ _1057_/X (sky130_fd_sc_hd__and3_2)
                                         _0337_ (net)
                  0.04    0.00    5.74 ^ _1058_/A (sky130_fd_sc_hd__buf_1)
     8    0.04    0.46    0.39    6.13 ^ _1058_/X (sky130_fd_sc_hd__buf_1)
                                         _0338_ (net)
                  0.46    0.00    6.14 ^ _1065_/A (sky130_fd_sc_hd__and4_2)
     1    0.00    0.06    0.32    6.46 ^ _1065_/X (sky130_fd_sc_hd__and4_2)
                                         _0345_ (net)
                  0.06    0.00    6.46 ^ _1066_/A (sky130_fd_sc_hd__buf_1)
     6    0.03    0.32    0.29    6.74 ^ _1066_/X (sky130_fd_sc_hd__buf_1)
                                         _0346_ (net)
                  0.32    0.00    6.75 ^ _1068_/B (sky130_fd_sc_hd__nand3b_2)
     8    0.03    0.20    0.25    7.00 v _1068_/Y (sky130_fd_sc_hd__nand3b_2)
                                         _0348_ (net)
                  0.20    0.00    7.00 v _1197_/B (sky130_fd_sc_hd__and3_2)
     3    0.01    0.05    0.29    7.29 v _1197_/X (sky130_fd_sc_hd__and3_2)
                                         _0477_ (net)
                  0.05    0.00    7.29 v _1203_/A (sky130_fd_sc_hd__or4_2)
     3    0.01    0.11    0.71    8.01 v _1203_/X (sky130_fd_sc_hd__or4_2)
                                         _0483_ (net)
                  0.11    0.00    8.01 v _1237_/A (sky130_fd_sc_hd__or4_2)
     1    0.00    0.10    0.70    8.71 v _1237_/X (sky130_fd_sc_hd__or4_2)
                                         _0517_ (net)
                  0.10    0.00    8.71 v _1248_/A2 (sky130_fd_sc_hd__o211a_2)
     4    0.02    0.07    0.31    9.02 v _1248_/X (sky130_fd_sc_hd__o211a_2)
                                         _0528_ (net)
                  0.07    0.00    9.02 v _1263_/B (sky130_fd_sc_hd__or4_2)
     2    0.01    0.11    0.70    9.72 v _1263_/X (sky130_fd_sc_hd__or4_2)
                                         _0543_ (net)
                  0.11    0.00    9.72 v _1388_/A (sky130_fd_sc_hd__and2_2)
     2    0.01    0.05    0.22    9.94 v _1388_/X (sky130_fd_sc_hd__and2_2)
                                         _0666_ (net)
                  0.05    0.00    9.94 v _1389_/A (sky130_fd_sc_hd__or2_2)
     3    0.01    0.07    0.33   10.27 v _1389_/X (sky130_fd_sc_hd__or2_2)
                                         _0667_ (net)
                  0.07    0.00   10.27 v _1432_/A2 (sky130_fd_sc_hd__a31o_2)
     2    0.05    0.13    0.36   10.63 v _1432_/X (sky130_fd_sc_hd__a31o_2)
                                         result[28] (net)
                  0.13    0.01   10.64 v result[28] (out)
                                 10.64   data arrival time

                  0.15   10.00   10.00   clock clk (rise edge)
                          0.00   10.00   clock network delay (ideal)
                         -0.25    9.75   clock uncertainty
                          0.00    9.75   clock reconvergence pessimism
                         -2.00    7.75   output external delay
                                  7.75   data required time
-----------------------------------------------------------------------------
                                  7.75   data required time
                                -10.64   data arrival time
-----------------------------------------------------------------------------
                                 -2.89   slack (VIOLATED)


Startpoint: control (input port clocked by clk)
Endpoint: result[27] (output port clocked by clk)
Path Group: clk
Path Type: max

Fanout     Cap    Slew   Delay    Time   Description
-----------------------------------------------------------------------------
                  0.15    0.00    0.00   clock clk (rise edge)
                          0.00    0.00   clock network delay (ideal)
                          2.00    2.00 v input external delay
     8    0.03    0.07    0.05    2.05 v control (in)
                                         control (net)
                  0.07    0.00    2.05 v _1008_/D (sky130_fd_sc_hd__and4b_2)
     2    0.01    0.05    0.26    2.31 v _1008_/X (sky130_fd_sc_hd__and4b_2)
                                         _0288_ (net)
                  0.05    0.00    2.31 v _1009_/A (sky130_fd_sc_hd__buf_1)
    10    0.03    0.18    0.22    2.54 v _1009_/X (sky130_fd_sc_hd__buf_1)
                                         _0289_ (net)
                  0.18    0.00    2.54 v _1036_/B (sky130_fd_sc_hd__and2_2)
     8    0.03    0.09    0.33    2.86 v _1036_/X (sky130_fd_sc_hd__and2_2)
                                         _0316_ (net)
                  0.09    0.00    2.86 v _1037_/B1 (sky130_fd_sc_hd__a211o_2)
     4    0.01    0.08    0.38    3.24 v _1037_/X (sky130_fd_sc_hd__a211o_2)
                                         _0317_ (net)
                  0.08    0.00    3.24 v _1038_/D (sky130_fd_sc_hd__or4_2)
     4    0.02    0.15    0.66    3.90 v _1038_/X (sky130_fd_sc_hd__or4_2)
                                         _0318_ (net)
                  0.15    0.00    3.90 v _1039_/C (sky130_fd_sc_hd__or3_2)
     5    0.02    0.13    0.55    4.45 v _1039_/X (sky130_fd_sc_hd__or3_2)
                                         _0319_ (net)
                  0.13    0.00    4.45 v _1046_/B (sky130_fd_sc_hd__or3_2)
     1    0.00    0.07    0.49    4.94 v _1046_/X (sky130_fd_sc_hd__or3_2)
                                         _0326_ (net)
                  0.07    0.00    4.94 v _1047_/A (sky130_fd_sc_hd__buf_1)
     7    0.02    0.14    0.20    5.14 v _1047_/X (sky130_fd_sc_hd__buf_1)
                                         _0327_ (net)
                  0.14    0.00    5.14 v _1049_/B (sky130_fd_sc_hd__nor3_2)
     3    0.02    0.33    0.36    5.50 ^ _1049_/Y (sky130_fd_sc_hd__nor3_2)
                                         _0329_ (net)
                  0.33    0.00    5.50 ^ _1057_/A (sky130_fd_sc_hd__and3_2)
     1    0.00    0.04    0.25    5.74 ^ _1057_/X (sky130_fd_sc_hd__and3_2)
                                         _0337_ (net)
                  0.04    0.00    5.74 ^ _1058_/A (sky130_fd_sc_hd__buf_1)
     8    0.04    0.46    0.39    6.13 ^ _1058_/X (sky130_fd_sc_hd__buf_1)
                                         _0338_ (net)
                  0.46    0.00    6.14 ^ _1065_/A (sky130_fd_sc_hd__and4_2)
     1    0.00    0.06    0.32    6.46 ^ _1065_/X (sky130_fd_sc_hd__and4_2)
                                         _0345_ (net)
                  0.06    0.00    6.46 ^ _1066_/A (sky130_fd_sc_hd__buf_1)
     6    0.03    0.32    0.29    6.74 ^ _1066_/X (sky130_fd_sc_hd__buf_1)
                                         _0346_ (net)
                  0.32    0.00    6.75 ^ _1068_/B (sky130_fd_sc_hd__nand3b_2)
     8    0.03    0.20    0.25    7.00 v _1068_/Y (sky130_fd_sc_hd__nand3b_2)
                                         _0348_ (net)
                  0.20    0.00    7.00 v _1197_/B (sky130_fd_sc_hd__and3_2)
     3    0.01    0.05    0.29    7.29 v _1197_/X (sky130_fd_sc_hd__and3_2)
                                         _0477_ (net)
                  0.05    0.00    7.29 v _1203_/A (sky130_fd_sc_hd__or4_2)
     3    0.01    0.11    0.71    8.01 v _1203_/X (sky130_fd_sc_hd__or4_2)
                                         _0483_ (net)
                  0.11    0.00    8.01 v _1237_/A (sky130_fd_sc_hd__or4_2)
     1    0.00    0.10    0.70    8.71 v _1237_/X (sky130_fd_sc_hd__or4_2)
                                         _0517_ (net)
                  0.10    0.00    8.71 v _1248_/A2 (sky130_fd_sc_hd__o211a_2)
     4    0.02    0.07    0.31    9.02 v _1248_/X (sky130_fd_sc_hd__o211a_2)
                                         _0528_ (net)
                  0.07    0.00    9.02 v _1433_/B (sky130_fd_sc_hd__or2_2)
     2    0.01    0.07    0.31    9.34 v _1433_/X (sky130_fd_sc_hd__or2_2)
                                         _0709_ (net)
                  0.07    0.00    9.34 v _1434_/A1 (sky130_fd_sc_hd__a21oi_2)
     2    0.00    0.09    0.13    9.46 ^ _1434_/Y (sky130_fd_sc_hd__a21oi_2)
                                         _0710_ (net)
                  0.09    0.00    9.46 ^ _1435_/B (sky130_fd_sc_hd__and2_2)
     3    0.01    0.08    0.19    9.65 ^ _1435_/X (sky130_fd_sc_hd__and2_2)
                                         _0711_ (net)
                  0.08    0.00    9.65 ^ _1436_/C (sky130_fd_sc_hd__or3_2)
     1    0.00    0.03    0.11    9.76 ^ _1436_/X (sky130_fd_sc_hd__or3_2)
                                         _0712_ (net)
                  0.03    0.00    9.76 ^ _1447_/A2 (sky130_fd_sc_hd__a31o_2)
     2    0.05    0.27    0.32   10.09 ^ _1447_/X (sky130_fd_sc_hd__a31o_2)
                                         result[27] (net)
                  0.27    0.01   10.09 ^ result[27] (out)
                                 10.09   data arrival time

                  0.15   10.00   10.00   clock clk (rise edge)
                          0.00   10.00   clock network delay (ideal)
                         -0.25    9.75   clock uncertainty
                          0.00    9.75   clock reconvergence pessimism
                         -2.00    7.75   output external delay
                                  7.75   data required time
-----------------------------------------------------------------------------
                                  7.75   data required time
                                -10.09   data arrival time
-----------------------------------------------------------------------------
                                 -2.34   slack (VIOLATED)


Startpoint: control (input port clocked by clk)
Endpoint: result[26] (output port clocked by clk)
Path Group: clk
Path Type: max

Fanout     Cap    Slew   Delay    Time   Description
-----------------------------------------------------------------------------
                  0.15    0.00    0.00   clock clk (rise edge)
                          0.00    0.00   clock network delay (ideal)
                          2.00    2.00 v input external delay
     8    0.03    0.07    0.05    2.05 v control (in)
                                         control (net)
                  0.07    0.00    2.05 v _1008_/D (sky130_fd_sc_hd__and4b_2)
     2    0.01    0.05    0.26    2.31 v _1008_/X (sky130_fd_sc_hd__and4b_2)
                                         _0288_ (net)
                  0.05    0.00    2.31 v _1009_/A (sky130_fd_sc_hd__buf_1)
    10    0.03    0.18    0.22    2.54 v _1009_/X (sky130_fd_sc_hd__buf_1)
                                         _0289_ (net)
                  0.18    0.00    2.54 v _1036_/B (sky130_fd_sc_hd__and2_2)
     8    0.03    0.09    0.33    2.86 v _1036_/X (sky130_fd_sc_hd__and2_2)
                                         _0316_ (net)
                  0.09    0.00    2.86 v _1037_/B1 (sky130_fd_sc_hd__a211o_2)
     4    0.01    0.08    0.38    3.24 v _1037_/X (sky130_fd_sc_hd__a211o_2)
                                         _0317_ (net)
                  0.08    0.00    3.24 v _1038_/D (sky130_fd_sc_hd__or4_2)
     4    0.02    0.15    0.66    3.90 v _1038_/X (sky130_fd_sc_hd__or4_2)
                                         _0318_ (net)
                  0.15    0.00    3.90 v _1039_/C (sky130_fd_sc_hd__or3_2)
     5    0.02    0.13    0.55    4.45 v _1039_/X (sky130_fd_sc_hd__or3_2)
                                         _0319_ (net)
                  0.13    0.00    4.45 v _1046_/B (sky130_fd_sc_hd__or3_2)
     1    0.00    0.07    0.49    4.94 v _1046_/X (sky130_fd_sc_hd__or3_2)
                                         _0326_ (net)
                  0.07    0.00    4.94 v _1047_/A (sky130_fd_sc_hd__buf_1)
     7    0.02    0.14    0.20    5.14 v _1047_/X (sky130_fd_sc_hd__buf_1)
                                         _0327_ (net)
                  0.14    0.00    5.14 v _1049_/B (sky130_fd_sc_hd__nor3_2)
     3    0.02    0.33    0.36    5.50 ^ _1049_/Y (sky130_fd_sc_hd__nor3_2)
                                         _0329_ (net)
                  0.33    0.00    5.50 ^ _1057_/A (sky130_fd_sc_hd__and3_2)
     1    0.00    0.04    0.25    5.74 ^ _1057_/X (sky130_fd_sc_hd__and3_2)
                                         _0337_ (net)
                  0.04    0.00    5.74 ^ _1058_/A (sky130_fd_sc_hd__buf_1)
     8    0.04    0.46    0.39    6.13 ^ _1058_/X (sky130_fd_sc_hd__buf_1)
                                         _0338_ (net)
                  0.46    0.00    6.14 ^ _1065_/A (sky130_fd_sc_hd__and4_2)
     1    0.00    0.06    0.32    6.46 ^ _1065_/X (sky130_fd_sc_hd__and4_2)
                                         _0345_ (net)
                  0.06    0.00    6.46 ^ _1066_/A (sky130_fd_sc_hd__buf_1)
     6    0.03    0.32    0.29    6.74 ^ _1066_/X (sky130_fd_sc_hd__buf_1)
                                         _0346_ (net)
                  0.32    0.00    6.75 ^ _1068_/B (sky130_fd_sc_hd__nand3b_2)
     8    0.03    0.20    0.25    7.00 v _1068_/Y (sky130_fd_sc_hd__nand3b_2)
                                         _0348_ (net)
                  0.20    0.00    7.00 v _1197_/B (sky130_fd_sc_hd__and3_2)
     3    0.01    0.05    0.29    7.29 v _1197_/X (sky130_fd_sc_hd__and3_2)
                                         _0477_ (net)
                  0.05    0.00    7.29 v _1203_/A (sky130_fd_sc_hd__or4_2)
     3    0.01    0.11    0.71    8.01 v _1203_/X (sky130_fd_sc_hd__or4_2)
                                         _0483_ (net)
                  0.11    0.00    8.01 v _1237_/A (sky130_fd_sc_hd__or4_2)
     1    0.00    0.10    0.70    8.71 v _1237_/X (sky130_fd_sc_hd__or4_2)
                                         _0517_ (net)
                  0.10    0.00    8.71 v _1248_/A2 (sky130_fd_sc_hd__o211a_2)
     4    0.02    0.07    0.31    9.02 v _1248_/X (sky130_fd_sc_hd__o211a_2)
                                         _0528_ (net)
                  0.07    0.00    9.02 v _1433_/B (sky130_fd_sc_hd__or2_2)
     2    0.01    0.07    0.31    9.34 v _1433_/X (sky130_fd_sc_hd__or2_2)
                                         _0709_ (net)
                  0.07    0.00    9.34 v _1434_/A1 (sky130_fd_sc_hd__a21oi_2)
     2    0.00    0.09    0.13    9.46 ^ _1434_/Y (sky130_fd_sc_hd__a21oi_2)
                                         _0710_ (net)
                  0.09    0.00    9.46 ^ _1435_/B (sky130_fd_sc_hd__and2_2)
     3    0.01    0.08    0.19    9.65 ^ _1435_/X (sky130_fd_sc_hd__and2_2)
                                         _0711_ (net)
                  0.08    0.00    9.65 ^ _1449_/B (sky130_fd_sc_hd__nor2_2)
     1    0.00    0.06    0.04    9.69 v _1449_/Y (sky130_fd_sc_hd__nor2_2)
                                         _0724_ (net)
                  0.06    0.00    9.69 v _1458_/A2 (sky130_fd_sc_hd__a21o_2)
     2    0.05    0.13    0.33   10.02 v _1458_/X (sky130_fd_sc_hd__a21o_2)
                                         result[26] (net)
                  0.13    0.01   10.02 v result[26] (out)
                                 10.02   data arrival time

                  0.15   10.00   10.00   clock clk (rise edge)
                          0.00   10.00   clock network delay (ideal)
                         -0.25    9.75   clock uncertainty
                          0.00    9.75   clock reconvergence pessimism
                         -2.00    7.75   output external delay
                                  7.75   data required time
-----------------------------------------------------------------------------
                                  7.75   data required time
                                -10.02   data arrival time
-----------------------------------------------------------------------------
                                 -2.27   slack (VIOLATED)


Startpoint: control (input port clocked by clk)
Endpoint: result[24] (output port clocked by clk)
Path Group: clk
Path Type: max

Fanout     Cap    Slew   Delay    Time   Description
-----------------------------------------------------------------------------
                  0.15    0.00    0.00   clock clk (rise edge)
                          0.00    0.00   clock network delay (ideal)
                          2.00    2.00 v input external delay
     8    0.03    0.07    0.05    2.05 v control (in)
                                         control (net)
                  0.07    0.00    2.05 v _1008_/D (sky130_fd_sc_hd__and4b_2)
     2    0.01    0.05    0.26    2.31 v _1008_/X (sky130_fd_sc_hd__and4b_2)
                                         _0288_ (net)
                  0.05    0.00    2.31 v _1009_/A (sky130_fd_sc_hd__buf_1)
    10    0.03    0.18    0.22    2.54 v _1009_/X (sky130_fd_sc_hd__buf_1)
                                         _0289_ (net)
                  0.18    0.00    2.54 v _1036_/B (sky130_fd_sc_hd__and2_2)
     8    0.03    0.09    0.33    2.86 v _1036_/X (sky130_fd_sc_hd__and2_2)
                                         _0316_ (net)
                  0.09    0.00    2.86 v _1037_/B1 (sky130_fd_sc_hd__a211o_2)
     4    0.01    0.08    0.38    3.24 v _1037_/X (sky130_fd_sc_hd__a211o_2)
                                         _0317_ (net)
                  0.08    0.00    3.24 v _1038_/D (sky130_fd_sc_hd__or4_2)
     4    0.02    0.15    0.66    3.90 v _1038_/X (sky130_fd_sc_hd__or4_2)
                                         _0318_ (net)
                  0.15    0.00    3.90 v _1039_/C (sky130_fd_sc_hd__or3_2)
     5    0.02    0.13    0.55    4.45 v _1039_/X (sky130_fd_sc_hd__or3_2)
                                         _0319_ (net)
                  0.13    0.00    4.45 v _1046_/B (sky130_fd_sc_hd__or3_2)
     1    0.00    0.07    0.49    4.94 v _1046_/X (sky130_fd_sc_hd__or3_2)
                                         _0326_ (net)
                  0.07    0.00    4.94 v _1047_/A (sky130_fd_sc_hd__buf_1)
     7    0.02    0.14    0.20    5.14 v _1047_/X (sky130_fd_sc_hd__buf_1)
                                         _0327_ (net)
                  0.14    0.00    5.14 v _1049_/B (sky130_fd_sc_hd__nor3_2)
     3    0.02    0.33    0.36    5.50 ^ _1049_/Y (sky130_fd_sc_hd__nor3_2)
                                         _0329_ (net)
                  0.33    0.00    5.50 ^ _1057_/A (sky130_fd_sc_hd__and3_2)
     1    0.00    0.04    0.25    5.74 ^ _1057_/X (sky130_fd_sc_hd__and3_2)
                                         _0337_ (net)
                  0.04    0.00    5.74 ^ _1058_/A (sky130_fd_sc_hd__buf_1)
     8    0.04    0.46    0.39    6.13 ^ _1058_/X (sky130_fd_sc_hd__buf_1)
                                         _0338_ (net)
                  0.46    0.00    6.14 ^ _1065_/A (sky130_fd_sc_hd__and4_2)
     1    0.00    0.06    0.32    6.46 ^ _1065_/X (sky130_fd_sc_hd__and4_2)
                                         _0345_ (net)
                  0.06    0.00    6.46 ^ _1066_/A (sky130_fd_sc_hd__buf_1)
     6    0.03    0.32    0.29    6.74 ^ _1066_/X (sky130_fd_sc_hd__buf_1)
                                         _0346_ (net)
                  0.32    0.00    6.75 ^ _1068_/B (sky130_fd_sc_hd__nand3b_2)
     8    0.03    0.20    0.25    7.00 v _1068_/Y (sky130_fd_sc_hd__nand3b_2)
                                         _0348_ (net)
                  0.20    0.00    7.00 v _1197_/B (sky130_fd_sc_hd__and3_2)
     3    0.01    0.05    0.29    7.29 v _1197_/X (sky130_fd_sc_hd__and3_2)
                                         _0477_ (net)
                  0.05    0.00    7.29 v _1203_/A (sky130_fd_sc_hd__or4_2)
     3    0.01    0.11    0.71    8.01 v _1203_/X (sky130_fd_sc_hd__or4_2)
                                         _0483_ (net)
                  0.11    0.00    8.01 v _1237_/A (sky130_fd_sc_hd__or4_2)
     1    0.00    0.10    0.70    8.71 v _1237_/X (sky130_fd_sc_hd__or4_2)
                                         _0517_ (net)
                  0.10    0.00    8.71 v _1248_/A2 (sky130_fd_sc_hd__o211a_2)
     4    0.02    0.07    0.31    9.02 v _1248_/X (sky130_fd_sc_hd__o211a_2)
                                         _0528_ (net)
                  0.07    0.00    9.02 v _1433_/B (sky130_fd_sc_hd__or2_2)
     2    0.01    0.07    0.31    9.34 v _1433_/X (sky130_fd_sc_hd__or2_2)
                                         _0709_ (net)
                  0.07    0.00    9.34 v _1480_/A1 (sky130_fd_sc_hd__a31o_2)
     2    0.05    0.13    0.32    9.65 v _1480_/X (sky130_fd_sc_hd__a31o_2)
                                         result[24] (net)
                  0.13    0.01    9.66 v result[24] (out)
                                  9.66   data arrival time

                  0.15   10.00   10.00   clock clk (rise edge)
                          0.00   10.00   clock network delay (ideal)
                         -0.25    9.75   clock uncertainty
                          0.00    9.75   clock reconvergence pessimism
                         -2.00    7.75   output external delay
                                  7.75   data required time
-----------------------------------------------------------------------------
                                  7.75   data required time
                                 -9.66   data arrival time
-----------------------------------------------------------------------------
                                 -1.91   slack (VIOLATED)


Startpoint: control (input port clocked by clk)
Endpoint: result[25] (output port clocked by clk)
Path Group: clk
Path Type: max

Fanout     Cap    Slew   Delay    Time   Description
-----------------------------------------------------------------------------
                  0.15    0.00    0.00   clock clk (rise edge)
                          0.00    0.00   clock network delay (ideal)
                          2.00    2.00 v input external delay
     8    0.03    0.07    0.05    2.05 v control (in)
                                         control (net)
                  0.07    0.00    2.05 v _1008_/D (sky130_fd_sc_hd__and4b_2)
     2    0.01    0.05    0.26    2.31 v _1008_/X (sky130_fd_sc_hd__and4b_2)
                                         _0288_ (net)
                  0.05    0.00    2.31 v _1009_/A (sky130_fd_sc_hd__buf_1)
    10    0.03    0.18    0.22    2.54 v _1009_/X (sky130_fd_sc_hd__buf_1)
                                         _0289_ (net)
                  0.18    0.00    2.54 v _1036_/B (sky130_fd_sc_hd__and2_2)
     8    0.03    0.09    0.33    2.86 v _1036_/X (sky130_fd_sc_hd__and2_2)
                                         _0316_ (net)
                  0.09    0.00    2.86 v _1037_/B1 (sky130_fd_sc_hd__a211o_2)
     4    0.01    0.08    0.38    3.24 v _1037_/X (sky130_fd_sc_hd__a211o_2)
                                         _0317_ (net)
                  0.08    0.00    3.24 v _1038_/D (sky130_fd_sc_hd__or4_2)
     4    0.02    0.15    0.66    3.90 v _1038_/X (sky130_fd_sc_hd__or4_2)
                                         _0318_ (net)
                  0.15    0.00    3.90 v _1039_/C (sky130_fd_sc_hd__or3_2)
     5    0.02    0.13    0.55    4.45 v _1039_/X (sky130_fd_sc_hd__or3_2)
                                         _0319_ (net)
                  0.13    0.00    4.45 v _1046_/B (sky130_fd_sc_hd__or3_2)
     1    0.00    0.07    0.49    4.94 v _1046_/X (sky130_fd_sc_hd__or3_2)
                                         _0326_ (net)
                  0.07    0.00    4.94 v _1047_/A (sky130_fd_sc_hd__buf_1)
     7    0.02    0.14    0.20    5.14 v _1047_/X (sky130_fd_sc_hd__buf_1)
                                         _0327_ (net)
                  0.14    0.00    5.14 v _1049_/B (sky130_fd_sc_hd__nor3_2)
     3    0.02    0.33    0.36    5.50 ^ _1049_/Y (sky130_fd_sc_hd__nor3_2)
                                         _0329_ (net)
                  0.33    0.00    5.50 ^ _1057_/A (sky130_fd_sc_hd__and3_2)
     1    0.00    0.04    0.25    5.74 ^ _1057_/X (sky130_fd_sc_hd__and3_2)
                                         _0337_ (net)
                  0.04    0.00    5.74 ^ _1058_/A (sky130_fd_sc_hd__buf_1)
     8    0.04    0.46    0.39    6.13 ^ _1058_/X (sky130_fd_sc_hd__buf_1)
                                         _0338_ (net)
                  0.46    0.00    6.14 ^ _1065_/A (sky130_fd_sc_hd__and4_2)
     1    0.00    0.06    0.32    6.46 ^ _1065_/X (sky130_fd_sc_hd__and4_2)
                                         _0345_ (net)
                  0.06    0.00    6.46 ^ _1066_/A (sky130_fd_sc_hd__buf_1)
     6    0.03    0.32    0.29    6.74 ^ _1066_/X (sky130_fd_sc_hd__buf_1)
                                         _0346_ (net)
                  0.32    0.00    6.75 ^ _1068_/B (sky130_fd_sc_hd__nand3b_2)
     8    0.03    0.20    0.25    7.00 v _1068_/Y (sky130_fd_sc_hd__nand3b_2)
                                         _0348_ (net)
                  0.20    0.00    7.00 v _1197_/B (sky130_fd_sc_hd__and3_2)
     3    0.01    0.05    0.29    7.29 v _1197_/X (sky130_fd_sc_hd__and3_2)
                                         _0477_ (net)
                  0.05    0.00    7.29 v _1203_/A (sky130_fd_sc_hd__or4_2)
     3    0.01    0.11    0.71    8.01 v _1203_/X (sky130_fd_sc_hd__or4_2)
                                         _0483_ (net)
                  0.11    0.00    8.01 v _1237_/A (sky130_fd_sc_hd__or4_2)
     1    0.00    0.10    0.70    8.71 v _1237_/X (sky130_fd_sc_hd__or4_2)
                                         _0517_ (net)
                  0.10    0.00    8.71 v _1248_/A2 (sky130_fd_sc_hd__o211a_2)
     4    0.02    0.07    0.31    9.02 v _1248_/X (sky130_fd_sc_hd__o211a_2)
                                         _0528_ (net)
                  0.07    0.00    9.02 v _1459_/B (sky130_fd_sc_hd__nor2_2)
     2    0.01    0.10    0.11    9.14 ^ _1459_/Y (sky130_fd_sc_hd__nor2_2)
                                         _0733_ (net)
                  0.10    0.00    9.14 ^ _1460_/B (sky130_fd_sc_hd__or3b_2)
     1    0.00    0.03    0.13    9.26 ^ _1460_/X (sky130_fd_sc_hd__or3b_2)
                                         _0734_ (net)
                  0.03    0.00    9.26 ^ _1470_/A2 (sky130_fd_sc_hd__a31o_2)
     2    0.05    0.27    0.32    9.58 ^ _1470_/X (sky130_fd_sc_hd__a31o_2)
                                         result[25] (net)
                  0.27    0.01    9.59 ^ result[25] (out)
                                  9.59   data arrival time

                  0.15   10.00   10.00   clock clk (rise edge)
                          0.00   10.00   clock network delay (ideal)
                         -0.25    9.75   clock uncertainty
                          0.00    9.75   clock reconvergence pessimism
                         -2.00    7.75   output external delay
                                  7.75   data required time
-----------------------------------------------------------------------------
                                  7.75   data required time
                                 -9.59   data arrival time
-----------------------------------------------------------------------------
                                 -1.84   slack (VIOLATED)


Startpoint: control (input port clocked by clk)
Endpoint: _2051_ (rising edge-triggered flip-flop clocked by clk)
Path Group: clk
Path Type: max

Fanout     Cap    Slew   Delay    Time   Description
-----------------------------------------------------------------------------
                  0.15    0.00    0.00   clock clk (rise edge)
                          0.00    0.00   clock network delay (ideal)
                          2.00    2.00 v input external delay
     8    0.03    0.07    0.05    2.05 v control (in)
                                         control (net)
                  0.07    0.00    2.05 v _1008_/D (sky130_fd_sc_hd__and4b_2)
     2    0.01    0.05    0.26    2.31 v _1008_/X (sky130_fd_sc_hd__and4b_2)
                                         _0288_ (net)
                  0.05    0.00    2.31 v _1009_/A (sky130_fd_sc_hd__buf_1)
    10    0.03    0.18    0.22    2.54 v _1009_/X (sky130_fd_sc_hd__buf_1)
                                         _0289_ (net)
                  0.18    0.00    2.54 v _1036_/B (sky130_fd_sc_hd__and2_2)
     8    0.03    0.09    0.33    2.86 v _1036_/X (sky130_fd_sc_hd__and2_2)
                                         _0316_ (net)
                  0.09    0.00    2.86 v _1037_/B1 (sky130_fd_sc_hd__a211o_2)
     4    0.01    0.08    0.38    3.24 v _1037_/X (sky130_fd_sc_hd__a211o_2)
                                         _0317_ (net)
                  0.08    0.00    3.24 v _1038_/D (sky130_fd_sc_hd__or4_2)
     4    0.02    0.15    0.66    3.90 v _1038_/X (sky130_fd_sc_hd__or4_2)
                                         _0318_ (net)
                  0.15    0.00    3.90 v _1039_/C (sky130_fd_sc_hd__or3_2)
     5    0.02    0.13    0.55    4.45 v _1039_/X (sky130_fd_sc_hd__or3_2)
                                         _0319_ (net)
                  0.13    0.00    4.45 v _1046_/B (sky130_fd_sc_hd__or3_2)
     1    0.00    0.07    0.49    4.94 v _1046_/X (sky130_fd_sc_hd__or3_2)
                                         _0326_ (net)
                  0.07    0.00    4.94 v _1047_/A (sky130_fd_sc_hd__buf_1)
     7    0.02    0.14    0.20    5.14 v _1047_/X (sky130_fd_sc_hd__buf_1)
                                         _0327_ (net)
                  0.14    0.00    5.14 v _1049_/B (sky130_fd_sc_hd__nor3_2)
     3    0.02    0.33    0.36    5.50 ^ _1049_/Y (sky130_fd_sc_hd__nor3_2)
                                         _0329_ (net)
                  0.33    0.00    5.50 ^ _1057_/A (sky130_fd_sc_hd__and3_2)
     1    0.00    0.04    0.25    5.74 ^ _1057_/X (sky130_fd_sc_hd__and3_2)
                                         _0337_ (net)
                  0.04    0.00    5.74 ^ _1058_/A (sky130_fd_sc_hd__buf_1)
     8    0.04    0.46    0.39    6.13 ^ _1058_/X (sky130_fd_sc_hd__buf_1)
                                         _0338_ (net)
                  0.46    0.00    6.14 ^ _1065_/A (sky130_fd_sc_hd__and4_2)
     1    0.00    0.06    0.32    6.46 ^ _1065_/X (sky130_fd_sc_hd__and4_2)
                                         _0345_ (net)
                  0.06    0.00    6.46 ^ _1066_/A (sky130_fd_sc_hd__buf_1)
     6    0.03    0.32    0.29    6.74 ^ _1066_/X (sky130_fd_sc_hd__buf_1)
                                         _0346_ (net)
                  0.32    0.00    6.75 ^ _1068_/B (sky130_fd_sc_hd__nand3b_2)
     8    0.03    0.20    0.25    7.00 v _1068_/Y (sky130_fd_sc_hd__nand3b_2)
                                         _0348_ (net)
                  0.20    0.00    7.00 v _1197_/B (sky130_fd_sc_hd__and3_2)
     3    0.01    0.05    0.29    7.29 v _1197_/X (sky130_fd_sc_hd__and3_2)
                                         _0477_ (net)
                  0.05    0.00    7.29 v _1203_/A (sky130_fd_sc_hd__or4_2)
     3    0.01    0.11    0.71    8.01 v _1203_/X (sky130_fd_sc_hd__or4_2)
                                         _0483_ (net)
                  0.11    0.00    8.01 v _1237_/A (sky130_fd_sc_hd__or4_2)
     1    0.00    0.10    0.70    8.71 v _1237_/X (sky130_fd_sc_hd__or4_2)
                                         _0517_ (net)
                  0.10    0.00    8.71 v _1248_/A2 (sky130_fd_sc_hd__o211a_2)
     4    0.02    0.07    0.31    9.02 v _1248_/X (sky130_fd_sc_hd__o211a_2)
                                         _0528_ (net)
                  0.07    0.00    9.02 v _1263_/B (sky130_fd_sc_hd__or4_2)
     2    0.01    0.11    0.70    9.72 v _1263_/X (sky130_fd_sc_hd__or4_2)
                                         _0543_ (net)
                  0.11    0.00    9.72 v _1388_/A (sky130_fd_sc_hd__and2_2)
     2    0.01    0.05    0.22    9.94 v _1388_/X (sky130_fd_sc_hd__and2_2)
                                         _0666_ (net)
                  0.05    0.00    9.94 v _1389_/A (sky130_fd_sc_hd__or2_2)
     3    0.01    0.07    0.33   10.27 v _1389_/X (sky130_fd_sc_hd__or2_2)
                                         _0667_ (net)
                  0.07    0.00   10.27 v _1391_/A2 (sky130_fd_sc_hd__a21o_2)
     1    0.00    0.03    0.22   10.50 v _1391_/X (sky130_fd_sc_hd__a21o_2)
                                         _0669_ (net)
                  0.03    0.00   10.50 v _1410_/A3 (sky130_fd_sc_hd__a31o_2)
     2    0.05    0.13    0.35   10.85 v _1410_/X (sky130_fd_sc_hd__a31o_2)
                                         result[29] (net)
                  0.13    0.00   10.85 v _1738_/A1 (sky130_fd_sc_hd__mux2_2)
     1    0.00    0.05    0.30   11.15 v _1738_/X (sky130_fd_sc_hd__mux2_2)
                                         _0920_ (net)
                  0.05    0.00   11.15 v _1739_/A (sky130_fd_sc_hd__buf_1)
     1    0.00    0.02    0.09   11.24 v _1739_/X (sky130_fd_sc_hd__buf_1)
                                         _0192_ (net)
                  0.02    0.00   11.24 v _2051_/D (sky130_fd_sc_hd__dfrtp_2)
                                 11.24   data arrival time

                  0.15   10.00   10.00   clock clk (rise edge)
                          0.00   10.00   clock network delay (ideal)
                         -0.25    9.75   clock uncertainty
                          0.00    9.75   clock reconvergence pessimism
                                  9.75 ^ _2051_/CLK (sky130_fd_sc_hd__dfrtp_2)
                         -0.08    9.67   library setup time
                                  9.67   data required time
-----------------------------------------------------------------------------
                                  9.67   data required time
                                -11.24   data arrival time
-----------------------------------------------------------------------------
                                 -1.57   slack (VIOLATED)


Startpoint: control (input port clocked by clk)
Endpoint: _2052_ (rising edge-triggered flip-flop clocked by clk)
Path Group: clk
Path Type: max

Fanout     Cap    Slew   Delay    Time   Description
-----------------------------------------------------------------------------
                  0.15    0.00    0.00   clock clk (rise edge)
                          0.00    0.00   clock network delay (ideal)
                          2.00    2.00 v input external delay
     8    0.03    0.07    0.05    2.05 v control (in)
                                         control (net)
                  0.07    0.00    2.05 v _1008_/D (sky130_fd_sc_hd__and4b_2)
     2    0.01    0.05    0.26    2.31 v _1008_/X (sky130_fd_sc_hd__and4b_2)
                                         _0288_ (net)
                  0.05    0.00    2.31 v _1009_/A (sky130_fd_sc_hd__buf_1)
    10    0.03    0.18    0.22    2.54 v _1009_/X (sky130_fd_sc_hd__buf_1)
                                         _0289_ (net)
                  0.18    0.00    2.54 v _1036_/B (sky130_fd_sc_hd__and2_2)
     8    0.03    0.09    0.33    2.86 v _1036_/X (sky130_fd_sc_hd__and2_2)
                                         _0316_ (net)
                  0.09    0.00    2.86 v _1037_/B1 (sky130_fd_sc_hd__a211o_2)
     4    0.01    0.08    0.38    3.24 v _1037_/X (sky130_fd_sc_hd__a211o_2)
                                         _0317_ (net)
                  0.08    0.00    3.24 v _1038_/D (sky130_fd_sc_hd__or4_2)
     4    0.02    0.15    0.66    3.90 v _1038_/X (sky130_fd_sc_hd__or4_2)
                                         _0318_ (net)
                  0.15    0.00    3.90 v _1039_/C (sky130_fd_sc_hd__or3_2)
     5    0.02    0.13    0.55    4.45 v _1039_/X (sky130_fd_sc_hd__or3_2)
                                         _0319_ (net)
                  0.13    0.00    4.45 v _1046_/B (sky130_fd_sc_hd__or3_2)
     1    0.00    0.07    0.49    4.94 v _1046_/X (sky130_fd_sc_hd__or3_2)
                                         _0326_ (net)
                  0.07    0.00    4.94 v _1047_/A (sky130_fd_sc_hd__buf_1)
     7    0.02    0.14    0.20    5.14 v _1047_/X (sky130_fd_sc_hd__buf_1)
                                         _0327_ (net)
                  0.14    0.00    5.14 v _1049_/B (sky130_fd_sc_hd__nor3_2)
     3    0.02    0.33    0.36    5.50 ^ _1049_/Y (sky130_fd_sc_hd__nor3_2)
                                         _0329_ (net)
                  0.33    0.00    5.50 ^ _1057_/A (sky130_fd_sc_hd__and3_2)
     1    0.00    0.04    0.25    5.74 ^ _1057_/X (sky130_fd_sc_hd__and3_2)
                                         _0337_ (net)
                  0.04    0.00    5.74 ^ _1058_/A (sky130_fd_sc_hd__buf_1)
     8    0.04    0.46    0.39    6.13 ^ _1058_/X (sky130_fd_sc_hd__buf_1)
                                         _0338_ (net)
                  0.46    0.00    6.14 ^ _1065_/A (sky130_fd_sc_hd__and4_2)
     1    0.00    0.06    0.32    6.46 ^ _1065_/X (sky130_fd_sc_hd__and4_2)
                                         _0345_ (net)
                  0.06    0.00    6.46 ^ _1066_/A (sky130_fd_sc_hd__buf_1)
     6    0.03    0.32    0.29    6.74 ^ _1066_/X (sky130_fd_sc_hd__buf_1)
                                         _0346_ (net)
                  0.32    0.00    6.75 ^ _1068_/B (sky130_fd_sc_hd__nand3b_2)
     8    0.03    0.20    0.25    7.00 v _1068_/Y (sky130_fd_sc_hd__nand3b_2)
                                         _0348_ (net)
                  0.20    0.00    7.00 v _1197_/B (sky130_fd_sc_hd__and3_2)
     3    0.01    0.05    0.29    7.29 v _1197_/X (sky130_fd_sc_hd__and3_2)
                                         _0477_ (net)
                  0.05    0.00    7.29 v _1203_/A (sky130_fd_sc_hd__or4_2)
     3    0.01    0.11    0.71    8.01 v _1203_/X (sky130_fd_sc_hd__or4_2)
                                         _0483_ (net)
                  0.11    0.00    8.01 v _1237_/A (sky130_fd_sc_hd__or4_2)
     1    0.00    0.10    0.70    8.71 v _1237_/X (sky130_fd_sc_hd__or4_2)
                                         _0517_ (net)
                  0.10    0.00    8.71 v _1248_/A2 (sky130_fd_sc_hd__o211a_2)
     4    0.02    0.07    0.31    9.02 v _1248_/X (sky130_fd_sc_hd__o211a_2)
                                         _0528_ (net)
                  0.07    0.00    9.02 v _1263_/B (sky130_fd_sc_hd__or4_2)
     2    0.01    0.11    0.70    9.72 v _1263_/X (sky130_fd_sc_hd__or4_2)
                                         _0543_ (net)
                  0.11    0.00    9.72 v _1280_/A1 (sky130_fd_sc_hd__a211o_2)
     2    0.01    0.06    0.35   10.07 v _1280_/X (sky130_fd_sc_hd__a211o_2)
                                         _0560_ (net)
                  0.06    0.00   10.07 v _1350_/A1 (sky130_fd_sc_hd__a31o_2)
     1    0.00    0.04    0.22   10.29 v _1350_/X (sky130_fd_sc_hd__a31o_2)
                                         _0629_ (net)
                  0.04    0.00   10.29 v _1386_/A2 (sky130_fd_sc_hd__o21bai_2)
     2    0.05    0.53    0.45   10.74 ^ _1386_/Y (sky130_fd_sc_hd__o21bai_2)
                                         result[30] (net)
                  0.53    0.00   10.74 ^ _1736_/A1 (sky130_fd_sc_hd__mux2_2)
     1    0.00    0.05    0.26   11.00 ^ _1736_/X (sky130_fd_sc_hd__mux2_2)
                                         _0919_ (net)
                  0.05    0.00   11.00 ^ _1737_/A (sky130_fd_sc_hd__buf_1)
     1    0.00    0.04    0.08   11.09 ^ _1737_/X (sky130_fd_sc_hd__buf_1)
                                         _0193_ (net)
                  0.04    0.00   11.09 ^ _2052_/D (sky130_fd_sc_hd__dfrtp_2)
                                 11.09   data arrival time

                  0.15   10.00   10.00   clock clk (rise edge)
                          0.00   10.00   clock network delay (ideal)
                         -0.25    9.75   clock uncertainty
                          0.00    9.75   clock reconvergence pessimism
                                  9.75 ^ _2052_/CLK (sky130_fd_sc_hd__dfrtp_2)
                         -0.05    9.70   library setup time
                                  9.70   data required time
-----------------------------------------------------------------------------
                                  9.70   data required time
                                -11.09   data arrival time
-----------------------------------------------------------------------------
                                 -1.38   slack (VIOLATED)


Startpoint: control (input port clocked by clk)
Endpoint: _2053_ (rising edge-triggered flip-flop clocked by clk)
Path Group: clk
Path Type: max

Fanout     Cap    Slew   Delay    Time   Description
-----------------------------------------------------------------------------
                  0.15    0.00    0.00   clock clk (rise edge)
                          0.00    0.00   clock network delay (ideal)
                          2.00    2.00 v input external delay
     8    0.03    0.07    0.05    2.05 v control (in)
                                         control (net)
                  0.07    0.00    2.05 v _1008_/D (sky130_fd_sc_hd__and4b_2)
     2    0.01    0.05    0.26    2.31 v _1008_/X (sky130_fd_sc_hd__and4b_2)
                                         _0288_ (net)
                  0.05    0.00    2.31 v _1009_/A (sky130_fd_sc_hd__buf_1)
    10    0.03    0.18    0.22    2.54 v _1009_/X (sky130_fd_sc_hd__buf_1)
                                         _0289_ (net)
                  0.18    0.00    2.54 v _1036_/B (sky130_fd_sc_hd__and2_2)
     8    0.03    0.09    0.33    2.86 v _1036_/X (sky130_fd_sc_hd__and2_2)
                                         _0316_ (net)
                  0.09    0.00    2.86 v _1037_/B1 (sky130_fd_sc_hd__a211o_2)
     4    0.01    0.08    0.38    3.24 v _1037_/X (sky130_fd_sc_hd__a211o_2)
                                         _0317_ (net)
                  0.08    0.00    3.24 v _1038_/D (sky130_fd_sc_hd__or4_2)
     4    0.02    0.15    0.66    3.90 v _1038_/X (sky130_fd_sc_hd__or4_2)
                                         _0318_ (net)
                  0.15    0.00    3.90 v _1039_/C (sky130_fd_sc_hd__or3_2)
     5    0.02    0.13    0.55    4.45 v _1039_/X (sky130_fd_sc_hd__or3_2)
                                         _0319_ (net)
                  0.13    0.00    4.45 v _1046_/B (sky130_fd_sc_hd__or3_2)
     1    0.00    0.07    0.49    4.94 v _1046_/X (sky130_fd_sc_hd__or3_2)
                                         _0326_ (net)
                  0.07    0.00    4.94 v _1047_/A (sky130_fd_sc_hd__buf_1)
     7    0.02    0.14    0.20    5.14 v _1047_/X (sky130_fd_sc_hd__buf_1)
                                         _0327_ (net)
                  0.14    0.00    5.14 v _1049_/B (sky130_fd_sc_hd__nor3_2)
     3    0.02    0.33    0.36    5.50 ^ _1049_/Y (sky130_fd_sc_hd__nor3_2)
                                         _0329_ (net)
                  0.33    0.00    5.50 ^ _1057_/A (sky130_fd_sc_hd__and3_2)
     1    0.00    0.04    0.25    5.74 ^ _1057_/X (sky130_fd_sc_hd__and3_2)
                                         _0337_ (net)
                  0.04    0.00    5.74 ^ _1058_/A (sky130_fd_sc_hd__buf_1)
     8    0.04    0.46    0.39    6.13 ^ _1058_/X (sky130_fd_sc_hd__buf_1)
                                         _0338_ (net)
                  0.46    0.00    6.14 ^ _1065_/A (sky130_fd_sc_hd__and4_2)
     1    0.00    0.06    0.32    6.46 ^ _1065_/X (sky130_fd_sc_hd__and4_2)
                                         _0345_ (net)
                  0.06    0.00    6.46 ^ _1066_/A (sky130_fd_sc_hd__buf_1)
     6    0.03    0.32    0.29    6.74 ^ _1066_/X (sky130_fd_sc_hd__buf_1)
                                         _0346_ (net)
                  0.32    0.00    6.75 ^ _1068_/B (sky130_fd_sc_hd__nand3b_2)
     8    0.03    0.20    0.25    7.00 v _1068_/Y (sky130_fd_sc_hd__nand3b_2)
                                         _0348_ (net)
                  0.20    0.00    7.00 v _1197_/B (sky130_fd_sc_hd__and3_2)
     3    0.01    0.05    0.29    7.29 v _1197_/X (sky130_fd_sc_hd__and3_2)
                                         _0477_ (net)
                  0.05    0.00    7.29 v _1203_/A (sky130_fd_sc_hd__or4_2)
     3    0.01    0.11    0.71    8.01 v _1203_/X (sky130_fd_sc_hd__or4_2)
                                         _0483_ (net)
                  0.11    0.00    8.01 v _1237_/A (sky130_fd_sc_hd__or4_2)
     1    0.00    0.10    0.70    8.71 v _1237_/X (sky130_fd_sc_hd__or4_2)
                                         _0517_ (net)
                  0.10    0.00    8.71 v _1248_/A2 (sky130_fd_sc_hd__o211a_2)
     4    0.02    0.07    0.31    9.02 v _1248_/X (sky130_fd_sc_hd__o211a_2)
                                         _0528_ (net)
                  0.07    0.00    9.02 v _1263_/B (sky130_fd_sc_hd__or4_2)
     2    0.01    0.11    0.70    9.72 v _1263_/X (sky130_fd_sc_hd__or4_2)
                                         _0543_ (net)
                  0.11    0.00    9.72 v _1280_/A1 (sky130_fd_sc_hd__a211o_2)
     2    0.01    0.06    0.35   10.07 v _1280_/X (sky130_fd_sc_hd__a211o_2)
                                         _0560_ (net)
                  0.06    0.00   10.07 v _1283_/A1 (sky130_fd_sc_hd__a21oi_2)
     3    0.01    0.18    0.20   10.27 ^ _1283_/Y (sky130_fd_sc_hd__a21oi_2)
                                         _0563_ (net)
                  0.18    0.00   10.27 ^ _1288_/A2 (sky130_fd_sc_hd__o21ai_2)
     1    0.00    0.04    0.07   10.34 v _1288_/Y (sky130_fd_sc_hd__o21ai_2)
                                         _0568_ (net)
                  0.04    0.00   10.34 v _1348_/A1 (sky130_fd_sc_hd__a31o_2)
     2    0.05    0.13    0.31   10.65 v _1348_/X (sky130_fd_sc_hd__a31o_2)
                                         result[31] (net)
                  0.13    0.00   10.65 v _1734_/A1 (sky130_fd_sc_hd__mux2_2)
     1    0.00    0.05    0.30   10.95 v _1734_/X (sky130_fd_sc_hd__mux2_2)
                                         _0918_ (net)
                  0.05    0.00   10.95 v _1735_/A (sky130_fd_sc_hd__buf_1)
     1    0.00    0.02    0.09   11.04 v _1735_/X (sky130_fd_sc_hd__buf_1)
                                         _0194_ (net)
                  0.02    0.00   11.04 v _2053_/D (sky130_fd_sc_hd__dfrtp_2)
                                 11.04   data arrival time

                  0.15   10.00   10.00   clock clk (rise edge)
                          0.00   10.00   clock network delay (ideal)
                         -0.25    9.75   clock uncertainty
                          0.00    9.75   clock reconvergence pessimism
                                  9.75 ^ _2053_/CLK (sky130_fd_sc_hd__dfrtp_2)
                         -0.08    9.67   library setup time
                                  9.67   data required time
-----------------------------------------------------------------------------
                                  9.67   data required time
                                -11.04   data arrival time
-----------------------------------------------------------------------------
                                 -1.37   slack (VIOLATED)


Startpoint: control (input port clocked by clk)
Endpoint: _2050_ (rising edge-triggered flip-flop clocked by clk)
Path Group: clk
Path Type: max

Fanout     Cap    Slew   Delay    Time   Description
-----------------------------------------------------------------------------
                  0.15    0.00    0.00   clock clk (rise edge)
                          0.00    0.00   clock network delay (ideal)
                          2.00    2.00 v input external delay
     8    0.03    0.07    0.05    2.05 v control (in)
                                         control (net)
                  0.07    0.00    2.05 v _1008_/D (sky130_fd_sc_hd__and4b_2)
     2    0.01    0.05    0.26    2.31 v _1008_/X (sky130_fd_sc_hd__and4b_2)
                                         _0288_ (net)
                  0.05    0.00    2.31 v _1009_/A (sky130_fd_sc_hd__buf_1)
    10    0.03    0.18    0.22    2.54 v _1009_/X (sky130_fd_sc_hd__buf_1)
                                         _0289_ (net)
                  0.18    0.00    2.54 v _1036_/B (sky130_fd_sc_hd__and2_2)
     8    0.03    0.09    0.33    2.86 v _1036_/X (sky130_fd_sc_hd__and2_2)
                                         _0316_ (net)
                  0.09    0.00    2.86 v _1037_/B1 (sky130_fd_sc_hd__a211o_2)
     4    0.01    0.08    0.38    3.24 v _1037_/X (sky130_fd_sc_hd__a211o_2)
                                         _0317_ (net)
                  0.08    0.00    3.24 v _1038_/D (sky130_fd_sc_hd__or4_2)
     4    0.02    0.15    0.66    3.90 v _1038_/X (sky130_fd_sc_hd__or4_2)
                                         _0318_ (net)
                  0.15    0.00    3.90 v _1039_/C (sky130_fd_sc_hd__or3_2)
     5    0.02    0.13    0.55    4.45 v _1039_/X (sky130_fd_sc_hd__or3_2)
                                         _0319_ (net)
                  0.13    0.00    4.45 v _1046_/B (sky130_fd_sc_hd__or3_2)
     1    0.00    0.07    0.49    4.94 v _1046_/X (sky130_fd_sc_hd__or3_2)
                                         _0326_ (net)
                  0.07    0.00    4.94 v _1047_/A (sky130_fd_sc_hd__buf_1)
     7    0.02    0.14    0.20    5.14 v _1047_/X (sky130_fd_sc_hd__buf_1)
                                         _0327_ (net)
                  0.14    0.00    5.14 v _1049_/B (sky130_fd_sc_hd__nor3_2)
     3    0.02    0.33    0.36    5.50 ^ _1049_/Y (sky130_fd_sc_hd__nor3_2)
                                         _0329_ (net)
                  0.33    0.00    5.50 ^ _1057_/A (sky130_fd_sc_hd__and3_2)
     1    0.00    0.04    0.25    5.74 ^ _1057_/X (sky130_fd_sc_hd__and3_2)
                                         _0337_ (net)
                  0.04    0.00    5.74 ^ _1058_/A (sky130_fd_sc_hd__buf_1)
     8    0.04    0.46    0.39    6.13 ^ _1058_/X (sky130_fd_sc_hd__buf_1)
                                         _0338_ (net)
                  0.46    0.00    6.14 ^ _1065_/A (sky130_fd_sc_hd__and4_2)
     1    0.00    0.06    0.32    6.46 ^ _1065_/X (sky130_fd_sc_hd__and4_2)
                                         _0345_ (net)
                  0.06    0.00    6.46 ^ _1066_/A (sky130_fd_sc_hd__buf_1)
     6    0.03    0.32    0.29    6.74 ^ _1066_/X (sky130_fd_sc_hd__buf_1)
                                         _0346_ (net)
                  0.32    0.00    6.75 ^ _1068_/B (sky130_fd_sc_hd__nand3b_2)
     8    0.03    0.20    0.25    7.00 v _1068_/Y (sky130_fd_sc_hd__nand3b_2)
                                         _0348_ (net)
                  0.20    0.00    7.00 v _1197_/B (sky130_fd_sc_hd__and3_2)
     3    0.01    0.05    0.29    7.29 v _1197_/X (sky130_fd_sc_hd__and3_2)
                                         _0477_ (net)
                  0.05    0.00    7.29 v _1203_/A (sky130_fd_sc_hd__or4_2)
     3    0.01    0.11    0.71    8.01 v _1203_/X (sky130_fd_sc_hd__or4_2)
                                         _0483_ (net)
                  0.11    0.00    8.01 v _1237_/A (sky130_fd_sc_hd__or4_2)
     1    0.00    0.10    0.70    8.71 v _1237_/X (sky130_fd_sc_hd__or4_2)
                                         _0517_ (net)
                  0.10    0.00    8.71 v _1248_/A2 (sky130_fd_sc_hd__o211a_2)
     4    0.02    0.07    0.31    9.02 v _1248_/X (sky130_fd_sc_hd__o211a_2)
                                         _0528_ (net)
                  0.07    0.00    9.02 v _1263_/B (sky130_fd_sc_hd__or4_2)
     2    0.01    0.11    0.70    9.72 v _1263_/X (sky130_fd_sc_hd__or4_2)
                                         _0543_ (net)
                  0.11    0.00    9.72 v _1388_/A (sky130_fd_sc_hd__and2_2)
     2    0.01    0.05    0.22    9.94 v _1388_/X (sky130_fd_sc_hd__and2_2)
                                         _0666_ (net)
                  0.05    0.00    9.94 v _1389_/A (sky130_fd_sc_hd__or2_2)
     3    0.01    0.07    0.33   10.27 v _1389_/X (sky130_fd_sc_hd__or2_2)
                                         _0667_ (net)
                  0.07    0.00   10.27 v _1432_/A2 (sky130_fd_sc_hd__a31o_2)
     2    0.05    0.13    0.36   10.63 v _1432_/X (sky130_fd_sc_hd__a31o_2)
                                         result[28] (net)
                  0.13    0.00   10.63 v _1740_/A1 (sky130_fd_sc_hd__mux2_2)
     1    0.00    0.05    0.30   10.94 v _1740_/X (sky130_fd_sc_hd__mux2_2)
                                         _0921_ (net)
                  0.05    0.00   10.94 v _1741_/A (sky130_fd_sc_hd__buf_1)
     1    0.00    0.02    0.09   11.02 v _1741_/X (sky130_fd_sc_hd__buf_1)
                                         _0191_ (net)
                  0.02    0.00   11.02 v _2050_/D (sky130_fd_sc_hd__dfrtp_2)
                                 11.02   data arrival time

                  0.15   10.00   10.00   clock clk (rise edge)
                          0.00   10.00   clock network delay (ideal)
                         -0.25    9.75   clock uncertainty
                          0.00    9.75   clock reconvergence pessimism
                                  9.75 ^ _2050_/CLK (sky130_fd_sc_hd__dfrtp_2)
                         -0.08    9.67   library setup time
                                  9.67   data required time
-----------------------------------------------------------------------------
                                  9.67   data required time
                                -11.02   data arrival time
-----------------------------------------------------------------------------
                                 -1.36   slack (VIOLATED)


Startpoint: control (input port clocked by clk)
Endpoint: result[23] (output port clocked by clk)
Path Group: clk
Path Type: max

Fanout     Cap    Slew   Delay    Time   Description
-----------------------------------------------------------------------------
                  0.15    0.00    0.00   clock clk (rise edge)
                          0.00    0.00   clock network delay (ideal)
                          2.00    2.00 v input external delay
     8    0.03    0.07    0.05    2.05 v control (in)
                                         control (net)
                  0.07    0.00    2.05 v _1008_/D (sky130_fd_sc_hd__and4b_2)
     2    0.01    0.05    0.26    2.31 v _1008_/X (sky130_fd_sc_hd__and4b_2)
                                         _0288_ (net)
                  0.05    0.00    2.31 v _1009_/A (sky130_fd_sc_hd__buf_1)
    10    0.03    0.18    0.22    2.54 v _1009_/X (sky130_fd_sc_hd__buf_1)
                                         _0289_ (net)
                  0.18    0.00    2.54 v _1036_/B (sky130_fd_sc_hd__and2_2)
     8    0.03    0.09    0.33    2.86 v _1036_/X (sky130_fd_sc_hd__and2_2)
                                         _0316_ (net)
                  0.09    0.00    2.86 v _1037_/B1 (sky130_fd_sc_hd__a211o_2)
     4    0.01    0.08    0.38    3.24 v _1037_/X (sky130_fd_sc_hd__a211o_2)
                                         _0317_ (net)
                  0.08    0.00    3.24 v _1038_/D (sky130_fd_sc_hd__or4_2)
     4    0.02    0.15    0.66    3.90 v _1038_/X (sky130_fd_sc_hd__or4_2)
                                         _0318_ (net)
                  0.15    0.00    3.90 v _1039_/C (sky130_fd_sc_hd__or3_2)
     5    0.02    0.13    0.55    4.45 v _1039_/X (sky130_fd_sc_hd__or3_2)
                                         _0319_ (net)
                  0.13    0.00    4.45 v _1046_/B (sky130_fd_sc_hd__or3_2)
     1    0.00    0.07    0.49    4.94 v _1046_/X (sky130_fd_sc_hd__or3_2)
                                         _0326_ (net)
                  0.07    0.00    4.94 v _1047_/A (sky130_fd_sc_hd__buf_1)
     7    0.02    0.14    0.20    5.14 v _1047_/X (sky130_fd_sc_hd__buf_1)
                                         _0327_ (net)
                  0.14    0.00    5.14 v _1087_/B (sky130_fd_sc_hd__or3_2)
     4    0.01    0.11    0.55    5.69 v _1087_/X (sky130_fd_sc_hd__or3_2)
                                         _0367_ (net)
                  0.11    0.00    5.69 v _1088_/A1 (sky130_fd_sc_hd__o21ai_2)
     2    0.01    0.13    0.19    5.88 ^ _1088_/Y (sky130_fd_sc_hd__o21ai_2)
                                         _0368_ (net)
                  0.13    0.00    5.88 ^ _1090_/A2 (sky130_fd_sc_hd__a21oi_2)
     2    0.01    0.05    0.08    5.96 v _1090_/Y (sky130_fd_sc_hd__a21oi_2)
                                         _0370_ (net)
                  0.05    0.00    5.96 v _1092_/A (sky130_fd_sc_hd__or2_2)
     3    0.01    0.07    0.34    6.30 v _1092_/X (sky130_fd_sc_hd__or2_2)
                                         _0372_ (net)
                  0.07    0.00    6.30 v _1098_/A (sky130_fd_sc_hd__or2_2)
     2    0.00    0.06    0.32    6.62 v _1098_/X (sky130_fd_sc_hd__or2_2)
                                         _0378_ (net)
                  0.06    0.00    6.62 v _1112_/A (sky130_fd_sc_hd__or3_2)
     1    0.00    0.07    0.49    7.11 v _1112_/X (sky130_fd_sc_hd__or3_2)
                                         _0392_ (net)
                  0.07    0.00    7.11 v _1194_/A1 (sky130_fd_sc_hd__o211a_2)
     5    0.02    0.07    0.33    7.43 v _1194_/X (sky130_fd_sc_hd__o211a_2)
                                         _0474_ (net)
                  0.07    0.00    7.43 v _1483_/A1 (sky130_fd_sc_hd__o31a_2)
     2    0.01    0.08    0.41    7.84 v _1483_/X (sky130_fd_sc_hd__o31a_2)
                                         _0755_ (net)
                  0.08    0.00    7.84 v _1484_/B (sky130_fd_sc_hd__nor2_2)
     3    0.01    0.17    0.17    8.01 ^ _1484_/Y (sky130_fd_sc_hd__nor2_2)
                                         _0756_ (net)
                  0.17    0.00    8.01 ^ _1485_/A2 (sky130_fd_sc_hd__o21ai_2)
     2    0.01    0.06    0.10    8.11 v _1485_/Y (sky130_fd_sc_hd__o21ai_2)
                                         _0757_ (net)
                  0.06    0.00    8.11 v _1486_/A2 (sky130_fd_sc_hd__o21ba_2)
     1    0.01    0.05    0.23    8.34 v _1486_/X (sky130_fd_sc_hd__o21ba_2)
                                         _0758_ (net)
                  0.05    0.00    8.34 v _1487_/B (sky130_fd_sc_hd__xnor2_2)
     1    0.00    0.04    0.13    8.47 v _1487_/Y (sky130_fd_sc_hd__xnor2_2)
                                         _0759_ (net)
                  0.04    0.00    8.47 v _1494_/A2 (sky130_fd_sc_hd__a21o_2)
     2    0.05    0.13    0.32    8.79 v _1494_/X (sky130_fd_sc_hd__a21o_2)
                                         result[23] (net)
                  0.13    0.01    8.79 v result[23] (out)
                                  8.79   data arrival time

                  0.15   10.00   10.00   clock clk (rise edge)
                          0.00   10.00   clock network delay (ideal)
                         -0.25    9.75   clock uncertainty
                          0.00    9.75   clock reconvergence pessimism
                         -2.00    7.75   output external delay
                                  7.75   data required time
-----------------------------------------------------------------------------
                                  7.75   data required time
                                 -8.79   data arrival time
-----------------------------------------------------------------------------
                                 -1.04   slack (VIOLATED)


Startpoint: control (input port clocked by clk)
Endpoint: result[22] (output port clocked by clk)
Path Group: clk
Path Type: max

Fanout     Cap    Slew   Delay    Time   Description
-----------------------------------------------------------------------------
                  0.15    0.00    0.00   clock clk (rise edge)
                          0.00    0.00   clock network delay (ideal)
                          2.00    2.00 v input external delay
     8    0.03    0.07    0.05    2.05 v control (in)
                                         control (net)
                  0.07    0.00    2.05 v _1008_/D (sky130_fd_sc_hd__and4b_2)
     2    0.01    0.05    0.26    2.31 v _1008_/X (sky130_fd_sc_hd__and4b_2)
                                         _0288_ (net)
                  0.05    0.00    2.31 v _1009_/A (sky130_fd_sc_hd__buf_1)
    10    0.03    0.18    0.22    2.54 v _1009_/X (sky130_fd_sc_hd__buf_1)
                                         _0289_ (net)
                  0.18    0.00    2.54 v _1036_/B (sky130_fd_sc_hd__and2_2)
     8    0.03    0.09    0.33    2.86 v _1036_/X (sky130_fd_sc_hd__and2_2)
                                         _0316_ (net)
                  0.09    0.00    2.86 v _1037_/B1 (sky130_fd_sc_hd__a211o_2)
     4    0.01    0.08    0.38    3.24 v _1037_/X (sky130_fd_sc_hd__a211o_2)
                                         _0317_ (net)
                  0.08    0.00    3.24 v _1038_/D (sky130_fd_sc_hd__or4_2)
     4    0.02    0.15    0.66    3.90 v _1038_/X (sky130_fd_sc_hd__or4_2)
                                         _0318_ (net)
                  0.15    0.00    3.90 v _1039_/C (sky130_fd_sc_hd__or3_2)
     5    0.02    0.13    0.55    4.45 v _1039_/X (sky130_fd_sc_hd__or3_2)
                                         _0319_ (net)
                  0.13    0.00    4.45 v _1046_/B (sky130_fd_sc_hd__or3_2)
     1    0.00    0.07    0.49    4.94 v _1046_/X (sky130_fd_sc_hd__or3_2)
                                         _0326_ (net)
                  0.07    0.00    4.94 v _1047_/A (sky130_fd_sc_hd__buf_1)
     7    0.02    0.14    0.20    5.14 v _1047_/X (sky130_fd_sc_hd__buf_1)
                                         _0327_ (net)
                  0.14    0.00    5.14 v _1087_/B (sky130_fd_sc_hd__or3_2)
     4    0.01    0.11    0.55    5.69 v _1087_/X (sky130_fd_sc_hd__or3_2)
                                         _0367_ (net)
                  0.11    0.00    5.69 v _1088_/A1 (sky130_fd_sc_hd__o21ai_2)
     2    0.01    0.13    0.19    5.88 ^ _1088_/Y (sky130_fd_sc_hd__o21ai_2)
                                         _0368_ (net)
                  0.13    0.00    5.88 ^ _1090_/A2 (sky130_fd_sc_hd__a21oi_2)
     2    0.01    0.05    0.08    5.96 v _1090_/Y (sky130_fd_sc_hd__a21oi_2)
                                         _0370_ (net)
                  0.05    0.00    5.96 v _1092_/A (sky130_fd_sc_hd__or2_2)
     3    0.01    0.07    0.34    6.30 v _1092_/X (sky130_fd_sc_hd__or2_2)
                                         _0372_ (net)
                  0.07    0.00    6.30 v _1098_/A (sky130_fd_sc_hd__or2_2)
     2    0.00    0.06    0.32    6.62 v _1098_/X (sky130_fd_sc_hd__or2_2)
                                         _0378_ (net)
                  0.06    0.00    6.62 v _1112_/A (sky130_fd_sc_hd__or3_2)
     1    0.00    0.07    0.49    7.11 v _1112_/X (sky130_fd_sc_hd__or3_2)
                                         _0392_ (net)
                  0.07    0.00    7.11 v _1194_/A1 (sky130_fd_sc_hd__o211a_2)
     5    0.02    0.07    0.33    7.43 v _1194_/X (sky130_fd_sc_hd__o211a_2)
                                         _0474_ (net)
                  0.07    0.00    7.43 v _1483_/A1 (sky130_fd_sc_hd__o31a_2)
     2    0.01    0.08    0.41    7.84 v _1483_/X (sky130_fd_sc_hd__o31a_2)
                                         _0755_ (net)
                  0.08    0.00    7.84 v _1484_/B (sky130_fd_sc_hd__nor2_2)
     3    0.01    0.17    0.17    8.01 ^ _1484_/Y (sky130_fd_sc_hd__nor2_2)
                                         _0756_ (net)
                  0.17    0.00    8.01 ^ _1485_/A2 (sky130_fd_sc_hd__o21ai_2)
     2    0.01    0.06    0.10    8.11 v _1485_/Y (sky130_fd_sc_hd__o21ai_2)
                                         _0757_ (net)
                  0.06    0.00    8.11 v _1496_/B (sky130_fd_sc_hd__xnor2_2)
     1    0.00    0.05    0.14    8.25 v _1496_/Y (sky130_fd_sc_hd__xnor2_2)
                                         _0767_ (net)
                  0.05    0.00    8.25 v _1499_/A2 (sky130_fd_sc_hd__a21o_2)
     2    0.05    0.13    0.32    8.57 v _1499_/X (sky130_fd_sc_hd__a21o_2)
                                         result[22] (net)
                  0.13    0.01    8.58 v result[22] (out)
                                  8.58   data arrival time

                  0.15   10.00   10.00   clock clk (rise edge)
                          0.00   10.00   clock network delay (ideal)
                         -0.25    9.75   clock uncertainty
                          0.00    9.75   clock reconvergence pessimism
                         -2.00    7.75   output external delay
                                  7.75   data required time
-----------------------------------------------------------------------------
                                  7.75   data required time
                                 -8.58   data arrival time
-----------------------------------------------------------------------------
                                 -0.83   slack (VIOLATED)


Startpoint: control (input port clocked by clk)
Endpoint: _2049_ (rising edge-triggered flip-flop clocked by clk)
Path Group: clk
Path Type: max

Fanout     Cap    Slew   Delay    Time   Description
-----------------------------------------------------------------------------
                  0.15    0.00    0.00   clock clk (rise edge)
                          0.00    0.00   clock network delay (ideal)
                          2.00    2.00 v input external delay
     8    0.03    0.07    0.05    2.05 v control (in)
                                         control (net)
                  0.07    0.00    2.05 v _1008_/D (sky130_fd_sc_hd__and4b_2)
     2    0.01    0.05    0.26    2.31 v _1008_/X (sky130_fd_sc_hd__and4b_2)
                                         _0288_ (net)
                  0.05    0.00    2.31 v _1009_/A (sky130_fd_sc_hd__buf_1)
    10    0.03    0.18    0.22    2.54 v _1009_/X (sky130_fd_sc_hd__buf_1)
                                         _0289_ (net)
                  0.18    0.00    2.54 v _1036_/B (sky130_fd_sc_hd__and2_2)
     8    0.03    0.09    0.33    2.86 v _1036_/X (sky130_fd_sc_hd__and2_2)
                                         _0316_ (net)
                  0.09    0.00    2.86 v _1037_/B1 (sky130_fd_sc_hd__a211o_2)
     4    0.01    0.08    0.38    3.24 v _1037_/X (sky130_fd_sc_hd__a211o_2)
                                         _0317_ (net)
                  0.08    0.00    3.24 v _1038_/D (sky130_fd_sc_hd__or4_2)
     4    0.02    0.15    0.66    3.90 v _1038_/X (sky130_fd_sc_hd__or4_2)
                                         _0318_ (net)
                  0.15    0.00    3.90 v _1039_/C (sky130_fd_sc_hd__or3_2)
     5    0.02    0.13    0.55    4.45 v _1039_/X (sky130_fd_sc_hd__or3_2)
                                         _0319_ (net)
                  0.13    0.00    4.45 v _1046_/B (sky130_fd_sc_hd__or3_2)
     1    0.00    0.07    0.49    4.94 v _1046_/X (sky130_fd_sc_hd__or3_2)
                                         _0326_ (net)
                  0.07    0.00    4.94 v _1047_/A (sky130_fd_sc_hd__buf_1)
     7    0.02    0.14    0.20    5.14 v _1047_/X (sky130_fd_sc_hd__buf_1)
                                         _0327_ (net)
                  0.14    0.00    5.14 v _1049_/B (sky130_fd_sc_hd__nor3_2)
     3    0.02    0.33    0.36    5.50 ^ _1049_/Y (sky130_fd_sc_hd__nor3_2)
                                         _0329_ (net)
                  0.33    0.00    5.50 ^ _1057_/A (sky130_fd_sc_hd__and3_2)
     1    0.00    0.04    0.25    5.74 ^ _1057_/X (sky130_fd_sc_hd__and3_2)
                                         _0337_ (net)
                  0.04    0.00    5.74 ^ _1058_/A (sky130_fd_sc_hd__buf_1)
     8    0.04    0.46    0.39    6.13 ^ _1058_/X (sky130_fd_sc_hd__buf_1)
                                         _0338_ (net)
                  0.46    0.00    6.14 ^ _1065_/A (sky130_fd_sc_hd__and4_2)
     1    0.00    0.06    0.32    6.46 ^ _1065_/X (sky130_fd_sc_hd__and4_2)
                                         _0345_ (net)
                  0.06    0.00    6.46 ^ _1066_/A (sky130_fd_sc_hd__buf_1)
     6    0.03    0.32    0.29    6.74 ^ _1066_/X (sky130_fd_sc_hd__buf_1)
                                         _0346_ (net)
                  0.32    0.00    6.75 ^ _1068_/B (sky130_fd_sc_hd__nand3b_2)
     8    0.03    0.20    0.25    7.00 v _1068_/Y (sky130_fd_sc_hd__nand3b_2)
                                         _0348_ (net)
                  0.20    0.00    7.00 v _1197_/B (sky130_fd_sc_hd__and3_2)
     3    0.01    0.05    0.29    7.29 v _1197_/X (sky130_fd_sc_hd__and3_2)
                                         _0477_ (net)
                  0.05    0.00    7.29 v _1203_/A (sky130_fd_sc_hd__or4_2)
     3    0.01    0.11    0.71    8.01 v _1203_/X (sky130_fd_sc_hd__or4_2)
                                         _0483_ (net)
                  0.11    0.00    8.01 v _1237_/A (sky130_fd_sc_hd__or4_2)
     1    0.00    0.10    0.70    8.71 v _1237_/X (sky130_fd_sc_hd__or4_2)
                                         _0517_ (net)
                  0.10    0.00    8.71 v _1248_/A2 (sky130_fd_sc_hd__o211a_2)
     4    0.02    0.07    0.31    9.02 v _1248_/X (sky130_fd_sc_hd__o211a_2)
                                         _0528_ (net)
                  0.07    0.00    9.02 v _1433_/B (sky130_fd_sc_hd__or2_2)
     2    0.01    0.07    0.31    9.34 v _1433_/X (sky130_fd_sc_hd__or2_2)
                                         _0709_ (net)
                  0.07    0.00    9.34 v _1434_/A1 (sky130_fd_sc_hd__a21oi_2)
     2    0.00    0.09    0.13    9.46 ^ _1434_/Y (sky130_fd_sc_hd__a21oi_2)
                                         _0710_ (net)
                  0.09    0.00    9.46 ^ _1435_/B (sky130_fd_sc_hd__and2_2)
     3    0.01    0.08    0.19    9.65 ^ _1435_/X (sky130_fd_sc_hd__and2_2)
                                         _0711_ (net)
                  0.08    0.00    9.65 ^ _1437_/A2 (sky130_fd_sc_hd__o21ai_2)
     1    0.00    0.05    0.05    9.70 v _1437_/Y (sky130_fd_sc_hd__o21ai_2)
                                         _0713_ (net)
                  0.05    0.00    9.70 v _1447_/A3 (sky130_fd_sc_hd__a31o_2)
     2    0.05    0.13    0.36   10.07 v _1447_/X (sky130_fd_sc_hd__a31o_2)
                                         result[27] (net)
                  0.13    0.00   10.07 v _1742_/A1 (sky130_fd_sc_hd__mux2_2)
     1    0.00    0.05    0.30   10.37 v _1742_/X (sky130_fd_sc_hd__mux2_2)
                                         _0922_ (net)
                  0.05    0.00   10.37 v _1743_/A (sky130_fd_sc_hd__buf_1)
     1    0.00    0.02    0.09   10.46 v _1743_/X (sky130_fd_sc_hd__buf_1)
                                         _0190_ (net)
                  0.02    0.00   10.46 v _2049_/D (sky130_fd_sc_hd__dfrtp_2)
                                 10.46   data arrival time

                  0.15   10.00   10.00   clock clk (rise edge)
                          0.00   10.00   clock network delay (ideal)
                         -0.25    9.75   clock uncertainty
                          0.00    9.75   clock reconvergence pessimism
                                  9.75 ^ _2049_/CLK (sky130_fd_sc_hd__dfrtp_2)
                         -0.08    9.67   library setup time
                                  9.67   data required time
-----------------------------------------------------------------------------
                                  9.67   data required time
                                -10.46   data arrival time
-----------------------------------------------------------------------------
                                 -0.79   slack (VIOLATED)


Startpoint: control (input port clocked by clk)
Endpoint: _2048_ (rising edge-triggered flip-flop clocked by clk)
Path Group: clk
Path Type: max

Fanout     Cap    Slew   Delay    Time   Description
-----------------------------------------------------------------------------
                  0.15    0.00    0.00   clock clk (rise edge)
                          0.00    0.00   clock network delay (ideal)
                          2.00    2.00 v input external delay
     8    0.03    0.07    0.05    2.05 v control (in)
                                         control (net)
                  0.07    0.00    2.05 v _1008_/D (sky130_fd_sc_hd__and4b_2)
     2    0.01    0.05    0.26    2.31 v _1008_/X (sky130_fd_sc_hd__and4b_2)
                                         _0288_ (net)
                  0.05    0.00    2.31 v _1009_/A (sky130_fd_sc_hd__buf_1)
    10    0.03    0.18    0.22    2.54 v _1009_/X (sky130_fd_sc_hd__buf_1)
                                         _0289_ (net)
                  0.18    0.00    2.54 v _1036_/B (sky130_fd_sc_hd__and2_2)
     8    0.03    0.09    0.33    2.86 v _1036_/X (sky130_fd_sc_hd__and2_2)
                                         _0316_ (net)
                  0.09    0.00    2.86 v _1037_/B1 (sky130_fd_sc_hd__a211o_2)
     4    0.01    0.08    0.38    3.24 v _1037_/X (sky130_fd_sc_hd__a211o_2)
                                         _0317_ (net)
                  0.08    0.00    3.24 v _1038_/D (sky130_fd_sc_hd__or4_2)
     4    0.02    0.15    0.66    3.90 v _1038_/X (sky130_fd_sc_hd__or4_2)
                                         _0318_ (net)
                  0.15    0.00    3.90 v _1039_/C (sky130_fd_sc_hd__or3_2)
     5    0.02    0.13    0.55    4.45 v _1039_/X (sky130_fd_sc_hd__or3_2)
                                         _0319_ (net)
                  0.13    0.00    4.45 v _1046_/B (sky130_fd_sc_hd__or3_2)
     1    0.00    0.07    0.49    4.94 v _1046_/X (sky130_fd_sc_hd__or3_2)
                                         _0326_ (net)
                  0.07    0.00    4.94 v _1047_/A (sky130_fd_sc_hd__buf_1)
     7    0.02    0.14    0.20    5.14 v _1047_/X (sky130_fd_sc_hd__buf_1)
                                         _0327_ (net)
                  0.14    0.00    5.14 v _1049_/B (sky130_fd_sc_hd__nor3_2)
     3    0.02    0.33    0.36    5.50 ^ _1049_/Y (sky130_fd_sc_hd__nor3_2)
                                         _0329_ (net)
                  0.33    0.00    5.50 ^ _1057_/A (sky130_fd_sc_hd__and3_2)
     1    0.00    0.04    0.25    5.74 ^ _1057_/X (sky130_fd_sc_hd__and3_2)
                                         _0337_ (net)
                  0.04    0.00    5.74 ^ _1058_/A (sky130_fd_sc_hd__buf_1)
     8    0.04    0.46    0.39    6.13 ^ _1058_/X (sky130_fd_sc_hd__buf_1)
                                         _0338_ (net)
                  0.46    0.00    6.14 ^ _1065_/A (sky130_fd_sc_hd__and4_2)
     1    0.00    0.06    0.32    6.46 ^ _1065_/X (sky130_fd_sc_hd__and4_2)
                                         _0345_ (net)
                  0.06    0.00    6.46 ^ _1066_/A (sky130_fd_sc_hd__buf_1)
     6    0.03    0.32    0.29    6.74 ^ _1066_/X (sky130_fd_sc_hd__buf_1)
                                         _0346_ (net)
                  0.32    0.00    6.75 ^ _1068_/B (sky130_fd_sc_hd__nand3b_2)
     8    0.03    0.20    0.25    7.00 v _1068_/Y (sky130_fd_sc_hd__nand3b_2)
                                         _0348_ (net)
                  0.20    0.00    7.00 v _1197_/B (sky130_fd_sc_hd__and3_2)
     3    0.01    0.05    0.29    7.29 v _1197_/X (sky130_fd_sc_hd__and3_2)
                                         _0477_ (net)
                  0.05    0.00    7.29 v _1203_/A (sky130_fd_sc_hd__or4_2)
     3    0.01    0.11    0.71    8.01 v _1203_/X (sky130_fd_sc_hd__or4_2)
                                         _0483_ (net)
                  0.11    0.00    8.01 v _1237_/A (sky130_fd_sc_hd__or4_2)
     1    0.00    0.10    0.70    8.71 v _1237_/X (sky130_fd_sc_hd__or4_2)
                                         _0517_ (net)
                  0.10    0.00    8.71 v _1248_/A2 (sky130_fd_sc_hd__o211a_2)
     4    0.02    0.07    0.31    9.02 v _1248_/X (sky130_fd_sc_hd__o211a_2)
                                         _0528_ (net)
                  0.07    0.00    9.02 v _1433_/B (sky130_fd_sc_hd__or2_2)
     2    0.01    0.07    0.31    9.34 v _1433_/X (sky130_fd_sc_hd__or2_2)
                                         _0709_ (net)
                  0.07    0.00    9.34 v _1434_/A1 (sky130_fd_sc_hd__a21oi_2)
     2    0.00    0.09    0.13    9.46 ^ _1434_/Y (sky130_fd_sc_hd__a21oi_2)
                                         _0710_ (net)
                  0.09    0.00    9.46 ^ _1435_/B (sky130_fd_sc_hd__and2_2)
     3    0.01    0.08    0.19    9.65 ^ _1435_/X (sky130_fd_sc_hd__and2_2)
                                         _0711_ (net)
                  0.08    0.00    9.65 ^ _1449_/B (sky130_fd_sc_hd__nor2_2)
     1    0.00    0.06    0.04    9.69 v _1449_/Y (sky130_fd_sc_hd__nor2_2)
                                         _0724_ (net)
                  0.06    0.00    9.69 v _1458_/A2 (sky130_fd_sc_hd__a21o_2)
     2    0.05    0.13    0.33   10.02 v _1458_/X (sky130_fd_sc_hd__a21o_2)
                                         result[26] (net)
                  0.13    0.00   10.02 v _1744_/A1 (sky130_fd_sc_hd__mux2_2)
     1    0.00    0.05    0.30   10.32 v _1744_/X (sky130_fd_sc_hd__mux2_2)
                                         _0923_ (net)
                  0.05    0.00   10.32 v _1745_/A (sky130_fd_sc_hd__buf_1)
     1    0.00    0.02    0.09   10.41 v _1745_/X (sky130_fd_sc_hd__buf_1)
                                         _0189_ (net)
                  0.02    0.00   10.41 v _2048_/D (sky130_fd_sc_hd__dfrtp_2)
                                 10.41   data arrival time

                  0.15   10.00   10.00   clock clk (rise edge)
                          0.00   10.00   clock network delay (ideal)
                         -0.25    9.75   clock uncertainty
                          0.00    9.75   clock reconvergence pessimism
                                  9.75 ^ _2048_/CLK (sky130_fd_sc_hd__dfrtp_2)
                         -0.08    9.67   library setup time
                                  9.67   data required time
-----------------------------------------------------------------------------
                                  9.67   data required time
                                -10.41   data arrival time
-----------------------------------------------------------------------------
                                 -0.74   slack (VIOLATED)


Startpoint: control (input port clocked by clk)
Endpoint: result[21] (output port clocked by clk)
Path Group: clk
Path Type: max

Fanout     Cap    Slew   Delay    Time   Description
-----------------------------------------------------------------------------
                  0.15    0.00    0.00   clock clk (rise edge)
                          0.00    0.00   clock network delay (ideal)
                          2.00    2.00 v input external delay
     8    0.03    0.07    0.05    2.05 v control (in)
                                         control (net)
                  0.07    0.00    2.05 v _1008_/D (sky130_fd_sc_hd__and4b_2)
     2    0.01    0.05    0.26    2.31 v _1008_/X (sky130_fd_sc_hd__and4b_2)
                                         _0288_ (net)
                  0.05    0.00    2.31 v _1009_/A (sky130_fd_sc_hd__buf_1)
    10    0.03    0.18    0.22    2.54 v _1009_/X (sky130_fd_sc_hd__buf_1)
                                         _0289_ (net)
                  0.18    0.00    2.54 v _1036_/B (sky130_fd_sc_hd__and2_2)
     8    0.03    0.09    0.33    2.86 v _1036_/X (sky130_fd_sc_hd__and2_2)
                                         _0316_ (net)
                  0.09    0.00    2.86 v _1037_/B1 (sky130_fd_sc_hd__a211o_2)
     4    0.01    0.08    0.38    3.24 v _1037_/X (sky130_fd_sc_hd__a211o_2)
                                         _0317_ (net)
                  0.08    0.00    3.24 v _1038_/D (sky130_fd_sc_hd__or4_2)
     4    0.02    0.15    0.66    3.90 v _1038_/X (sky130_fd_sc_hd__or4_2)
                                         _0318_ (net)
                  0.15    0.00    3.90 v _1039_/C (sky130_fd_sc_hd__or3_2)
     5    0.02    0.13    0.55    4.45 v _1039_/X (sky130_fd_sc_hd__or3_2)
                                         _0319_ (net)
                  0.13    0.00    4.45 v _1046_/B (sky130_fd_sc_hd__or3_2)
     1    0.00    0.07    0.49    4.94 v _1046_/X (sky130_fd_sc_hd__or3_2)
                                         _0326_ (net)
                  0.07    0.00    4.94 v _1047_/A (sky130_fd_sc_hd__buf_1)
     7    0.02    0.14    0.20    5.14 v _1047_/X (sky130_fd_sc_hd__buf_1)
                                         _0327_ (net)
                  0.14    0.00    5.14 v _1087_/B (sky130_fd_sc_hd__or3_2)
     4    0.01    0.11    0.55    5.69 v _1087_/X (sky130_fd_sc_hd__or3_2)
                                         _0367_ (net)
                  0.11    0.00    5.69 v _1088_/A1 (sky130_fd_sc_hd__o21ai_2)
     2    0.01    0.13    0.19    5.88 ^ _1088_/Y (sky130_fd_sc_hd__o21ai_2)
                                         _0368_ (net)
                  0.13    0.00    5.88 ^ _1090_/A2 (sky130_fd_sc_hd__a21oi_2)
     2    0.01    0.05    0.08    5.96 v _1090_/Y (sky130_fd_sc_hd__a21oi_2)
                                         _0370_ (net)
                  0.05    0.00    5.96 v _1092_/A (sky130_fd_sc_hd__or2_2)
     3    0.01    0.07    0.34    6.30 v _1092_/X (sky130_fd_sc_hd__or2_2)
                                         _0372_ (net)
                  0.07    0.00    6.30 v _1098_/A (sky130_fd_sc_hd__or2_2)
     2    0.00    0.06    0.32    6.62 v _1098_/X (sky130_fd_sc_hd__or2_2)
                                         _0378_ (net)
                  0.06    0.00    6.62 v _1112_/A (sky130_fd_sc_hd__or3_2)
     1    0.00    0.07    0.49    7.11 v _1112_/X (sky130_fd_sc_hd__or3_2)
                                         _0392_ (net)
                  0.07    0.00    7.11 v _1194_/A1 (sky130_fd_sc_hd__o211a_2)
     5    0.02    0.07    0.33    7.43 v _1194_/X (sky130_fd_sc_hd__o211a_2)
                                         _0474_ (net)
                  0.07    0.00    7.43 v _1483_/A1 (sky130_fd_sc_hd__o31a_2)
     2    0.01    0.08    0.41    7.84 v _1483_/X (sky130_fd_sc_hd__o31a_2)
                                         _0755_ (net)
                  0.08    0.00    7.84 v _1484_/B (sky130_fd_sc_hd__nor2_2)
     3    0.01    0.17    0.17    8.01 ^ _1484_/Y (sky130_fd_sc_hd__nor2_2)
                                         _0756_ (net)
                  0.17    0.00    8.01 ^ _1501_/A3 (sky130_fd_sc_hd__o31a_2)
     1    0.00    0.04    0.15    8.16 ^ _1501_/X (sky130_fd_sc_hd__o31a_2)
                                         _0771_ (net)
                  0.04    0.00    8.16 ^ _1504_/A2 (sky130_fd_sc_hd__a21o_2)
     2    0.05    0.25    0.28    8.44 ^ _1504_/X (sky130_fd_sc_hd__a21o_2)
                                         result[21] (net)
                  0.25    0.01    8.45 ^ result[21] (out)
                                  8.45   data arrival time

                  0.15   10.00   10.00   clock clk (rise edge)
                          0.00   10.00   clock network delay (ideal)
                         -0.25    9.75   clock uncertainty
                          0.00    9.75   clock reconvergence pessimism
                         -2.00    7.75   output external delay
                                  7.75   data required time
-----------------------------------------------------------------------------
                                  7.75   data required time
                                 -8.45   data arrival time
-----------------------------------------------------------------------------
                                 -0.70   slack (VIOLATED)


Startpoint: control (input port clocked by clk)
Endpoint: result[19] (output port clocked by clk)
Path Group: clk
Path Type: max

Fanout     Cap    Slew   Delay    Time   Description
-----------------------------------------------------------------------------
                  0.15    0.00    0.00   clock clk (rise edge)
                          0.00    0.00   clock network delay (ideal)
                          2.00    2.00 v input external delay
     8    0.03    0.07    0.05    2.05 v control (in)
                                         control (net)
                  0.07    0.00    2.05 v _1008_/D (sky130_fd_sc_hd__and4b_2)
     2    0.01    0.05    0.26    2.31 v _1008_/X (sky130_fd_sc_hd__and4b_2)
                                         _0288_ (net)
                  0.05    0.00    2.31 v _1009_/A (sky130_fd_sc_hd__buf_1)
    10    0.03    0.18    0.22    2.54 v _1009_/X (sky130_fd_sc_hd__buf_1)
                                         _0289_ (net)
                  0.18    0.00    2.54 v _1036_/B (sky130_fd_sc_hd__and2_2)
     8    0.03    0.09    0.33    2.86 v _1036_/X (sky130_fd_sc_hd__and2_2)
                                         _0316_ (net)
                  0.09    0.00    2.86 v _1037_/B1 (sky130_fd_sc_hd__a211o_2)
     4    0.01    0.08    0.38    3.24 v _1037_/X (sky130_fd_sc_hd__a211o_2)
                                         _0317_ (net)
                  0.08    0.00    3.24 v _1038_/D (sky130_fd_sc_hd__or4_2)
     4    0.02    0.15    0.66    3.90 v _1038_/X (sky130_fd_sc_hd__or4_2)
                                         _0318_ (net)
                  0.15    0.00    3.90 v _1039_/C (sky130_fd_sc_hd__or3_2)
     5    0.02    0.13    0.55    4.45 v _1039_/X (sky130_fd_sc_hd__or3_2)
                                         _0319_ (net)
                  0.13    0.00    4.45 v _1046_/B (sky130_fd_sc_hd__or3_2)
     1    0.00    0.07    0.49    4.94 v _1046_/X (sky130_fd_sc_hd__or3_2)
                                         _0326_ (net)
                  0.07    0.00    4.94 v _1047_/A (sky130_fd_sc_hd__buf_1)
     7    0.02    0.14    0.20    5.14 v _1047_/X (sky130_fd_sc_hd__buf_1)
                                         _0327_ (net)
                  0.14    0.00    5.14 v _1087_/B (sky130_fd_sc_hd__or3_2)
     4    0.01    0.11    0.55    5.69 v _1087_/X (sky130_fd_sc_hd__or3_2)
                                         _0367_ (net)
                  0.11    0.00    5.69 v _1088_/A1 (sky130_fd_sc_hd__o21ai_2)
     2    0.01    0.13    0.19    5.88 ^ _1088_/Y (sky130_fd_sc_hd__o21ai_2)
                                         _0368_ (net)
                  0.13    0.00    5.88 ^ _1090_/A2 (sky130_fd_sc_hd__a21oi_2)
     2    0.01    0.05    0.08    5.96 v _1090_/Y (sky130_fd_sc_hd__a21oi_2)
                                         _0370_ (net)
                  0.05    0.00    5.96 v _1092_/A (sky130_fd_sc_hd__or2_2)
     3    0.01    0.07    0.34    6.30 v _1092_/X (sky130_fd_sc_hd__or2_2)
                                         _0372_ (net)
                  0.07    0.00    6.30 v _1098_/A (sky130_fd_sc_hd__or2_2)
     2    0.00    0.06    0.32    6.62 v _1098_/X (sky130_fd_sc_hd__or2_2)
                                         _0378_ (net)
                  0.06    0.00    6.62 v _1112_/A (sky130_fd_sc_hd__or3_2)
     1    0.00    0.07    0.49    7.11 v _1112_/X (sky130_fd_sc_hd__or3_2)
                                         _0392_ (net)
                  0.07    0.00    7.11 v _1194_/A1 (sky130_fd_sc_hd__o211a_2)
     5    0.02    0.07    0.33    7.43 v _1194_/X (sky130_fd_sc_hd__o211a_2)
                                         _0474_ (net)
                  0.07    0.00    7.43 v _1511_/A1 (sky130_fd_sc_hd__o21a_2)
     2    0.01    0.05    0.25    7.69 v _1511_/X (sky130_fd_sc_hd__o21a_2)
                                         _0779_ (net)
                  0.05    0.00    7.69 v _1512_/A2 (sky130_fd_sc_hd__o21ba_2)
     1    0.01    0.05    0.22    7.91 v _1512_/X (sky130_fd_sc_hd__o21ba_2)
                                         _0780_ (net)
                  0.05    0.00    7.91 v _1513_/B (sky130_fd_sc_hd__xnor2_2)
     1    0.00    0.05    0.13    8.04 v _1513_/Y (sky130_fd_sc_hd__xnor2_2)
                                         _0781_ (net)
                  0.05    0.00    8.04 v _1517_/A2 (sky130_fd_sc_hd__a21o_2)
     2    0.05    0.13    0.32    8.36 v _1517_/X (sky130_fd_sc_hd__a21o_2)
                                         result[19] (net)
                  0.13    0.00    8.37 v result[19] (out)
                                  8.37   data arrival time

                  0.15   10.00   10.00   clock clk (rise edge)
                          0.00   10.00   clock network delay (ideal)
                         -0.25    9.75   clock uncertainty
                          0.00    9.75   clock reconvergence pessimism
                         -2.00    7.75   output external delay
                                  7.75   data required time
-----------------------------------------------------------------------------
                                  7.75   data required time
                                 -8.37   data arrival time
-----------------------------------------------------------------------------
                                 -0.62   slack (VIOLATED)


Startpoint: control (input port clocked by clk)
Endpoint: result[20] (output port clocked by clk)
Path Group: clk
Path Type: max

Fanout     Cap    Slew   Delay    Time   Description
-----------------------------------------------------------------------------
                  0.15    0.00    0.00   clock clk (rise edge)
                          0.00    0.00   clock network delay (ideal)
                          2.00    2.00 v input external delay
     8    0.03    0.07    0.05    2.05 v control (in)
                                         control (net)
                  0.07    0.00    2.05 v _1008_/D (sky130_fd_sc_hd__and4b_2)
     2    0.01    0.05    0.26    2.31 v _1008_/X (sky130_fd_sc_hd__and4b_2)
                                         _0288_ (net)
                  0.05    0.00    2.31 v _1009_/A (sky130_fd_sc_hd__buf_1)
    10    0.03    0.18    0.22    2.54 v _1009_/X (sky130_fd_sc_hd__buf_1)
                                         _0289_ (net)
                  0.18    0.00    2.54 v _1036_/B (sky130_fd_sc_hd__and2_2)
     8    0.03    0.09    0.33    2.86 v _1036_/X (sky130_fd_sc_hd__and2_2)
                                         _0316_ (net)
                  0.09    0.00    2.86 v _1037_/B1 (sky130_fd_sc_hd__a211o_2)
     4    0.01    0.08    0.38    3.24 v _1037_/X (sky130_fd_sc_hd__a211o_2)
                                         _0317_ (net)
                  0.08    0.00    3.24 v _1038_/D (sky130_fd_sc_hd__or4_2)
     4    0.02    0.15    0.66    3.90 v _1038_/X (sky130_fd_sc_hd__or4_2)
                                         _0318_ (net)
                  0.15    0.00    3.90 v _1039_/C (sky130_fd_sc_hd__or3_2)
     5    0.02    0.13    0.55    4.45 v _1039_/X (sky130_fd_sc_hd__or3_2)
                                         _0319_ (net)
                  0.13    0.00    4.45 v _1046_/B (sky130_fd_sc_hd__or3_2)
     1    0.00    0.07    0.49    4.94 v _1046_/X (sky130_fd_sc_hd__or3_2)
                                         _0326_ (net)
                  0.07    0.00    4.94 v _1047_/A (sky130_fd_sc_hd__buf_1)
     7    0.02    0.14    0.20    5.14 v _1047_/X (sky130_fd_sc_hd__buf_1)
                                         _0327_ (net)
                  0.14    0.00    5.14 v _1087_/B (sky130_fd_sc_hd__or3_2)
     4    0.01    0.11    0.55    5.69 v _1087_/X (sky130_fd_sc_hd__or3_2)
                                         _0367_ (net)
                  0.11    0.00    5.69 v _1088_/A1 (sky130_fd_sc_hd__o21ai_2)
     2    0.01    0.13    0.19    5.88 ^ _1088_/Y (sky130_fd_sc_hd__o21ai_2)
                                         _0368_ (net)
                  0.13    0.00    5.88 ^ _1090_/A2 (sky130_fd_sc_hd__a21oi_2)
     2    0.01    0.05    0.08    5.96 v _1090_/Y (sky130_fd_sc_hd__a21oi_2)
                                         _0370_ (net)
                  0.05    0.00    5.96 v _1092_/A (sky130_fd_sc_hd__or2_2)
     3    0.01    0.07    0.34    6.30 v _1092_/X (sky130_fd_sc_hd__or2_2)
                                         _0372_ (net)
                  0.07    0.00    6.30 v _1098_/A (sky130_fd_sc_hd__or2_2)
     2    0.00    0.06    0.32    6.62 v _1098_/X (sky130_fd_sc_hd__or2_2)
                                         _0378_ (net)
                  0.06    0.00    6.62 v _1112_/A (sky130_fd_sc_hd__or3_2)
     1    0.00    0.07    0.49    7.11 v _1112_/X (sky130_fd_sc_hd__or3_2)
                                         _0392_ (net)
                  0.07    0.00    7.11 v _1194_/A1 (sky130_fd_sc_hd__o211a_2)
     5    0.02    0.07    0.33    7.43 v _1194_/X (sky130_fd_sc_hd__o211a_2)
                                         _0474_ (net)
                  0.07    0.00    7.43 v _1483_/A1 (sky130_fd_sc_hd__o31a_2)
     2    0.01    0.08    0.41    7.84 v _1483_/X (sky130_fd_sc_hd__o31a_2)
                                         _0755_ (net)
                  0.08    0.00    7.84 v _1505_/B (sky130_fd_sc_hd__xor2_2)
     1    0.00    0.06    0.15    7.99 v _1505_/X (sky130_fd_sc_hd__xor2_2)
                                         _0774_ (net)
                  0.06    0.00    7.99 v _1509_/A2 (sky130_fd_sc_hd__a21o_2)
     2    0.05    0.13    0.33    8.32 v _1509_/X (sky130_fd_sc_hd__a21o_2)
                                         result[20] (net)
                  0.13    0.01    8.32 v result[20] (out)
                                  8.32   data arrival time

                  0.15   10.00   10.00   clock clk (rise edge)
                          0.00   10.00   clock network delay (ideal)
                         -0.25    9.75   clock uncertainty
                          0.00    9.75   clock reconvergence pessimism
                         -2.00    7.75   output external delay
                                  7.75   data required time
-----------------------------------------------------------------------------
                                  7.75   data required time
                                 -8.32   data arrival time
-----------------------------------------------------------------------------
                                 -0.57   slack (VIOLATED)


Startpoint: control (input port clocked by clk)
Endpoint: result[17] (output port clocked by clk)
Path Group: clk
Path Type: max

Fanout     Cap    Slew   Delay    Time   Description
-----------------------------------------------------------------------------
                  0.15    0.00    0.00   clock clk (rise edge)
                          0.00    0.00   clock network delay (ideal)
                          2.00    2.00 v input external delay
     8    0.03    0.07    0.05    2.05 v control (in)
                                         control (net)
                  0.07    0.00    2.05 v _1008_/D (sky130_fd_sc_hd__and4b_2)
     2    0.01    0.05    0.26    2.31 v _1008_/X (sky130_fd_sc_hd__and4b_2)
                                         _0288_ (net)
                  0.05    0.00    2.31 v _1009_/A (sky130_fd_sc_hd__buf_1)
    10    0.03    0.18    0.22    2.54 v _1009_/X (sky130_fd_sc_hd__buf_1)
                                         _0289_ (net)
                  0.18    0.00    2.54 v _1036_/B (sky130_fd_sc_hd__and2_2)
     8    0.03    0.09    0.33    2.86 v _1036_/X (sky130_fd_sc_hd__and2_2)
                                         _0316_ (net)
                  0.09    0.00    2.86 v _1037_/B1 (sky130_fd_sc_hd__a211o_2)
     4    0.01    0.08    0.38    3.24 v _1037_/X (sky130_fd_sc_hd__a211o_2)
                                         _0317_ (net)
                  0.08    0.00    3.24 v _1038_/D (sky130_fd_sc_hd__or4_2)
     4    0.02    0.15    0.66    3.90 v _1038_/X (sky130_fd_sc_hd__or4_2)
                                         _0318_ (net)
                  0.15    0.00    3.90 v _1039_/C (sky130_fd_sc_hd__or3_2)
     5    0.02    0.13    0.55    4.45 v _1039_/X (sky130_fd_sc_hd__or3_2)
                                         _0319_ (net)
                  0.13    0.00    4.45 v _1046_/B (sky130_fd_sc_hd__or3_2)
     1    0.00    0.07    0.49    4.94 v _1046_/X (sky130_fd_sc_hd__or3_2)
                                         _0326_ (net)
                  0.07    0.00    4.94 v _1047_/A (sky130_fd_sc_hd__buf_1)
     7    0.02    0.14    0.20    5.14 v _1047_/X (sky130_fd_sc_hd__buf_1)
                                         _0327_ (net)
                  0.14    0.00    5.14 v _1087_/B (sky130_fd_sc_hd__or3_2)
     4    0.01    0.11    0.55    5.69 v _1087_/X (sky130_fd_sc_hd__or3_2)
                                         _0367_ (net)
                  0.11    0.00    5.69 v _1088_/A1 (sky130_fd_sc_hd__o21ai_2)
     2    0.01    0.13    0.19    5.88 ^ _1088_/Y (sky130_fd_sc_hd__o21ai_2)
                                         _0368_ (net)
                  0.13    0.00    5.88 ^ _1090_/A2 (sky130_fd_sc_hd__a21oi_2)
     2    0.01    0.05    0.08    5.96 v _1090_/Y (sky130_fd_sc_hd__a21oi_2)
                                         _0370_ (net)
                  0.05    0.00    5.96 v _1092_/A (sky130_fd_sc_hd__or2_2)
     3    0.01    0.07    0.34    6.30 v _1092_/X (sky130_fd_sc_hd__or2_2)
                                         _0372_ (net)
                  0.07    0.00    6.30 v _1098_/A (sky130_fd_sc_hd__or2_2)
     2    0.00    0.06    0.32    6.62 v _1098_/X (sky130_fd_sc_hd__or2_2)
                                         _0378_ (net)
                  0.06    0.00    6.62 v _1112_/A (sky130_fd_sc_hd__or3_2)
     1    0.00    0.07    0.49    7.11 v _1112_/X (sky130_fd_sc_hd__or3_2)
                                         _0392_ (net)
                  0.07    0.00    7.11 v _1194_/A1 (sky130_fd_sc_hd__o211a_2)
     5    0.02    0.07    0.33    7.43 v _1194_/X (sky130_fd_sc_hd__o211a_2)
                                         _0474_ (net)
                  0.07    0.00    7.43 v _1524_/A_N (sky130_fd_sc_hd__and2b_2)
     2    0.01    0.05    0.24    7.67 ^ _1524_/X (sky130_fd_sc_hd__and2b_2)
                                         _0790_ (net)
                  0.05    0.00    7.67 ^ _1525_/B (sky130_fd_sc_hd__or2_2)
     1    0.01    0.06    0.13    7.80 ^ _1525_/X (sky130_fd_sc_hd__or2_2)
                                         _0791_ (net)
                  0.06    0.00    7.80 ^ _1526_/B (sky130_fd_sc_hd__xnor2_2)
     1    0.00    0.10    0.10    7.90 ^ _1526_/Y (sky130_fd_sc_hd__xnor2_2)
                                         _0792_ (net)
                  0.10    0.00    7.90 ^ _1529_/A2 (sky130_fd_sc_hd__a21o_2)
     2    0.04    0.23    0.29    8.19 ^ _1529_/X (sky130_fd_sc_hd__a21o_2)
                                         result[17] (net)
                  0.23    0.00    8.19 ^ result[17] (out)
                                  8.19   data arrival time

                  0.15   10.00   10.00   clock clk (rise edge)
                          0.00   10.00   clock network delay (ideal)
                         -0.25    9.75   clock uncertainty
                          0.00    9.75   clock reconvergence pessimism
                         -2.00    7.75   output external delay
                                  7.75   data required time
-----------------------------------------------------------------------------
                                  7.75   data required time
                                 -8.19   data arrival time
-----------------------------------------------------------------------------
                                 -0.44   slack (VIOLATED)


Startpoint: control (input port clocked by clk)
Endpoint: result[18] (output port clocked by clk)
Path Group: clk
Path Type: max

Fanout     Cap    Slew   Delay    Time   Description
-----------------------------------------------------------------------------
                  0.15    0.00    0.00   clock clk (rise edge)
                          0.00    0.00   clock network delay (ideal)
                          2.00    2.00 v input external delay
     8    0.03    0.07    0.05    2.05 v control (in)
                                         control (net)
                  0.07    0.00    2.05 v _1008_/D (sky130_fd_sc_hd__and4b_2)
     2    0.01    0.05    0.26    2.31 v _1008_/X (sky130_fd_sc_hd__and4b_2)
                                         _0288_ (net)
                  0.05    0.00    2.31 v _1009_/A (sky130_fd_sc_hd__buf_1)
    10    0.03    0.18    0.22    2.54 v _1009_/X (sky130_fd_sc_hd__buf_1)
                                         _0289_ (net)
                  0.18    0.00    2.54 v _1036_/B (sky130_fd_sc_hd__and2_2)
     8    0.03    0.09    0.33    2.86 v _1036_/X (sky130_fd_sc_hd__and2_2)
                                         _0316_ (net)
                  0.09    0.00    2.86 v _1037_/B1 (sky130_fd_sc_hd__a211o_2)
     4    0.01    0.08    0.38    3.24 v _1037_/X (sky130_fd_sc_hd__a211o_2)
                                         _0317_ (net)
                  0.08    0.00    3.24 v _1038_/D (sky130_fd_sc_hd__or4_2)
     4    0.02    0.15    0.66    3.90 v _1038_/X (sky130_fd_sc_hd__or4_2)
                                         _0318_ (net)
                  0.15    0.00    3.90 v _1039_/C (sky130_fd_sc_hd__or3_2)
     5    0.02    0.13    0.55    4.45 v _1039_/X (sky130_fd_sc_hd__or3_2)
                                         _0319_ (net)
                  0.13    0.00    4.45 v _1046_/B (sky130_fd_sc_hd__or3_2)
     1    0.00    0.07    0.49    4.94 v _1046_/X (sky130_fd_sc_hd__or3_2)
                                         _0326_ (net)
                  0.07    0.00    4.94 v _1047_/A (sky130_fd_sc_hd__buf_1)
     7    0.02    0.14    0.20    5.14 v _1047_/X (sky130_fd_sc_hd__buf_1)
                                         _0327_ (net)
                  0.14    0.00    5.14 v _1087_/B (sky130_fd_sc_hd__or3_2)
     4    0.01    0.11    0.55    5.69 v _1087_/X (sky130_fd_sc_hd__or3_2)
                                         _0367_ (net)
                  0.11    0.00    5.69 v _1088_/A1 (sky130_fd_sc_hd__o21ai_2)
     2    0.01    0.13    0.19    5.88 ^ _1088_/Y (sky130_fd_sc_hd__o21ai_2)
                                         _0368_ (net)
                  0.13    0.00    5.88 ^ _1090_/A2 (sky130_fd_sc_hd__a21oi_2)
     2    0.01    0.05    0.08    5.96 v _1090_/Y (sky130_fd_sc_hd__a21oi_2)
                                         _0370_ (net)
                  0.05    0.00    5.96 v _1092_/A (sky130_fd_sc_hd__or2_2)
     3    0.01    0.07    0.34    6.30 v _1092_/X (sky130_fd_sc_hd__or2_2)
                                         _0372_ (net)
                  0.07    0.00    6.30 v _1098_/A (sky130_fd_sc_hd__or2_2)
     2    0.00    0.06    0.32    6.62 v _1098_/X (sky130_fd_sc_hd__or2_2)
                                         _0378_ (net)
                  0.06    0.00    6.62 v _1112_/A (sky130_fd_sc_hd__or3_2)
     1    0.00    0.07    0.49    7.11 v _1112_/X (sky130_fd_sc_hd__or3_2)
                                         _0392_ (net)
                  0.07    0.00    7.11 v _1194_/A1 (sky130_fd_sc_hd__o211a_2)
     5    0.02    0.07    0.33    7.43 v _1194_/X (sky130_fd_sc_hd__o211a_2)
                                         _0474_ (net)
                  0.07    0.00    7.43 v _1511_/A1 (sky130_fd_sc_hd__o21a_2)
     2    0.01    0.05    0.25    7.69 v _1511_/X (sky130_fd_sc_hd__o21a_2)
                                         _0779_ (net)
                  0.05    0.00    7.69 v _1519_/B (sky130_fd_sc_hd__xnor2_2)
     1    0.00    0.04    0.13    7.82 v _1519_/Y (sky130_fd_sc_hd__xnor2_2)
                                         _0786_ (net)
                  0.04    0.00    7.82 v _1522_/A2 (sky130_fd_sc_hd__a21o_2)
     2    0.04    0.12    0.32    8.14 v _1522_/X (sky130_fd_sc_hd__a21o_2)
                                         result[18] (net)
                  0.12    0.00    8.14 v result[18] (out)
                                  8.14   data arrival time

                  0.15   10.00   10.00   clock clk (rise edge)
                          0.00   10.00   clock network delay (ideal)
                         -0.25    9.75   clock uncertainty
                          0.00    9.75   clock reconvergence pessimism
                         -2.00    7.75   output external delay
                                  7.75   data required time
-----------------------------------------------------------------------------
                                  7.75   data required time
                                 -8.14   data arrival time
-----------------------------------------------------------------------------
                                 -0.39   slack (VIOLATED)


Startpoint: control (input port clocked by clk)
Endpoint: _2046_ (rising edge-triggered flip-flop clocked by clk)
Path Group: clk
Path Type: max

Fanout     Cap    Slew   Delay    Time   Description
-----------------------------------------------------------------------------
                  0.15    0.00    0.00   clock clk (rise edge)
                          0.00    0.00   clock network delay (ideal)
                          2.00    2.00 v input external delay
     8    0.03    0.07    0.05    2.05 v control (in)
                                         control (net)
                  0.07    0.00    2.05 v _1008_/D (sky130_fd_sc_hd__and4b_2)
     2    0.01    0.05    0.26    2.31 v _1008_/X (sky130_fd_sc_hd__and4b_2)
                                         _0288_ (net)
                  0.05    0.00    2.31 v _1009_/A (sky130_fd_sc_hd__buf_1)
    10    0.03    0.18    0.22    2.54 v _1009_/X (sky130_fd_sc_hd__buf_1)
                                         _0289_ (net)
                  0.18    0.00    2.54 v _1036_/B (sky130_fd_sc_hd__and2_2)
     8    0.03    0.09    0.33    2.86 v _1036_/X (sky130_fd_sc_hd__and2_2)
                                         _0316_ (net)
                  0.09    0.00    2.86 v _1037_/B1 (sky130_fd_sc_hd__a211o_2)
     4    0.01    0.08    0.38    3.24 v _1037_/X (sky130_fd_sc_hd__a211o_2)
                                         _0317_ (net)
                  0.08    0.00    3.24 v _1038_/D (sky130_fd_sc_hd__or4_2)
     4    0.02    0.15    0.66    3.90 v _1038_/X (sky130_fd_sc_hd__or4_2)
                                         _0318_ (net)
                  0.15    0.00    3.90 v _1039_/C (sky130_fd_sc_hd__or3_2)
     5    0.02    0.13    0.55    4.45 v _1039_/X (sky130_fd_sc_hd__or3_2)
                                         _0319_ (net)
                  0.13    0.00    4.45 v _1046_/B (sky130_fd_sc_hd__or3_2)
     1    0.00    0.07    0.49    4.94 v _1046_/X (sky130_fd_sc_hd__or3_2)
                                         _0326_ (net)
                  0.07    0.00    4.94 v _1047_/A (sky130_fd_sc_hd__buf_1)
     7    0.02    0.14    0.20    5.14 v _1047_/X (sky130_fd_sc_hd__buf_1)
                                         _0327_ (net)
                  0.14    0.00    5.14 v _1049_/B (sky130_fd_sc_hd__nor3_2)
     3    0.02    0.33    0.36    5.50 ^ _1049_/Y (sky130_fd_sc_hd__nor3_2)
                                         _0329_ (net)
                  0.33    0.00    5.50 ^ _1057_/A (sky130_fd_sc_hd__and3_2)
     1    0.00    0.04    0.25    5.74 ^ _1057_/X (sky130_fd_sc_hd__and3_2)
                                         _0337_ (net)
                  0.04    0.00    5.74 ^ _1058_/A (sky130_fd_sc_hd__buf_1)
     8    0.04    0.46    0.39    6.13 ^ _1058_/X (sky130_fd_sc_hd__buf_1)
                                         _0338_ (net)
                  0.46    0.00    6.14 ^ _1065_/A (sky130_fd_sc_hd__and4_2)
     1    0.00    0.06    0.32    6.46 ^ _1065_/X (sky130_fd_sc_hd__and4_2)
                                         _0345_ (net)
                  0.06    0.00    6.46 ^ _1066_/A (sky130_fd_sc_hd__buf_1)
     6    0.03    0.32    0.29    6.74 ^ _1066_/X (sky130_fd_sc_hd__buf_1)
                                         _0346_ (net)
                  0.32    0.00    6.75 ^ _1068_/B (sky130_fd_sc_hd__nand3b_2)
     8    0.03    0.20    0.25    7.00 v _1068_/Y (sky130_fd_sc_hd__nand3b_2)
                                         _0348_ (net)
                  0.20    0.00    7.00 v _1197_/B (sky130_fd_sc_hd__and3_2)
     3    0.01    0.05    0.29    7.29 v _1197_/X (sky130_fd_sc_hd__and3_2)
                                         _0477_ (net)
                  0.05    0.00    7.29 v _1203_/A (sky130_fd_sc_hd__or4_2)
     3    0.01    0.11    0.71    8.01 v _1203_/X (sky130_fd_sc_hd__or4_2)
                                         _0483_ (net)
                  0.11    0.00    8.01 v _1237_/A (sky130_fd_sc_hd__or4_2)
     1    0.00    0.10    0.70    8.71 v _1237_/X (sky130_fd_sc_hd__or4_2)
                                         _0517_ (net)
                  0.10    0.00    8.71 v _1248_/A2 (sky130_fd_sc_hd__o211a_2)
     4    0.02    0.07    0.31    9.02 v _1248_/X (sky130_fd_sc_hd__o211a_2)
                                         _0528_ (net)
                  0.07    0.00    9.02 v _1433_/B (sky130_fd_sc_hd__or2_2)
     2    0.01    0.07    0.31    9.34 v _1433_/X (sky130_fd_sc_hd__or2_2)
                                         _0709_ (net)
                  0.07    0.00    9.34 v _1480_/A1 (sky130_fd_sc_hd__a31o_2)
     2    0.05    0.13    0.32    9.65 v _1480_/X (sky130_fd_sc_hd__a31o_2)
                                         result[24] (net)
                  0.13    0.00    9.66 v _1748_/A1 (sky130_fd_sc_hd__mux2_2)
     1    0.00    0.05    0.30    9.96 v _1748_/X (sky130_fd_sc_hd__mux2_2)
                                         _0925_ (net)
                  0.05    0.00    9.96 v _1749_/A (sky130_fd_sc_hd__buf_1)
     1    0.00    0.02    0.09   10.05 v _1749_/X (sky130_fd_sc_hd__buf_1)
                                         _0187_ (net)
                  0.02    0.00   10.05 v _2046_/D (sky130_fd_sc_hd__dfrtp_2)
                                 10.05   data arrival time

                  0.15   10.00   10.00   clock clk (rise edge)
                          0.00   10.00   clock network delay (ideal)
                         -0.25    9.75   clock uncertainty
                          0.00    9.75   clock reconvergence pessimism
                                  9.75 ^ _2046_/CLK (sky130_fd_sc_hd__dfrtp_2)
                         -0.08    9.67   library setup time
                                  9.67   data required time
-----------------------------------------------------------------------------
                                  9.67   data required time
                                -10.05   data arrival time
-----------------------------------------------------------------------------
                                 -0.38   slack (VIOLATED)


Startpoint: control (input port clocked by clk)
Endpoint: result[16] (output port clocked by clk)
Path Group: clk
Path Type: max

Fanout     Cap    Slew   Delay    Time   Description
-----------------------------------------------------------------------------
                  0.15    0.00    0.00   clock clk (rise edge)
                          0.00    0.00   clock network delay (ideal)
                          2.00    2.00 v input external delay
     8    0.03    0.07    0.05    2.05 v control (in)
                                         control (net)
                  0.07    0.00    2.05 v _1008_/D (sky130_fd_sc_hd__and4b_2)
     2    0.01    0.05    0.26    2.31 v _1008_/X (sky130_fd_sc_hd__and4b_2)
                                         _0288_ (net)
                  0.05    0.00    2.31 v _1009_/A (sky130_fd_sc_hd__buf_1)
    10    0.03    0.18    0.22    2.54 v _1009_/X (sky130_fd_sc_hd__buf_1)
                                         _0289_ (net)
                  0.18    0.00    2.54 v _1036_/B (sky130_fd_sc_hd__and2_2)
     8    0.03    0.09    0.33    2.86 v _1036_/X (sky130_fd_sc_hd__and2_2)
                                         _0316_ (net)
                  0.09    0.00    2.86 v _1037_/B1 (sky130_fd_sc_hd__a211o_2)
     4    0.01    0.08    0.38    3.24 v _1037_/X (sky130_fd_sc_hd__a211o_2)
                                         _0317_ (net)
                  0.08    0.00    3.24 v _1038_/D (sky130_fd_sc_hd__or4_2)
     4    0.02    0.15    0.66    3.90 v _1038_/X (sky130_fd_sc_hd__or4_2)
                                         _0318_ (net)
                  0.15    0.00    3.90 v _1039_/C (sky130_fd_sc_hd__or3_2)
     5    0.02    0.13    0.55    4.45 v _1039_/X (sky130_fd_sc_hd__or3_2)
                                         _0319_ (net)
                  0.13    0.00    4.45 v _1046_/B (sky130_fd_sc_hd__or3_2)
     1    0.00    0.07    0.49    4.94 v _1046_/X (sky130_fd_sc_hd__or3_2)
                                         _0326_ (net)
                  0.07    0.00    4.94 v _1047_/A (sky130_fd_sc_hd__buf_1)
     7    0.02    0.14    0.20    5.14 v _1047_/X (sky130_fd_sc_hd__buf_1)
                                         _0327_ (net)
                  0.14    0.00    5.14 v _1087_/B (sky130_fd_sc_hd__or3_2)
     4    0.01    0.11    0.55    5.69 v _1087_/X (sky130_fd_sc_hd__or3_2)
                                         _0367_ (net)
                  0.11    0.00    5.69 v _1088_/A1 (sky130_fd_sc_hd__o21ai_2)
     2    0.01    0.13    0.19    5.88 ^ _1088_/Y (sky130_fd_sc_hd__o21ai_2)
                                         _0368_ (net)
                  0.13    0.00    5.88 ^ _1090_/A2 (sky130_fd_sc_hd__a21oi_2)
     2    0.01    0.05    0.08    5.96 v _1090_/Y (sky130_fd_sc_hd__a21oi_2)
                                         _0370_ (net)
                  0.05    0.00    5.96 v _1092_/A (sky130_fd_sc_hd__or2_2)
     3    0.01    0.07    0.34    6.30 v _1092_/X (sky130_fd_sc_hd__or2_2)
                                         _0372_ (net)
                  0.07    0.00    6.30 v _1098_/A (sky130_fd_sc_hd__or2_2)
     2    0.00    0.06    0.32    6.62 v _1098_/X (sky130_fd_sc_hd__or2_2)
                                         _0378_ (net)
                  0.06    0.00    6.62 v _1112_/A (sky130_fd_sc_hd__or3_2)
     1    0.00    0.07    0.49    7.11 v _1112_/X (sky130_fd_sc_hd__or3_2)
                                         _0392_ (net)
                  0.07    0.00    7.11 v _1194_/A1 (sky130_fd_sc_hd__o211a_2)
     5    0.02    0.07    0.33    7.43 v _1194_/X (sky130_fd_sc_hd__o211a_2)
                                         _0474_ (net)
                  0.07    0.00    7.43 v _1524_/A_N (sky130_fd_sc_hd__and2b_2)
     2    0.01    0.05    0.24    7.67 ^ _1524_/X (sky130_fd_sc_hd__and2b_2)
                                         _0790_ (net)
                  0.05    0.00    7.67 ^ _1531_/B (sky130_fd_sc_hd__nor2_2)
     1    0.00    0.06    0.03    7.70 v _1531_/Y (sky130_fd_sc_hd__nor2_2)
                                         _0796_ (net)
                  0.06    0.00    7.70 v _1534_/A2 (sky130_fd_sc_hd__a21o_2)
     2    0.05    0.13    0.33    8.03 v _1534_/X (sky130_fd_sc_hd__a21o_2)
                                         result[16] (net)
                  0.13    0.00    8.04 v result[16] (out)
                                  8.04   data arrival time

                  0.15   10.00   10.00   clock clk (rise edge)
                          0.00   10.00   clock network delay (ideal)
                         -0.25    9.75   clock uncertainty
                          0.00    9.75   clock reconvergence pessimism
                         -2.00    7.75   output external delay
                                  7.75   data required time
-----------------------------------------------------------------------------
                                  7.75   data required time
                                 -8.04   data arrival time
-----------------------------------------------------------------------------
                                 -0.29   slack (VIOLATED)


Startpoint: control (input port clocked by clk)
Endpoint: _2047_ (rising edge-triggered flip-flop clocked by clk)
Path Group: clk
Path Type: max

Fanout     Cap    Slew   Delay    Time   Description
-----------------------------------------------------------------------------
                  0.15    0.00    0.00   clock clk (rise edge)
                          0.00    0.00   clock network delay (ideal)
                          2.00    2.00 v input external delay
     8    0.03    0.07    0.05    2.05 v control (in)
                                         control (net)
                  0.07    0.00    2.05 v _1008_/D (sky130_fd_sc_hd__and4b_2)
     2    0.01    0.05    0.26    2.31 v _1008_/X (sky130_fd_sc_hd__and4b_2)
                                         _0288_ (net)
                  0.05    0.00    2.31 v _1009_/A (sky130_fd_sc_hd__buf_1)
    10    0.03    0.18    0.22    2.54 v _1009_/X (sky130_fd_sc_hd__buf_1)
                                         _0289_ (net)
                  0.18    0.00    2.54 v _1036_/B (sky130_fd_sc_hd__and2_2)
     8    0.03    0.09    0.33    2.86 v _1036_/X (sky130_fd_sc_hd__and2_2)
                                         _0316_ (net)
                  0.09    0.00    2.86 v _1037_/B1 (sky130_fd_sc_hd__a211o_2)
     4    0.01    0.08    0.38    3.24 v _1037_/X (sky130_fd_sc_hd__a211o_2)
                                         _0317_ (net)
                  0.08    0.00    3.24 v _1038_/D (sky130_fd_sc_hd__or4_2)
     4    0.02    0.15    0.66    3.90 v _1038_/X (sky130_fd_sc_hd__or4_2)
                                         _0318_ (net)
                  0.15    0.00    3.90 v _1039_/C (sky130_fd_sc_hd__or3_2)
     5    0.02    0.13    0.55    4.45 v _1039_/X (sky130_fd_sc_hd__or3_2)
                                         _0319_ (net)
                  0.13    0.00    4.45 v _1046_/B (sky130_fd_sc_hd__or3_2)
     1    0.00    0.07    0.49    4.94 v _1046_/X (sky130_fd_sc_hd__or3_2)
                                         _0326_ (net)
                  0.07    0.00    4.94 v _1047_/A (sky130_fd_sc_hd__buf_1)
     7    0.02    0.14    0.20    5.14 v _1047_/X (sky130_fd_sc_hd__buf_1)
                                         _0327_ (net)
                  0.14    0.00    5.14 v _1049_/B (sky130_fd_sc_hd__nor3_2)
     3    0.02    0.33    0.36    5.50 ^ _1049_/Y (sky130_fd_sc_hd__nor3_2)
                                         _0329_ (net)
                  0.33    0.00    5.50 ^ _1057_/A (sky130_fd_sc_hd__and3_2)
     1    0.00    0.04    0.25    5.74 ^ _1057_/X (sky130_fd_sc_hd__and3_2)
                                         _0337_ (net)
                  0.04    0.00    5.74 ^ _1058_/A (sky130_fd_sc_hd__buf_1)
     8    0.04    0.46    0.39    6.13 ^ _1058_/X (sky130_fd_sc_hd__buf_1)
                                         _0338_ (net)
                  0.46    0.00    6.14 ^ _1065_/A (sky130_fd_sc_hd__and4_2)
     1    0.00    0.06    0.32    6.46 ^ _1065_/X (sky130_fd_sc_hd__and4_2)
                                         _0345_ (net)
                  0.06    0.00    6.46 ^ _1066_/A (sky130_fd_sc_hd__buf_1)
     6    0.03    0.32    0.29    6.74 ^ _1066_/X (sky130_fd_sc_hd__buf_1)
                                         _0346_ (net)
                  0.32    0.00    6.75 ^ _1068_/B (sky130_fd_sc_hd__nand3b_2)
     8    0.03    0.20    0.25    7.00 v _1068_/Y (sky130_fd_sc_hd__nand3b_2)
                                         _0348_ (net)
                  0.20    0.00    7.00 v _1197_/B (sky130_fd_sc_hd__and3_2)
     3    0.01    0.05    0.29    7.29 v _1197_/X (sky130_fd_sc_hd__and3_2)
                                         _0477_ (net)
                  0.05    0.00    7.29 v _1203_/A (sky130_fd_sc_hd__or4_2)
     3    0.01    0.11    0.71    8.01 v _1203_/X (sky130_fd_sc_hd__or4_2)
                                         _0483_ (net)
                  0.11    0.00    8.01 v _1237_/A (sky130_fd_sc_hd__or4_2)
     1    0.00    0.10    0.70    8.71 v _1237_/X (sky130_fd_sc_hd__or4_2)
                                         _0517_ (net)
                  0.10    0.00    8.71 v _1248_/A2 (sky130_fd_sc_hd__o211a_2)
     4    0.02    0.07    0.31    9.02 v _1248_/X (sky130_fd_sc_hd__o211a_2)
                                         _0528_ (net)
                  0.07    0.00    9.02 v _1459_/B (sky130_fd_sc_hd__nor2_2)
     2    0.01    0.10    0.11    9.14 ^ _1459_/Y (sky130_fd_sc_hd__nor2_2)
                                         _0733_ (net)
                  0.10    0.00    9.14 ^ _1461_/A2 (sky130_fd_sc_hd__o21bai_2)
     1    0.00    0.04    0.06    9.20 v _1461_/Y (sky130_fd_sc_hd__o21bai_2)
                                         _0735_ (net)
                  0.04    0.00    9.20 v _1470_/A3 (sky130_fd_sc_hd__a31o_2)
     2    0.05    0.13    0.36    9.55 v _1470_/X (sky130_fd_sc_hd__a31o_2)
                                         result[25] (net)
                  0.13    0.00    9.56 v _1746_/A1 (sky130_fd_sc_hd__mux2_2)
     1    0.00    0.05    0.30    9.86 v _1746_/X (sky130_fd_sc_hd__mux2_2)
                                         _0924_ (net)
                  0.05    0.00    9.86 v _1747_/A (sky130_fd_sc_hd__buf_1)
     1    0.00    0.02    0.09    9.95 v _1747_/X (sky130_fd_sc_hd__buf_1)
                                         _0188_ (net)
                  0.02    0.00    9.95 v _2047_/D (sky130_fd_sc_hd__dfrtp_2)
                                  9.95   data arrival time

                  0.15   10.00   10.00   clock clk (rise edge)
                          0.00   10.00   clock network delay (ideal)
                         -0.25    9.75   clock uncertainty
                          0.00    9.75   clock reconvergence pessimism
                                  9.75 ^ _2047_/CLK (sky130_fd_sc_hd__dfrtp_2)
                         -0.08    9.67   library setup time
                                  9.67   data required time
-----------------------------------------------------------------------------
                                  9.67   data required time
                                 -9.95   data arrival time
-----------------------------------------------------------------------------
                                 -0.28   slack (VIOLATED)


Startpoint: control (input port clocked by clk)
Endpoint: result[8] (output port clocked by clk)
Path Group: clk
Path Type: max

Fanout     Cap    Slew   Delay    Time   Description
-----------------------------------------------------------------------------
                  0.15    0.00    0.00   clock clk (rise edge)
                          0.00    0.00   clock network delay (ideal)
                          2.00    2.00 ^ input external delay
     8    0.03    0.14    0.11    2.11 ^ control (in)
                                         control (net)
                  0.14    0.00    2.11 ^ _0991_/D (sky130_fd_sc_hd__and4bb_2)
    10    0.03    0.22    0.40    2.51 ^ _0991_/X (sky130_fd_sc_hd__and4bb_2)
                                         _0271_ (net)
                  0.22    0.00    2.51 ^ _0992_/A (sky130_fd_sc_hd__buf_1)
    10    0.04    0.43    0.41    2.92 ^ _0992_/X (sky130_fd_sc_hd__buf_1)
                                         _0272_ (net)
                  0.43    0.00    2.92 ^ _0993_/A (sky130_fd_sc_hd__buf_1)
    10    0.05    0.55    0.51    3.43 ^ _0993_/X (sky130_fd_sc_hd__buf_1)
                                         _0273_ (net)
                  0.55    0.00    3.43 ^ _0994_/A (sky130_fd_sc_hd__buf_1)
    10    0.06    0.65    0.59    4.02 ^ _0994_/X (sky130_fd_sc_hd__buf_1)
                                         _0274_ (net)
                  0.65    0.00    4.02 ^ _0995_/A (sky130_fd_sc_hd__buf_1)
    10    0.05    0.61    0.57    4.60 ^ _0995_/X (sky130_fd_sc_hd__buf_1)
                                         _0275_ (net)
                  0.61    0.00    4.60 ^ _0996_/A (sky130_fd_sc_hd__buf_1)
    10    0.05    0.59    0.56    5.16 ^ _0996_/X (sky130_fd_sc_hd__buf_1)
                                         _0276_ (net)
                  0.59    0.00    5.16 ^ _0997_/A (sky130_fd_sc_hd__buf_1)
    10    0.04    0.45    0.45    5.61 ^ _0997_/X (sky130_fd_sc_hd__buf_1)
                                         _0277_ (net)
                  0.45    0.00    5.61 ^ _0998_/A (sky130_fd_sc_hd__buf_1)
    10    0.05    0.59    0.54    6.15 ^ _0998_/X (sky130_fd_sc_hd__buf_1)
                                         _0278_ (net)
                  0.59    0.00    6.16 ^ _1306_/B1 (sky130_fd_sc_hd__a221oi_2)
    10    0.04    0.24    0.29    6.45 v _1306_/Y (sky130_fd_sc_hd__a221oi_2)
                                         _0586_ (net)
                  0.24    0.00    6.45 v _1307_/A (sky130_fd_sc_hd__buf_1)
    10    0.04    0.21    0.32    6.77 v _1307_/X (sky130_fd_sc_hd__buf_1)
                                         _0587_ (net)
                  0.21    0.00    6.77 v _1476_/S (sky130_fd_sc_hd__mux2_2)
     2    0.01    0.06    0.36    7.13 v _1476_/X (sky130_fd_sc_hd__mux2_2)
                                         _0749_ (net)
                  0.06    0.00    7.13 v _1478_/A0 (sky130_fd_sc_hd__mux2_2)
     2    0.01    0.06    0.29    7.42 v _1478_/X (sky130_fd_sc_hd__mux2_2)
                                         _0751_ (net)
                  0.06    0.00    7.42 v _1567_/B (sky130_fd_sc_hd__and2_2)
     2    0.01    0.05    0.22    7.64 v _1567_/X (sky130_fd_sc_hd__and2_2)
                                         _0824_ (net)
                  0.05    0.00    7.64 v _1568_/B1 (sky130_fd_sc_hd__a31o_2)
     2    0.05    0.15    0.34    7.97 v _1568_/X (sky130_fd_sc_hd__a31o_2)
                                         result[8] (net)
                  0.15    0.01    7.98 v result[8] (out)
                                  7.98   data arrival time

                  0.15   10.00   10.00   clock clk (rise edge)
                          0.00   10.00   clock network delay (ideal)
                         -0.25    9.75   clock uncertainty
                          0.00    9.75   clock reconvergence pessimism
                         -2.00    7.75   output external delay
                                  7.75   data required time
-----------------------------------------------------------------------------
                                  7.75   data required time
                                 -7.98   data arrival time
-----------------------------------------------------------------------------
                                 -0.23   slack (VIOLATED)


Startpoint: control (input port clocked by clk)
Endpoint: result[13] (output port clocked by clk)
Path Group: clk
Path Type: max

Fanout     Cap    Slew   Delay    Time   Description
-----------------------------------------------------------------------------
                  0.15    0.00    0.00   clock clk (rise edge)
                          0.00    0.00   clock network delay (ideal)
                          2.00    2.00 ^ input external delay
     8    0.03    0.14    0.11    2.11 ^ control (in)
                                         control (net)
                  0.14    0.00    2.11 ^ _0991_/D (sky130_fd_sc_hd__and4bb_2)
    10    0.03    0.22    0.40    2.51 ^ _0991_/X (sky130_fd_sc_hd__and4bb_2)
                                         _0271_ (net)
                  0.22    0.00    2.51 ^ _0992_/A (sky130_fd_sc_hd__buf_1)
    10    0.04    0.43    0.41    2.92 ^ _0992_/X (sky130_fd_sc_hd__buf_1)
                                         _0272_ (net)
                  0.43    0.00    2.92 ^ _0993_/A (sky130_fd_sc_hd__buf_1)
    10    0.05    0.55    0.51    3.43 ^ _0993_/X (sky130_fd_sc_hd__buf_1)
                                         _0273_ (net)
                  0.55    0.00    3.43 ^ _0994_/A (sky130_fd_sc_hd__buf_1)
    10    0.06    0.65    0.59    4.02 ^ _0994_/X (sky130_fd_sc_hd__buf_1)
                                         _0274_ (net)
                  0.65    0.00    4.02 ^ _0995_/A (sky130_fd_sc_hd__buf_1)
    10    0.05    0.61    0.57    4.60 ^ _0995_/X (sky130_fd_sc_hd__buf_1)
                                         _0275_ (net)
                  0.61    0.00    4.60 ^ _0996_/A (sky130_fd_sc_hd__buf_1)
    10    0.05    0.59    0.56    5.16 ^ _0996_/X (sky130_fd_sc_hd__buf_1)
                                         _0276_ (net)
                  0.59    0.00    5.16 ^ _0997_/A (sky130_fd_sc_hd__buf_1)
    10    0.04    0.45    0.45    5.61 ^ _0997_/X (sky130_fd_sc_hd__buf_1)
                                         _0277_ (net)
                  0.45    0.00    5.61 ^ _0998_/A (sky130_fd_sc_hd__buf_1)
    10    0.05    0.59    0.54    6.15 ^ _0998_/X (sky130_fd_sc_hd__buf_1)
                                         _0278_ (net)
                  0.59    0.00    6.16 ^ _1306_/B1 (sky130_fd_sc_hd__a221oi_2)
    10    0.04    0.24    0.29    6.45 v _1306_/Y (sky130_fd_sc_hd__a221oi_2)
                                         _0586_ (net)
                  0.24    0.00    6.45 v _1307_/A (sky130_fd_sc_hd__buf_1)
    10    0.04    0.21    0.32    6.77 v _1307_/X (sky130_fd_sc_hd__buf_1)
                                         _0587_ (net)
                  0.21    0.00    6.77 v _1407_/S (sky130_fd_sc_hd__mux2_2)
     2    0.00    0.05    0.35    7.12 v _1407_/X (sky130_fd_sc_hd__mux2_2)
                                         _0685_ (net)
                  0.05    0.00    7.12 v _1408_/A1 (sky130_fd_sc_hd__mux2_2)
     2    0.01    0.07    0.30    7.42 v _1408_/X (sky130_fd_sc_hd__mux2_2)
                                         _0686_ (net)
                  0.07    0.00    7.42 v _1545_/B (sky130_fd_sc_hd__and2_2)
     2    0.01    0.05    0.22    7.64 v _1545_/X (sky130_fd_sc_hd__and2_2)
                                         _0807_ (net)
                  0.05    0.00    7.64 v _1546_/B1 (sky130_fd_sc_hd__a31o_2)
     2    0.05    0.13    0.33    7.97 v _1546_/X (sky130_fd_sc_hd__a31o_2)
                                         result[13] (net)
                  0.13    0.01    7.98 v result[13] (out)
                                  7.98   data arrival time

                  0.15   10.00   10.00   clock clk (rise edge)
                          0.00   10.00   clock network delay (ideal)
                         -0.25    9.75   clock uncertainty
                          0.00    9.75   clock reconvergence pessimism
                         -2.00    7.75   output external delay
                                  7.75   data required time
-----------------------------------------------------------------------------
                                  7.75   data required time
                                 -7.98   data arrival time
-----------------------------------------------------------------------------
                                 -0.23   slack (VIOLATED)


Startpoint: control (input port clocked by clk)
Endpoint: result[15] (output port clocked by clk)
Path Group: clk
Path Type: max

Fanout     Cap    Slew   Delay    Time   Description
-----------------------------------------------------------------------------
                  0.15    0.00    0.00   clock clk (rise edge)
                          0.00    0.00   clock network delay (ideal)
                          2.00    2.00 v input external delay
     8    0.03    0.07    0.05    2.05 v control (in)
                                         control (net)
                  0.07    0.00    2.05 v _1008_/D (sky130_fd_sc_hd__and4b_2)
     2    0.01    0.05    0.26    2.31 v _1008_/X (sky130_fd_sc_hd__and4b_2)
                                         _0288_ (net)
                  0.05    0.00    2.31 v _1009_/A (sky130_fd_sc_hd__buf_1)
    10    0.03    0.18    0.22    2.54 v _1009_/X (sky130_fd_sc_hd__buf_1)
                                         _0289_ (net)
                  0.18    0.00    2.54 v _1036_/B (sky130_fd_sc_hd__and2_2)
     8    0.03    0.09    0.33    2.86 v _1036_/X (sky130_fd_sc_hd__and2_2)
                                         _0316_ (net)
                  0.09    0.00    2.86 v _1037_/B1 (sky130_fd_sc_hd__a211o_2)
     4    0.01    0.08    0.38    3.24 v _1037_/X (sky130_fd_sc_hd__a211o_2)
                                         _0317_ (net)
                  0.08    0.00    3.24 v _1038_/D (sky130_fd_sc_hd__or4_2)
     4    0.02    0.15    0.66    3.90 v _1038_/X (sky130_fd_sc_hd__or4_2)
                                         _0318_ (net)
                  0.15    0.00    3.90 v _1039_/C (sky130_fd_sc_hd__or3_2)
     5    0.02    0.13    0.55    4.45 v _1039_/X (sky130_fd_sc_hd__or3_2)
                                         _0319_ (net)
                  0.13    0.00    4.45 v _1163_/C (sky130_fd_sc_hd__or4_2)
     1    0.00    0.09    0.65    5.10 v _1163_/X (sky130_fd_sc_hd__or4_2)
                                         _0443_ (net)
                  0.09    0.00    5.10 v _1164_/A (sky130_fd_sc_hd__buf_1)
     5    0.02    0.13    0.20    5.30 v _1164_/X (sky130_fd_sc_hd__buf_1)
                                         _0444_ (net)
                  0.13    0.00    5.30 v _1176_/A2 (sky130_fd_sc_hd__o21a_2)
     2    0.01    0.05    0.25    5.55 v _1176_/X (sky130_fd_sc_hd__o21a_2)
                                         _0456_ (net)
                  0.05    0.00    5.55 v _1178_/A2 (sky130_fd_sc_hd__o21a_2)
     2    0.00    0.04    0.20    5.75 v _1178_/X (sky130_fd_sc_hd__o21a_2)
                                         _0458_ (net)
                  0.04    0.00    5.75 v _1184_/B (sky130_fd_sc_hd__or3b_2)
     2    0.01    0.10    0.49    6.24 v _1184_/X (sky130_fd_sc_hd__or3b_2)
                                         _0464_ (net)
                  0.10    0.00    6.24 v _1189_/B1 (sky130_fd_sc_hd__o22ai_2)
     1    0.00    0.13    0.14    6.38 ^ _1189_/Y (sky130_fd_sc_hd__o22ai_2)
                                         _0469_ (net)
                  0.13    0.00    6.38 ^ _1190_/B1 (sky130_fd_sc_hd__a31oi_2)
     3    0.02    0.12    0.09    6.47 v _1190_/Y (sky130_fd_sc_hd__a31oi_2)
                                         _0470_ (net)
                  0.12    0.00    6.47 v _1535_/B (sky130_fd_sc_hd__or2_2)
     3    0.01    0.08    0.35    6.83 v _1535_/X (sky130_fd_sc_hd__or2_2)
                                         _0799_ (net)
                  0.08    0.00    6.83 v _1536_/A2 (sky130_fd_sc_hd__a21oi_2)
     2    0.01    0.16    0.21    7.04 ^ _1536_/Y (sky130_fd_sc_hd__a21oi_2)
                                         _0800_ (net)
                  0.16    0.00    7.04 ^ _1537_/B_N (sky130_fd_sc_hd__or2b_2)
     2    0.01    0.06    0.34    7.38 v _1537_/X (sky130_fd_sc_hd__or2b_2)
                                         _0801_ (net)
                  0.06    0.00    7.38 v _1539_/A2 (sky130_fd_sc_hd__a21o_2)
     1    0.00    0.03    0.22    7.60 v _1539_/X (sky130_fd_sc_hd__a21o_2)
                                         _0803_ (net)
                  0.03    0.00    7.60 v _1540_/A3 (sky130_fd_sc_hd__a32o_2)
     2    0.05    0.14    0.37    7.97 v _1540_/X (sky130_fd_sc_hd__a32o_2)
                                         result[15] (net)
                  0.14    0.01    7.98 v result[15] (out)
                                  7.98   data arrival time

                  0.15   10.00   10.00   clock clk (rise edge)
                          0.00   10.00   clock network delay (ideal)
                         -0.25    9.75   clock uncertainty
                          0.00    9.75   clock reconvergence pessimism
                         -2.00    7.75   output external delay
                                  7.75   data required time
-----------------------------------------------------------------------------
                                  7.75   data required time
                                 -7.98   data arrival time
-----------------------------------------------------------------------------
                                 -0.23   slack (VIOLATED)


Startpoint: control (input port clocked by clk)
Endpoint: result[9] (output port clocked by clk)
Path Group: clk
Path Type: max

Fanout     Cap    Slew   Delay    Time   Description
-----------------------------------------------------------------------------
                  0.15    0.00    0.00   clock clk (rise edge)
                          0.00    0.00   clock network delay (ideal)
                          2.00    2.00 ^ input external delay
     8    0.03    0.14    0.11    2.11 ^ control (in)
                                         control (net)
                  0.14    0.00    2.11 ^ _0991_/D (sky130_fd_sc_hd__and4bb_2)
    10    0.03    0.22    0.40    2.51 ^ _0991_/X (sky130_fd_sc_hd__and4bb_2)
                                         _0271_ (net)
                  0.22    0.00    2.51 ^ _0992_/A (sky130_fd_sc_hd__buf_1)
    10    0.04    0.43    0.41    2.92 ^ _0992_/X (sky130_fd_sc_hd__buf_1)
                                         _0272_ (net)
                  0.43    0.00    2.92 ^ _0993_/A (sky130_fd_sc_hd__buf_1)
    10    0.05    0.55    0.51    3.43 ^ _0993_/X (sky130_fd_sc_hd__buf_1)
                                         _0273_ (net)
                  0.55    0.00    3.43 ^ _0994_/A (sky130_fd_sc_hd__buf_1)
    10    0.06    0.65    0.59    4.02 ^ _0994_/X (sky130_fd_sc_hd__buf_1)
                                         _0274_ (net)
                  0.65    0.00    4.02 ^ _0995_/A (sky130_fd_sc_hd__buf_1)
    10    0.05    0.61    0.57    4.60 ^ _0995_/X (sky130_fd_sc_hd__buf_1)
                                         _0275_ (net)
                  0.61    0.00    4.60 ^ _0996_/A (sky130_fd_sc_hd__buf_1)
    10    0.05    0.59    0.56    5.16 ^ _0996_/X (sky130_fd_sc_hd__buf_1)
                                         _0276_ (net)
                  0.59    0.00    5.16 ^ _0997_/A (sky130_fd_sc_hd__buf_1)
    10    0.04    0.45    0.45    5.61 ^ _0997_/X (sky130_fd_sc_hd__buf_1)
                                         _0277_ (net)
                  0.45    0.00    5.61 ^ _0998_/A (sky130_fd_sc_hd__buf_1)
    10    0.05    0.59    0.54    6.15 ^ _0998_/X (sky130_fd_sc_hd__buf_1)
                                         _0278_ (net)
                  0.59    0.00    6.16 ^ _1306_/B1 (sky130_fd_sc_hd__a221oi_2)
    10    0.04    0.24    0.29    6.45 v _1306_/Y (sky130_fd_sc_hd__a221oi_2)
                                         _0586_ (net)
                  0.24    0.00    6.45 v _1307_/A (sky130_fd_sc_hd__buf_1)
    10    0.04    0.21    0.32    6.77 v _1307_/X (sky130_fd_sc_hd__buf_1)
                                         _0587_ (net)
                  0.21    0.00    6.77 v _1467_/S (sky130_fd_sc_hd__mux2_2)
     2    0.01    0.06    0.36    7.13 v _1467_/X (sky130_fd_sc_hd__mux2_2)
                                         _0741_ (net)
                  0.06    0.00    7.13 v _1468_/A1 (sky130_fd_sc_hd__mux2_2)
     2    0.01    0.06    0.29    7.42 v _1468_/X (sky130_fd_sc_hd__mux2_2)
                                         _0742_ (net)
                  0.06    0.00    7.42 v _1564_/B (sky130_fd_sc_hd__and2_2)
     2    0.01    0.05    0.22    7.64 v _1564_/X (sky130_fd_sc_hd__and2_2)
                                         _0822_ (net)
                  0.05    0.00    7.64 v _1565_/B1 (sky130_fd_sc_hd__a21o_2)
     2    0.05    0.14    0.31    7.95 v _1565_/X (sky130_fd_sc_hd__a21o_2)
                                         result[9] (net)
                  0.15    0.01    7.96 v result[9] (out)
                                  7.96   data arrival time

                  0.15   10.00   10.00   clock clk (rise edge)
                          0.00   10.00   clock network delay (ideal)
                         -0.25    9.75   clock uncertainty
                          0.00    9.75   clock reconvergence pessimism
                         -2.00    7.75   output external delay
                                  7.75   data required time
-----------------------------------------------------------------------------
                                  7.75   data required time
                                 -7.96   data arrival time
-----------------------------------------------------------------------------
                                 -0.21   slack (VIOLATED)


Startpoint: control (input port clocked by clk)
Endpoint: result[10] (output port clocked by clk)
Path Group: clk
Path Type: max

Fanout     Cap    Slew   Delay    Time   Description
-----------------------------------------------------------------------------
                  0.15    0.00    0.00   clock clk (rise edge)
                          0.00    0.00   clock network delay (ideal)
                          2.00    2.00 ^ input external delay
     8    0.03    0.14    0.11    2.11 ^ control (in)
                                         control (net)
                  0.14    0.00    2.11 ^ _0991_/D (sky130_fd_sc_hd__and4bb_2)
    10    0.03    0.22    0.40    2.51 ^ _0991_/X (sky130_fd_sc_hd__and4bb_2)
                                         _0271_ (net)
                  0.22    0.00    2.51 ^ _0992_/A (sky130_fd_sc_hd__buf_1)
    10    0.04    0.43    0.41    2.92 ^ _0992_/X (sky130_fd_sc_hd__buf_1)
                                         _0272_ (net)
                  0.43    0.00    2.92 ^ _0993_/A (sky130_fd_sc_hd__buf_1)
    10    0.05    0.55    0.51    3.43 ^ _0993_/X (sky130_fd_sc_hd__buf_1)
                                         _0273_ (net)
                  0.55    0.00    3.43 ^ _0994_/A (sky130_fd_sc_hd__buf_1)
    10    0.06    0.65    0.59    4.02 ^ _0994_/X (sky130_fd_sc_hd__buf_1)
                                         _0274_ (net)
                  0.65    0.00    4.02 ^ _0995_/A (sky130_fd_sc_hd__buf_1)
    10    0.05    0.61    0.57    4.60 ^ _0995_/X (sky130_fd_sc_hd__buf_1)
                                         _0275_ (net)
                  0.61    0.00    4.60 ^ _0996_/A (sky130_fd_sc_hd__buf_1)
    10    0.05    0.59    0.56    5.16 ^ _0996_/X (sky130_fd_sc_hd__buf_1)
                                         _0276_ (net)
                  0.59    0.00    5.16 ^ _0997_/A (sky130_fd_sc_hd__buf_1)
    10    0.04    0.45    0.45    5.61 ^ _0997_/X (sky130_fd_sc_hd__buf_1)
                                         _0277_ (net)
                  0.45    0.00    5.61 ^ _0998_/A (sky130_fd_sc_hd__buf_1)
    10    0.05    0.59    0.54    6.15 ^ _0998_/X (sky130_fd_sc_hd__buf_1)
                                         _0278_ (net)
                  0.59    0.00    6.16 ^ _1306_/B1 (sky130_fd_sc_hd__a221oi_2)
    10    0.04    0.24    0.29    6.45 v _1306_/Y (sky130_fd_sc_hd__a221oi_2)
                                         _0586_ (net)
                  0.24    0.00    6.45 v _1310_/A (sky130_fd_sc_hd__buf_1)
    10    0.04    0.23    0.33    6.78 v _1310_/X (sky130_fd_sc_hd__buf_1)
                                         _0590_ (net)
                  0.23    0.00    6.78 v _1454_/A (sky130_fd_sc_hd__and2_2)
     4    0.02    0.07    0.30    7.08 v _1454_/X (sky130_fd_sc_hd__and2_2)
                                         _0729_ (net)
                  0.07    0.00    7.08 v _1456_/A0 (sky130_fd_sc_hd__mux2_2)
     2    0.01    0.06    0.30    7.38 v _1456_/X (sky130_fd_sc_hd__mux2_2)
                                         _0731_ (net)
                  0.06    0.00    7.38 v _1559_/B (sky130_fd_sc_hd__and2_2)
     2    0.01    0.05    0.22    7.61 v _1559_/X (sky130_fd_sc_hd__and2_2)
                                         _0818_ (net)
                  0.05    0.00    7.61 v _1560_/B1 (sky130_fd_sc_hd__a31o_2)
     2    0.05    0.15    0.34    7.94 v _1560_/X (sky130_fd_sc_hd__a31o_2)
                                         result[10] (net)
                  0.15    0.01    7.95 v result[10] (out)
                                  7.95   data arrival time

                  0.15   10.00   10.00   clock clk (rise edge)
                          0.00   10.00   clock network delay (ideal)
                         -0.25    9.75   clock uncertainty
                          0.00    9.75   clock reconvergence pessimism
                         -2.00    7.75   output external delay
                                  7.75   data required time
-----------------------------------------------------------------------------
                                  7.75   data required time
                                 -7.95   data arrival time
-----------------------------------------------------------------------------
                                 -0.20   slack (VIOLATED)


Startpoint: control (input port clocked by clk)
Endpoint: result[12] (output port clocked by clk)
Path Group: clk
Path Type: max

Fanout     Cap    Slew   Delay    Time   Description
-----------------------------------------------------------------------------
                  0.15    0.00    0.00   clock clk (rise edge)
                          0.00    0.00   clock network delay (ideal)
                          2.00    2.00 ^ input external delay
     8    0.03    0.14    0.11    2.11 ^ control (in)
                                         control (net)
                  0.14    0.00    2.11 ^ _0991_/D (sky130_fd_sc_hd__and4bb_2)
    10    0.03    0.22    0.40    2.51 ^ _0991_/X (sky130_fd_sc_hd__and4bb_2)
                                         _0271_ (net)
                  0.22    0.00    2.51 ^ _0992_/A (sky130_fd_sc_hd__buf_1)
    10    0.04    0.43    0.41    2.92 ^ _0992_/X (sky130_fd_sc_hd__buf_1)
                                         _0272_ (net)
                  0.43    0.00    2.92 ^ _0993_/A (sky130_fd_sc_hd__buf_1)
    10    0.05    0.55    0.51    3.43 ^ _0993_/X (sky130_fd_sc_hd__buf_1)
                                         _0273_ (net)
                  0.55    0.00    3.43 ^ _0994_/A (sky130_fd_sc_hd__buf_1)
    10    0.06    0.65    0.59    4.02 ^ _0994_/X (sky130_fd_sc_hd__buf_1)
                                         _0274_ (net)
                  0.65    0.00    4.02 ^ _0995_/A (sky130_fd_sc_hd__buf_1)
    10    0.05    0.61    0.57    4.60 ^ _0995_/X (sky130_fd_sc_hd__buf_1)
                                         _0275_ (net)
                  0.61    0.00    4.60 ^ _0996_/A (sky130_fd_sc_hd__buf_1)
    10    0.05    0.59    0.56    5.16 ^ _0996_/X (sky130_fd_sc_hd__buf_1)
                                         _0276_ (net)
                  0.59    0.00    5.16 ^ _0997_/A (sky130_fd_sc_hd__buf_1)
    10    0.04    0.45    0.45    5.61 ^ _0997_/X (sky130_fd_sc_hd__buf_1)
                                         _0277_ (net)
                  0.45    0.00    5.61 ^ _0998_/A (sky130_fd_sc_hd__buf_1)
    10    0.05    0.59    0.54    6.15 ^ _0998_/X (sky130_fd_sc_hd__buf_1)
                                         _0278_ (net)
                  0.59    0.00    6.16 ^ _1306_/B1 (sky130_fd_sc_hd__a221oi_2)
    10    0.04    0.24    0.29    6.45 v _1306_/Y (sky130_fd_sc_hd__a221oi_2)
                                         _0586_ (net)
                  0.24    0.00    6.45 v _1310_/A (sky130_fd_sc_hd__buf_1)
    10    0.04    0.23    0.33    6.78 v _1310_/X (sky130_fd_sc_hd__buf_1)
                                         _0590_ (net)
                  0.23    0.00    6.78 v _1424_/S (sky130_fd_sc_hd__mux2_2)
     3    0.01    0.06    0.37    7.15 v _1424_/X (sky130_fd_sc_hd__mux2_2)
                                         _0701_ (net)
                  0.06    0.00    7.15 v _1548_/A2 (sky130_fd_sc_hd__o211a_2)
     2    0.01    0.06    0.28    7.43 v _1548_/X (sky130_fd_sc_hd__o211a_2)
                                         _0809_ (net)
                  0.06    0.00    7.43 v _1549_/B1_N (sky130_fd_sc_hd__o21bai_2)
     2    0.05    0.22    0.33    7.77 v _1549_/Y (sky130_fd_sc_hd__o21bai_2)
                                         result[12] (net)
                  0.22    0.01    7.77 v result[12] (out)
                                  7.77   data arrival time

                  0.15   10.00   10.00   clock clk (rise edge)
                          0.00   10.00   clock network delay (ideal)
                         -0.25    9.75   clock uncertainty
                          0.00    9.75   clock reconvergence pessimism
                         -2.00    7.75   output external delay
                                  7.75   data required time
-----------------------------------------------------------------------------
                                  7.75   data required time
                                 -7.77   data arrival time
-----------------------------------------------------------------------------
                                 -0.02   slack (VIOLATED)


Startpoint: control (input port clocked by clk)
Endpoint: result[14] (output port clocked by clk)
Path Group: clk
Path Type: max

Fanout     Cap    Slew   Delay    Time   Description
-----------------------------------------------------------------------------
                  0.15    0.00    0.00   clock clk (rise edge)
                          0.00    0.00   clock network delay (ideal)
                          2.00    2.00 ^ input external delay
     8    0.03    0.14    0.11    2.11 ^ control (in)
                                         control (net)
                  0.14    0.00    2.11 ^ _0991_/D (sky130_fd_sc_hd__and4bb_2)
    10    0.03    0.22    0.40    2.51 ^ _0991_/X (sky130_fd_sc_hd__and4bb_2)
                                         _0271_ (net)
                  0.22    0.00    2.51 ^ _0992_/A (sky130_fd_sc_hd__buf_1)
    10    0.04    0.43    0.41    2.92 ^ _0992_/X (sky130_fd_sc_hd__buf_1)
                                         _0272_ (net)
                  0.43    0.00    2.92 ^ _0993_/A (sky130_fd_sc_hd__buf_1)
    10    0.05    0.55    0.51    3.43 ^ _0993_/X (sky130_fd_sc_hd__buf_1)
                                         _0273_ (net)
                  0.55    0.00    3.43 ^ _0994_/A (sky130_fd_sc_hd__buf_1)
    10    0.06    0.65    0.59    4.02 ^ _0994_/X (sky130_fd_sc_hd__buf_1)
                                         _0274_ (net)
                  0.65    0.00    4.02 ^ _0995_/A (sky130_fd_sc_hd__buf_1)
    10    0.05    0.61    0.57    4.60 ^ _0995_/X (sky130_fd_sc_hd__buf_1)
                                         _0275_ (net)
                  0.61    0.00    4.60 ^ _0996_/A (sky130_fd_sc_hd__buf_1)
    10    0.05    0.59    0.56    5.16 ^ _0996_/X (sky130_fd_sc_hd__buf_1)
                                         _0276_ (net)
                  0.59    0.00    5.16 ^ _0997_/A (sky130_fd_sc_hd__buf_1)
    10    0.04    0.45    0.45    5.61 ^ _0997_/X (sky130_fd_sc_hd__buf_1)
                                         _0277_ (net)
                  0.45    0.00    5.61 ^ _0998_/A (sky130_fd_sc_hd__buf_1)
    10    0.05    0.59    0.54    6.15 ^ _0998_/X (sky130_fd_sc_hd__buf_1)
                                         _0278_ (net)
                  0.59    0.00    6.16 ^ _1306_/B1 (sky130_fd_sc_hd__a221oi_2)
    10    0.04    0.24    0.29    6.45 v _1306_/Y (sky130_fd_sc_hd__a221oi_2)
                                         _0586_ (net)
                  0.24    0.00    6.45 v _1376_/S (sky130_fd_sc_hd__mux2_2)
     4    0.02    0.09    0.42    6.86 v _1376_/X (sky130_fd_sc_hd__mux2_2)
                                         _0655_ (net)
                  0.09    0.00    6.86 v _1384_/A0 (sky130_fd_sc_hd__mux2_2)
     3    0.02    0.08    0.34    7.20 v _1384_/X (sky130_fd_sc_hd__mux2_2)
                                         _0663_ (net)
                  0.08    0.00    7.20 v _1542_/A2 (sky130_fd_sc_hd__a22o_2)
     2    0.05    0.14    0.40    7.60 v _1542_/X (sky130_fd_sc_hd__a22o_2)
                                         result[14] (net)
                  0.14    0.01    7.60 v result[14] (out)
                                  7.60   data arrival time

                  0.15   10.00   10.00   clock clk (rise edge)
                          0.00   10.00   clock network delay (ideal)
                         -0.25    9.75   clock uncertainty
                          0.00    9.75   clock reconvergence pessimism
                         -2.00    7.75   output external delay
                                  7.75   data required time
-----------------------------------------------------------------------------
                                  7.75   data required time
                                 -7.60   data arrival time
-----------------------------------------------------------------------------
                                  0.15   slack (MET)


Startpoint: control (input port clocked by clk)
Endpoint: result[11] (output port clocked by clk)
Path Group: clk
Path Type: max

Fanout     Cap    Slew   Delay    Time   Description
-----------------------------------------------------------------------------
                  0.15    0.00    0.00   clock clk (rise edge)
                          0.00    0.00   clock network delay (ideal)
                          2.00    2.00 ^ input external delay
     8    0.03    0.14    0.11    2.11 ^ control (in)
                                         control (net)
                  0.14    0.00    2.11 ^ _0991_/D (sky130_fd_sc_hd__and4bb_2)
    10    0.03    0.22    0.40    2.51 ^ _0991_/X (sky130_fd_sc_hd__and4bb_2)
                                         _0271_ (net)
                  0.22    0.00    2.51 ^ _0992_/A (sky130_fd_sc_hd__buf_1)
    10    0.04    0.43    0.41    2.92 ^ _0992_/X (sky130_fd_sc_hd__buf_1)
                                         _0272_ (net)
                  0.43    0.00    2.92 ^ _0993_/A (sky130_fd_sc_hd__buf_1)
    10    0.05    0.55    0.51    3.43 ^ _0993_/X (sky130_fd_sc_hd__buf_1)
                                         _0273_ (net)
                  0.55    0.00    3.43 ^ _0994_/A (sky130_fd_sc_hd__buf_1)
    10    0.06    0.65    0.59    4.02 ^ _0994_/X (sky130_fd_sc_hd__buf_1)
                                         _0274_ (net)
                  0.65    0.00    4.02 ^ _0995_/A (sky130_fd_sc_hd__buf_1)
    10    0.05    0.61    0.57    4.60 ^ _0995_/X (sky130_fd_sc_hd__buf_1)
                                         _0275_ (net)
                  0.61    0.00    4.60 ^ _0996_/A (sky130_fd_sc_hd__buf_1)
    10    0.05    0.59    0.56    5.16 ^ _0996_/X (sky130_fd_sc_hd__buf_1)
                                         _0276_ (net)
                  0.59    0.00    5.16 ^ _0997_/A (sky130_fd_sc_hd__buf_1)
    10    0.04    0.45    0.45    5.61 ^ _0997_/X (sky130_fd_sc_hd__buf_1)
                                         _0277_ (net)
                  0.45    0.00    5.61 ^ _0998_/A (sky130_fd_sc_hd__buf_1)
    10    0.05    0.59    0.54    6.15 ^ _0998_/X (sky130_fd_sc_hd__buf_1)
                                         _0278_ (net)
                  0.59    0.00    6.16 ^ _1306_/B1 (sky130_fd_sc_hd__a221oi_2)
    10    0.04    0.24    0.29    6.45 v _1306_/Y (sky130_fd_sc_hd__a221oi_2)
                                         _0586_ (net)
                  0.24    0.00    6.45 v _1310_/A (sky130_fd_sc_hd__buf_1)
    10    0.04    0.23    0.33    6.78 v _1310_/X (sky130_fd_sc_hd__buf_1)
                                         _0590_ (net)
                  0.23    0.00    6.78 v _1439_/A (sky130_fd_sc_hd__nand2_2)
     3    0.01    0.10    0.17    6.95 ^ _1439_/Y (sky130_fd_sc_hd__nand2_2)
                                         _0715_ (net)
                  0.10    0.00    6.95 ^ _1442_/A0 (sky130_fd_sc_hd__mux2_2)
     2    0.01    0.06    0.18    7.13 ^ _1442_/X (sky130_fd_sc_hd__mux2_2)
                                         _0718_ (net)
                  0.06    0.00    7.13 ^ _1555_/B (sky130_fd_sc_hd__nor2_2)
     2    0.01    0.04    0.05    7.18 v _1555_/Y (sky130_fd_sc_hd__nor2_2)
                                         _0815_ (net)
                  0.04    0.00    7.18 v _1556_/B1 (sky130_fd_sc_hd__a21o_2)
     2    0.05    0.14    0.30    7.49 v _1556_/X (sky130_fd_sc_hd__a21o_2)
                                         result[11] (net)
                  0.14    0.01    7.49 v result[11] (out)
                                  7.49   data arrival time

                  0.15   10.00   10.00   clock clk (rise edge)
                          0.00   10.00   clock network delay (ideal)
                         -0.25    9.75   clock uncertainty
                          0.00    9.75   clock reconvergence pessimism
                         -2.00    7.75   output external delay
                                  7.75   data required time
-----------------------------------------------------------------------------
                                  7.75   data required time
                                 -7.49   data arrival time
-----------------------------------------------------------------------------
                                  0.26   slack (MET)


Startpoint: control (input port clocked by clk)
Endpoint: result[2] (output port clocked by clk)
Path Group: clk
Path Type: max

Fanout     Cap    Slew   Delay    Time   Description
-----------------------------------------------------------------------------
                  0.15    0.00    0.00   clock clk (rise edge)
                          0.00    0.00   clock network delay (ideal)
                          2.00    2.00 ^ input external delay
     8    0.03    0.14    0.11    2.11 ^ control (in)
                                         control (net)
                  0.14    0.00    2.11 ^ _0991_/D (sky130_fd_sc_hd__and4bb_2)
    10    0.03    0.22    0.40    2.51 ^ _0991_/X (sky130_fd_sc_hd__and4bb_2)
                                         _0271_ (net)
                  0.22    0.00    2.51 ^ _0992_/A (sky130_fd_sc_hd__buf_1)
    10    0.04    0.43    0.41    2.92 ^ _0992_/X (sky130_fd_sc_hd__buf_1)
                                         _0272_ (net)
                  0.43    0.00    2.92 ^ _0993_/A (sky130_fd_sc_hd__buf_1)
    10    0.05    0.55    0.51    3.43 ^ _0993_/X (sky130_fd_sc_hd__buf_1)
                                         _0273_ (net)
                  0.55    0.00    3.43 ^ _0994_/A (sky130_fd_sc_hd__buf_1)
    10    0.06    0.65    0.59    4.02 ^ _0994_/X (sky130_fd_sc_hd__buf_1)
                                         _0274_ (net)
                  0.65    0.00    4.02 ^ _0995_/A (sky130_fd_sc_hd__buf_1)
    10    0.05    0.61    0.57    4.60 ^ _0995_/X (sky130_fd_sc_hd__buf_1)
                                         _0275_ (net)
                  0.61    0.00    4.60 ^ _0996_/A (sky130_fd_sc_hd__buf_1)
    10    0.05    0.59    0.56    5.16 ^ _0996_/X (sky130_fd_sc_hd__buf_1)
                                         _0276_ (net)
                  0.59    0.00    5.16 ^ _0997_/A (sky130_fd_sc_hd__buf_1)
    10    0.04    0.45    0.45    5.61 ^ _0997_/X (sky130_fd_sc_hd__buf_1)
                                         _0277_ (net)
                  0.45    0.00    5.61 ^ _0998_/A (sky130_fd_sc_hd__buf_1)
    10    0.05    0.59    0.54    6.15 ^ _0998_/X (sky130_fd_sc_hd__buf_1)
                                         _0278_ (net)
                  0.59    0.00    6.16 ^ _1306_/B1 (sky130_fd_sc_hd__a221oi_2)
    10    0.04    0.24    0.29    6.45 v _1306_/Y (sky130_fd_sc_hd__a221oi_2)
                                         _0586_ (net)
                  0.24    0.00    6.45 v _1310_/A (sky130_fd_sc_hd__buf_1)
    10    0.04    0.23    0.33    6.78 v _1310_/X (sky130_fd_sc_hd__buf_1)
                                         _0590_ (net)
                  0.23    0.00    6.78 v _1454_/A (sky130_fd_sc_hd__and2_2)
     4    0.02    0.07    0.30    7.08 v _1454_/X (sky130_fd_sc_hd__and2_2)
                                         _0729_ (net)
                  0.07    0.00    7.08 v _1593_/A2 (sky130_fd_sc_hd__a22o_2)
     2    0.05    0.14    0.39    7.47 v _1593_/X (sky130_fd_sc_hd__a22o_2)
                                         result[2] (net)
                  0.14    0.01    7.47 v result[2] (out)
                                  7.47   data arrival time

                  0.15   10.00   10.00   clock clk (rise edge)
                          0.00   10.00   clock network delay (ideal)
                         -0.25    9.75   clock uncertainty
                          0.00    9.75   clock reconvergence pessimism
                         -2.00    7.75   output external delay
                                  7.75   data required time
-----------------------------------------------------------------------------
                                  7.75   data required time
                                 -7.47   data arrival time
-----------------------------------------------------------------------------
                                  0.28   slack (MET)


Startpoint: control (input port clocked by clk)
Endpoint: result[3] (output port clocked by clk)
Path Group: clk
Path Type: max

Fanout     Cap    Slew   Delay    Time   Description
-----------------------------------------------------------------------------
                  0.15    0.00    0.00   clock clk (rise edge)
                          0.00    0.00   clock network delay (ideal)
                          2.00    2.00 ^ input external delay
     8    0.03    0.14    0.11    2.11 ^ control (in)
                                         control (net)
                  0.14    0.00    2.11 ^ _0991_/D (sky130_fd_sc_hd__and4bb_2)
    10    0.03    0.22    0.40    2.51 ^ _0991_/X (sky130_fd_sc_hd__and4bb_2)
                                         _0271_ (net)
                  0.22    0.00    2.51 ^ _0992_/A (sky130_fd_sc_hd__buf_1)
    10    0.04    0.43    0.41    2.92 ^ _0992_/X (sky130_fd_sc_hd__buf_1)
                                         _0272_ (net)
                  0.43    0.00    2.92 ^ _0993_/A (sky130_fd_sc_hd__buf_1)
    10    0.05    0.55    0.51    3.43 ^ _0993_/X (sky130_fd_sc_hd__buf_1)
                                         _0273_ (net)
                  0.55    0.00    3.43 ^ _0994_/A (sky130_fd_sc_hd__buf_1)
    10    0.06    0.65    0.59    4.02 ^ _0994_/X (sky130_fd_sc_hd__buf_1)
                                         _0274_ (net)
                  0.65    0.00    4.02 ^ _0995_/A (sky130_fd_sc_hd__buf_1)
    10    0.05    0.61    0.57    4.60 ^ _0995_/X (sky130_fd_sc_hd__buf_1)
                                         _0275_ (net)
                  0.61    0.00    4.60 ^ _0996_/A (sky130_fd_sc_hd__buf_1)
    10    0.05    0.59    0.56    5.16 ^ _0996_/X (sky130_fd_sc_hd__buf_1)
                                         _0276_ (net)
                  0.59    0.00    5.16 ^ _0997_/A (sky130_fd_sc_hd__buf_1)
    10    0.04    0.45    0.45    5.61 ^ _0997_/X (sky130_fd_sc_hd__buf_1)
                                         _0277_ (net)
                  0.45    0.00    5.61 ^ _0998_/A (sky130_fd_sc_hd__buf_1)
    10    0.05    0.59    0.54    6.15 ^ _0998_/X (sky130_fd_sc_hd__buf_1)
                                         _0278_ (net)
                  0.59    0.00    6.16 ^ _1306_/B1 (sky130_fd_sc_hd__a221oi_2)
    10    0.04    0.24    0.29    6.45 v _1306_/Y (sky130_fd_sc_hd__a221oi_2)
                                         _0586_ (net)
                  0.24    0.00    6.45 v _1310_/A (sky130_fd_sc_hd__buf_1)
    10    0.04    0.23    0.33    6.78 v _1310_/X (sky130_fd_sc_hd__buf_1)
                                         _0590_ (net)
                  0.23    0.00    6.78 v _1439_/A (sky130_fd_sc_hd__nand2_2)
     3    0.01    0.10    0.17    6.95 ^ _1439_/Y (sky130_fd_sc_hd__nand2_2)
                                         _0715_ (net)
                  0.10    0.00    6.95 ^ _1590_/B (sky130_fd_sc_hd__nor2_2)
     2    0.01    0.04    0.06    7.01 v _1590_/Y (sky130_fd_sc_hd__nor2_2)
                                         _0842_ (net)
                  0.04    0.00    7.01 v _1591_/B1 (sky130_fd_sc_hd__a31o_2)
     2    0.05    0.13    0.33    7.34 v _1591_/X (sky130_fd_sc_hd__a31o_2)
                                         result[3] (net)
                  0.13    0.01    7.34 v result[3] (out)
                                  7.34   data arrival time

                  0.15   10.00   10.00   clock clk (rise edge)
                          0.00   10.00   clock network delay (ideal)
                         -0.25    9.75   clock uncertainty
                          0.00    9.75   clock reconvergence pessimism
                         -2.00    7.75   output external delay
                                  7.75   data required time
-----------------------------------------------------------------------------
                                  7.75   data required time
                                 -7.34   data arrival time
-----------------------------------------------------------------------------
                                  0.41   slack (MET)


Startpoint: control (input port clocked by clk)
Endpoint: _2045_ (rising edge-triggered flip-flop clocked by clk)
Path Group: clk
Path Type: max

Fanout     Cap    Slew   Delay    Time   Description
-----------------------------------------------------------------------------
                  0.15    0.00    0.00   clock clk (rise edge)
                          0.00    0.00   clock network delay (ideal)
                          2.00    2.00 v input external delay
     8    0.03    0.07    0.05    2.05 v control (in)
                                         control (net)
                  0.07    0.00    2.05 v _1008_/D (sky130_fd_sc_hd__and4b_2)
     2    0.01    0.05    0.26    2.31 v _1008_/X (sky130_fd_sc_hd__and4b_2)
                                         _0288_ (net)
                  0.05    0.00    2.31 v _1009_/A (sky130_fd_sc_hd__buf_1)
    10    0.03    0.18    0.22    2.54 v _1009_/X (sky130_fd_sc_hd__buf_1)
                                         _0289_ (net)
                  0.18    0.00    2.54 v _1036_/B (sky130_fd_sc_hd__and2_2)
     8    0.03    0.09    0.33    2.86 v _1036_/X (sky130_fd_sc_hd__and2_2)
                                         _0316_ (net)
                  0.09    0.00    2.86 v _1037_/B1 (sky130_fd_sc_hd__a211o_2)
     4    0.01    0.08    0.38    3.24 v _1037_/X (sky130_fd_sc_hd__a211o_2)
                                         _0317_ (net)
                  0.08    0.00    3.24 v _1038_/D (sky130_fd_sc_hd__or4_2)
     4    0.02    0.15    0.66    3.90 v _1038_/X (sky130_fd_sc_hd__or4_2)
                                         _0318_ (net)
                  0.15    0.00    3.90 v _1039_/C (sky130_fd_sc_hd__or3_2)
     5    0.02    0.13    0.55    4.45 v _1039_/X (sky130_fd_sc_hd__or3_2)
                                         _0319_ (net)
                  0.13    0.00    4.45 v _1046_/B (sky130_fd_sc_hd__or3_2)
     1    0.00    0.07    0.49    4.94 v _1046_/X (sky130_fd_sc_hd__or3_2)
                                         _0326_ (net)
                  0.07    0.00    4.94 v _1047_/A (sky130_fd_sc_hd__buf_1)
     7    0.02    0.14    0.20    5.14 v _1047_/X (sky130_fd_sc_hd__buf_1)
                                         _0327_ (net)
                  0.14    0.00    5.14 v _1087_/B (sky130_fd_sc_hd__or3_2)
     4    0.01    0.11    0.55    5.69 v _1087_/X (sky130_fd_sc_hd__or3_2)
                                         _0367_ (net)
                  0.11    0.00    5.69 v _1088_/A1 (sky130_fd_sc_hd__o21ai_2)
     2    0.01    0.13    0.19    5.88 ^ _1088_/Y (sky130_fd_sc_hd__o21ai_2)
                                         _0368_ (net)
                  0.13    0.00    5.88 ^ _1090_/A2 (sky130_fd_sc_hd__a21oi_2)
     2    0.01    0.05    0.08    5.96 v _1090_/Y (sky130_fd_sc_hd__a21oi_2)
                                         _0370_ (net)
                  0.05    0.00    5.96 v _1092_/A (sky130_fd_sc_hd__or2_2)
     3    0.01    0.07    0.34    6.30 v _1092_/X (sky130_fd_sc_hd__or2_2)
                                         _0372_ (net)
                  0.07    0.00    6.30 v _1098_/A (sky130_fd_sc_hd__or2_2)
     2    0.00    0.06    0.32    6.62 v _1098_/X (sky130_fd_sc_hd__or2_2)
                                         _0378_ (net)
                  0.06    0.00    6.62 v _1112_/A (sky130_fd_sc_hd__or3_2)
     1    0.00    0.07    0.49    7.11 v _1112_/X (sky130_fd_sc_hd__or3_2)
                                         _0392_ (net)
                  0.07    0.00    7.11 v _1194_/A1 (sky130_fd_sc_hd__o211a_2)
     5    0.02    0.07    0.33    7.43 v _1194_/X (sky130_fd_sc_hd__o211a_2)
                                         _0474_ (net)
                  0.07    0.00    7.43 v _1483_/A1 (sky130_fd_sc_hd__o31a_2)
     2    0.01    0.08    0.41    7.84 v _1483_/X (sky130_fd_sc_hd__o31a_2)
                                         _0755_ (net)
                  0.08    0.00    7.84 v _1484_/B (sky130_fd_sc_hd__nor2_2)
     3    0.01    0.17    0.17    8.01 ^ _1484_/Y (sky130_fd_sc_hd__nor2_2)
                                         _0756_ (net)
                  0.17    0.00    8.01 ^ _1485_/A2 (sky130_fd_sc_hd__o21ai_2)
     2    0.01    0.06    0.10    8.11 v _1485_/Y (sky130_fd_sc_hd__o21ai_2)
                                         _0757_ (net)
                  0.06    0.00    8.11 v _1486_/A2 (sky130_fd_sc_hd__o21ba_2)
     1    0.01    0.05    0.23    8.34 v _1486_/X (sky130_fd_sc_hd__o21ba_2)
                                         _0758_ (net)
                  0.05    0.00    8.34 v _1487_/B (sky130_fd_sc_hd__xnor2_2)
     1    0.00    0.04    0.13    8.47 v _1487_/Y (sky130_fd_sc_hd__xnor2_2)
                                         _0759_ (net)
                  0.04    0.00    8.47 v _1494_/A2 (sky130_fd_sc_hd__a21o_2)
     2    0.05    0.13    0.32    8.79 v _1494_/X (sky130_fd_sc_hd__a21o_2)
                                         result[23] (net)
                  0.13    0.00    8.79 v _1750_/A1 (sky130_fd_sc_hd__mux2_2)
     1    0.00    0.05    0.30    9.09 v _1750_/X (sky130_fd_sc_hd__mux2_2)
                                         _0926_ (net)
                  0.05    0.00    9.09 v _1751_/A (sky130_fd_sc_hd__buf_1)
     1    0.00    0.02    0.09    9.18 v _1751_/X (sky130_fd_sc_hd__buf_1)
                                         _0186_ (net)
                  0.02    0.00    9.18 v _2045_/D (sky130_fd_sc_hd__dfrtp_2)
                                  9.18   data arrival time

                  0.15   10.00   10.00   clock clk (rise edge)
                          0.00   10.00   clock network delay (ideal)
                         -0.25    9.75   clock uncertainty
                          0.00    9.75   clock reconvergence pessimism
                                  9.75 ^ _2045_/CLK (sky130_fd_sc_hd__dfrtp_2)
                         -0.08    9.67   library setup time
                                  9.67   data required time
-----------------------------------------------------------------------------
                                  9.67   data required time
                                 -9.18   data arrival time
-----------------------------------------------------------------------------
                                  0.49   slack (MET)


Startpoint: control (input port clocked by clk)
Endpoint: result[6] (output port clocked by clk)
Path Group: clk
Path Type: max

Fanout     Cap    Slew   Delay    Time   Description
-----------------------------------------------------------------------------
                  0.15    0.00    0.00   clock clk (rise edge)
                          0.00    0.00   clock network delay (ideal)
                          2.00    2.00 ^ input external delay
     8    0.03    0.14    0.11    2.11 ^ control (in)
                                         control (net)
                  0.14    0.00    2.11 ^ _0991_/D (sky130_fd_sc_hd__and4bb_2)
    10    0.03    0.22    0.40    2.51 ^ _0991_/X (sky130_fd_sc_hd__and4bb_2)
                                         _0271_ (net)
                  0.22    0.00    2.51 ^ _0992_/A (sky130_fd_sc_hd__buf_1)
    10    0.04    0.43    0.41    2.92 ^ _0992_/X (sky130_fd_sc_hd__buf_1)
                                         _0272_ (net)
                  0.43    0.00    2.92 ^ _0993_/A (sky130_fd_sc_hd__buf_1)
    10    0.05    0.55    0.51    3.43 ^ _0993_/X (sky130_fd_sc_hd__buf_1)
                                         _0273_ (net)
                  0.55    0.00    3.43 ^ _0994_/A (sky130_fd_sc_hd__buf_1)
    10    0.06    0.65    0.59    4.02 ^ _0994_/X (sky130_fd_sc_hd__buf_1)
                                         _0274_ (net)
                  0.65    0.00    4.02 ^ _0995_/A (sky130_fd_sc_hd__buf_1)
    10    0.05    0.61    0.57    4.60 ^ _0995_/X (sky130_fd_sc_hd__buf_1)
                                         _0275_ (net)
                  0.61    0.00    4.60 ^ _0996_/A (sky130_fd_sc_hd__buf_1)
    10    0.05    0.59    0.56    5.16 ^ _0996_/X (sky130_fd_sc_hd__buf_1)
                                         _0276_ (net)
                  0.59    0.00    5.16 ^ _0997_/A (sky130_fd_sc_hd__buf_1)
    10    0.04    0.45    0.45    5.61 ^ _0997_/X (sky130_fd_sc_hd__buf_1)
                                         _0277_ (net)
                  0.45    0.00    5.61 ^ _0998_/A (sky130_fd_sc_hd__buf_1)
    10    0.05    0.59    0.54    6.15 ^ _0998_/X (sky130_fd_sc_hd__buf_1)
                                         _0278_ (net)
                  0.59    0.00    6.16 ^ _1306_/B1 (sky130_fd_sc_hd__a221oi_2)
    10    0.04    0.24    0.29    6.45 v _1306_/Y (sky130_fd_sc_hd__a221oi_2)
                                         _0586_ (net)
                  0.24    0.00    6.45 v _1376_/S (sky130_fd_sc_hd__mux2_2)
     4    0.02    0.09    0.42    6.86 v _1376_/X (sky130_fd_sc_hd__mux2_2)
                                         _0655_ (net)
                  0.09    0.00    6.86 v _1576_/A1 (sky130_fd_sc_hd__a22o_2)
     2    0.05    0.14    0.37    7.24 v _1576_/X (sky130_fd_sc_hd__a22o_2)
                                         result[6] (net)
                  0.14    0.01    7.24 v result[6] (out)
                                  7.24   data arrival time

                  0.15   10.00   10.00   clock clk (rise edge)
                          0.00   10.00   clock network delay (ideal)
                         -0.25    9.75   clock uncertainty
                          0.00    9.75   clock reconvergence pessimism
                         -2.00    7.75   output external delay
                                  7.75   data required time
-----------------------------------------------------------------------------
                                  7.75   data required time
                                 -7.24   data arrival time
-----------------------------------------------------------------------------
                                  0.51   slack (MET)


Startpoint: control (input port clocked by clk)
Endpoint: result[7] (output port clocked by clk)
Path Group: clk
Path Type: max

Fanout     Cap    Slew   Delay    Time   Description
-----------------------------------------------------------------------------
                  0.15    0.00    0.00   clock clk (rise edge)
                          0.00    0.00   clock network delay (ideal)
                          2.00    2.00 ^ input external delay
     8    0.03    0.14    0.11    2.11 ^ control (in)
                                         control (net)
                  0.14    0.00    2.11 ^ _0991_/D (sky130_fd_sc_hd__and4bb_2)
    10    0.03    0.22    0.40    2.51 ^ _0991_/X (sky130_fd_sc_hd__and4bb_2)
                                         _0271_ (net)
                  0.22    0.00    2.51 ^ _0992_/A (sky130_fd_sc_hd__buf_1)
    10    0.04    0.43    0.41    2.92 ^ _0992_/X (sky130_fd_sc_hd__buf_1)
                                         _0272_ (net)
                  0.43    0.00    2.92 ^ _0993_/A (sky130_fd_sc_hd__buf_1)
    10    0.05    0.55    0.51    3.43 ^ _0993_/X (sky130_fd_sc_hd__buf_1)
                                         _0273_ (net)
                  0.55    0.00    3.43 ^ _0994_/A (sky130_fd_sc_hd__buf_1)
    10    0.06    0.65    0.59    4.02 ^ _0994_/X (sky130_fd_sc_hd__buf_1)
                                         _0274_ (net)
                  0.65    0.00    4.02 ^ _0995_/A (sky130_fd_sc_hd__buf_1)
    10    0.05    0.61    0.57    4.60 ^ _0995_/X (sky130_fd_sc_hd__buf_1)
                                         _0275_ (net)
                  0.61    0.00    4.60 ^ _0996_/A (sky130_fd_sc_hd__buf_1)
    10    0.05    0.59    0.56    5.16 ^ _0996_/X (sky130_fd_sc_hd__buf_1)
                                         _0276_ (net)
                  0.59    0.00    5.16 ^ _0997_/A (sky130_fd_sc_hd__buf_1)
    10    0.04    0.45    0.45    5.61 ^ _0997_/X (sky130_fd_sc_hd__buf_1)
                                         _0277_ (net)
                  0.45    0.00    5.61 ^ _0998_/A (sky130_fd_sc_hd__buf_1)
    10    0.05    0.59    0.54    6.15 ^ _0998_/X (sky130_fd_sc_hd__buf_1)
                                         _0278_ (net)
                  0.59    0.00    6.16 ^ _1306_/B1 (sky130_fd_sc_hd__a221oi_2)
    10    0.04    0.24    0.29    6.45 v _1306_/Y (sky130_fd_sc_hd__a221oi_2)
                                         _0586_ (net)
                  0.24    0.00    6.45 v _1332_/S (sky130_fd_sc_hd__mux2_2)
     4    0.02    0.08    0.41    6.86 v _1332_/X (sky130_fd_sc_hd__mux2_2)
                                         _0612_ (net)
                  0.08    0.00    6.86 v _1573_/A1 (sky130_fd_sc_hd__a22o_2)
     2    0.05    0.15    0.38    7.23 v _1573_/X (sky130_fd_sc_hd__a22o_2)
                                         result[7] (net)
                  0.15    0.01    7.24 v result[7] (out)
                                  7.24   data arrival time

                  0.15   10.00   10.00   clock clk (rise edge)
                          0.00   10.00   clock network delay (ideal)
                         -0.25    9.75   clock uncertainty
                          0.00    9.75   clock reconvergence pessimism
                         -2.00    7.75   output external delay
                                  7.75   data required time
-----------------------------------------------------------------------------
                                  7.75   data required time
                                 -7.24   data arrival time
-----------------------------------------------------------------------------
                                  0.51   slack (MET)


Startpoint: control (input port clocked by clk)
Endpoint: _2044_ (rising edge-triggered flip-flop clocked by clk)
Path Group: clk
Path Type: max

Fanout     Cap    Slew   Delay    Time   Description
-----------------------------------------------------------------------------
                  0.15    0.00    0.00   clock clk (rise edge)
                          0.00    0.00   clock network delay (ideal)
                          2.00    2.00 v input external delay
     8    0.03    0.07    0.05    2.05 v control (in)
                                         control (net)
                  0.07    0.00    2.05 v _1008_/D (sky130_fd_sc_hd__and4b_2)
     2    0.01    0.05    0.26    2.31 v _1008_/X (sky130_fd_sc_hd__and4b_2)
                                         _0288_ (net)
                  0.05    0.00    2.31 v _1009_/A (sky130_fd_sc_hd__buf_1)
    10    0.03    0.18    0.22    2.54 v _1009_/X (sky130_fd_sc_hd__buf_1)
                                         _0289_ (net)
                  0.18    0.00    2.54 v _1036_/B (sky130_fd_sc_hd__and2_2)
     8    0.03    0.09    0.33    2.86 v _1036_/X (sky130_fd_sc_hd__and2_2)
                                         _0316_ (net)
                  0.09    0.00    2.86 v _1037_/B1 (sky130_fd_sc_hd__a211o_2)
     4    0.01    0.08    0.38    3.24 v _1037_/X (sky130_fd_sc_hd__a211o_2)
                                         _0317_ (net)
                  0.08    0.00    3.24 v _1038_/D (sky130_fd_sc_hd__or4_2)
     4    0.02    0.15    0.66    3.90 v _1038_/X (sky130_fd_sc_hd__or4_2)
                                         _0318_ (net)
                  0.15    0.00    3.90 v _1039_/C (sky130_fd_sc_hd__or3_2)
     5    0.02    0.13    0.55    4.45 v _1039_/X (sky130_fd_sc_hd__or3_2)
                                         _0319_ (net)
                  0.13    0.00    4.45 v _1046_/B (sky130_fd_sc_hd__or3_2)
     1    0.00    0.07    0.49    4.94 v _1046_/X (sky130_fd_sc_hd__or3_2)
                                         _0326_ (net)
                  0.07    0.00    4.94 v _1047_/A (sky130_fd_sc_hd__buf_1)
     7    0.02    0.14    0.20    5.14 v _1047_/X (sky130_fd_sc_hd__buf_1)
                                         _0327_ (net)
                  0.14    0.00    5.14 v _1087_/B (sky130_fd_sc_hd__or3_2)
     4    0.01    0.11    0.55    5.69 v _1087_/X (sky130_fd_sc_hd__or3_2)
                                         _0367_ (net)
                  0.11    0.00    5.69 v _1088_/A1 (sky130_fd_sc_hd__o21ai_2)
     2    0.01    0.13    0.19    5.88 ^ _1088_/Y (sky130_fd_sc_hd__o21ai_2)
                                         _0368_ (net)
                  0.13    0.00    5.88 ^ _1090_/A2 (sky130_fd_sc_hd__a21oi_2)
     2    0.01    0.05    0.08    5.96 v _1090_/Y (sky130_fd_sc_hd__a21oi_2)
                                         _0370_ (net)
                  0.05    0.00    5.96 v _1092_/A (sky130_fd_sc_hd__or2_2)
     3    0.01    0.07    0.34    6.30 v _1092_/X (sky130_fd_sc_hd__or2_2)
                                         _0372_ (net)
                  0.07    0.00    6.30 v _1098_/A (sky130_fd_sc_hd__or2_2)
     2    0.00    0.06    0.32    6.62 v _1098_/X (sky130_fd_sc_hd__or2_2)
                                         _0378_ (net)
                  0.06    0.00    6.62 v _1112_/A (sky130_fd_sc_hd__or3_2)
     1    0.00    0.07    0.49    7.11 v _1112_/X (sky130_fd_sc_hd__or3_2)
                                         _0392_ (net)
                  0.07    0.00    7.11 v _1194_/A1 (sky130_fd_sc_hd__o211a_2)
     5    0.02    0.07    0.33    7.43 v _1194_/X (sky130_fd_sc_hd__o211a_2)
                                         _0474_ (net)
                  0.07    0.00    7.43 v _1483_/A1 (sky130_fd_sc_hd__o31a_2)
     2    0.01    0.08    0.41    7.84 v _1483_/X (sky130_fd_sc_hd__o31a_2)
                                         _0755_ (net)
                  0.08    0.00    7.84 v _1484_/B (sky130_fd_sc_hd__nor2_2)
     3    0.01    0.17    0.17    8.01 ^ _1484_/Y (sky130_fd_sc_hd__nor2_2)
                                         _0756_ (net)
                  0.17    0.00    8.01 ^ _1485_/A2 (sky130_fd_sc_hd__o21ai_2)
     2    0.01    0.06    0.10    8.11 v _1485_/Y (sky130_fd_sc_hd__o21ai_2)
                                         _0757_ (net)
                  0.06    0.00    8.11 v _1496_/B (sky130_fd_sc_hd__xnor2_2)
     1    0.00    0.05    0.14    8.25 v _1496_/Y (sky130_fd_sc_hd__xnor2_2)
                                         _0767_ (net)
                  0.05    0.00    8.25 v _1499_/A2 (sky130_fd_sc_hd__a21o_2)
     2    0.05    0.13    0.32    8.57 v _1499_/X (sky130_fd_sc_hd__a21o_2)
                                         result[22] (net)
                  0.13    0.00    8.57 v _1752_/A1 (sky130_fd_sc_hd__mux2_2)
     1    0.00    0.05    0.30    8.87 v _1752_/X (sky130_fd_sc_hd__mux2_2)
                                         _0927_ (net)
                  0.05    0.00    8.87 v _1753_/A (sky130_fd_sc_hd__buf_1)
     1    0.00    0.02    0.09    8.96 v _1753_/X (sky130_fd_sc_hd__buf_1)
                                         _0185_ (net)
                  0.02    0.00    8.96 v _2044_/D (sky130_fd_sc_hd__dfrtp_2)
                                  8.96   data arrival time

                  0.15   10.00   10.00   clock clk (rise edge)
                          0.00   10.00   clock network delay (ideal)
                         -0.25    9.75   clock uncertainty
                          0.00    9.75   clock reconvergence pessimism
                                  9.75 ^ _2044_/CLK (sky130_fd_sc_hd__dfrtp_2)
                         -0.08    9.67   library setup time
                                  9.67   data required time
-----------------------------------------------------------------------------
                                  9.67   data required time
                                 -8.96   data arrival time
-----------------------------------------------------------------------------
                                  0.70   slack (MET)


Startpoint: control (input port clocked by clk)
Endpoint: _2043_ (rising edge-triggered flip-flop clocked by clk)
Path Group: clk
Path Type: max

Fanout     Cap    Slew   Delay    Time   Description
-----------------------------------------------------------------------------
                  0.15    0.00    0.00   clock clk (rise edge)
                          0.00    0.00   clock network delay (ideal)
                          2.00    2.00 v input external delay
     8    0.03    0.07    0.05    2.05 v control (in)
                                         control (net)
                  0.07    0.00    2.05 v _1008_/D (sky130_fd_sc_hd__and4b_2)
     2    0.01    0.05    0.26    2.31 v _1008_/X (sky130_fd_sc_hd__and4b_2)
                                         _0288_ (net)
                  0.05    0.00    2.31 v _1009_/A (sky130_fd_sc_hd__buf_1)
    10    0.03    0.18    0.22    2.54 v _1009_/X (sky130_fd_sc_hd__buf_1)
                                         _0289_ (net)
                  0.18    0.00    2.54 v _1036_/B (sky130_fd_sc_hd__and2_2)
     8    0.03    0.09    0.33    2.86 v _1036_/X (sky130_fd_sc_hd__and2_2)
                                         _0316_ (net)
                  0.09    0.00    2.86 v _1037_/B1 (sky130_fd_sc_hd__a211o_2)
     4    0.01    0.08    0.38    3.24 v _1037_/X (sky130_fd_sc_hd__a211o_2)
                                         _0317_ (net)
                  0.08    0.00    3.24 v _1038_/D (sky130_fd_sc_hd__or4_2)
     4    0.02    0.15    0.66    3.90 v _1038_/X (sky130_fd_sc_hd__or4_2)
                                         _0318_ (net)
                  0.15    0.00    3.90 v _1039_/C (sky130_fd_sc_hd__or3_2)
     5    0.02    0.13    0.55    4.45 v _1039_/X (sky130_fd_sc_hd__or3_2)
                                         _0319_ (net)
                  0.13    0.00    4.45 v _1046_/B (sky130_fd_sc_hd__or3_2)
     1    0.00    0.07    0.49    4.94 v _1046_/X (sky130_fd_sc_hd__or3_2)
                                         _0326_ (net)
                  0.07    0.00    4.94 v _1047_/A (sky130_fd_sc_hd__buf_1)
     7    0.02    0.14    0.20    5.14 v _1047_/X (sky130_fd_sc_hd__buf_1)
                                         _0327_ (net)
                  0.14    0.00    5.14 v _1087_/B (sky130_fd_sc_hd__or3_2)
     4    0.01    0.11    0.55    5.69 v _1087_/X (sky130_fd_sc_hd__or3_2)
                                         _0367_ (net)
                  0.11    0.00    5.69 v _1088_/A1 (sky130_fd_sc_hd__o21ai_2)
     2    0.01    0.13    0.19    5.88 ^ _1088_/Y (sky130_fd_sc_hd__o21ai_2)
                                         _0368_ (net)
                  0.13    0.00    5.88 ^ _1090_/A2 (sky130_fd_sc_hd__a21oi_2)
     2    0.01    0.05    0.08    5.96 v _1090_/Y (sky130_fd_sc_hd__a21oi_2)
                                         _0370_ (net)
                  0.05    0.00    5.96 v _1092_/A (sky130_fd_sc_hd__or2_2)
     3    0.01    0.07    0.34    6.30 v _1092_/X (sky130_fd_sc_hd__or2_2)
                                         _0372_ (net)
                  0.07    0.00    6.30 v _1098_/A (sky130_fd_sc_hd__or2_2)
     2    0.00    0.06    0.32    6.62 v _1098_/X (sky130_fd_sc_hd__or2_2)
                                         _0378_ (net)
                  0.06    0.00    6.62 v _1112_/A (sky130_fd_sc_hd__or3_2)
     1    0.00    0.07    0.49    7.11 v _1112_/X (sky130_fd_sc_hd__or3_2)
                                         _0392_ (net)
                  0.07    0.00    7.11 v _1194_/A1 (sky130_fd_sc_hd__o211a_2)
     5    0.02    0.07    0.33    7.43 v _1194_/X (sky130_fd_sc_hd__o211a_2)
                                         _0474_ (net)
                  0.07    0.00    7.43 v _1483_/A1 (sky130_fd_sc_hd__o31a_2)
     2    0.01    0.08    0.41    7.84 v _1483_/X (sky130_fd_sc_hd__o31a_2)
                                         _0755_ (net)
                  0.08    0.00    7.84 v _1484_/B (sky130_fd_sc_hd__nor2_2)
     3    0.01    0.17    0.17    8.01 ^ _1484_/Y (sky130_fd_sc_hd__nor2_2)
                                         _0756_ (net)
                  0.17    0.00    8.01 ^ _1500_/A2 (sky130_fd_sc_hd__o21ai_2)
     1    0.00    0.04    0.07    8.08 v _1500_/Y (sky130_fd_sc_hd__o21ai_2)
                                         _0770_ (net)
                  0.04    0.00    8.08 v _1504_/A1 (sky130_fd_sc_hd__a21o_2)
     2    0.05    0.13    0.30    8.38 v _1504_/X (sky130_fd_sc_hd__a21o_2)
                                         result[21] (net)
                  0.13    0.00    8.38 v _1755_/A1 (sky130_fd_sc_hd__mux2_2)
     1    0.00    0.05    0.30    8.68 v _1755_/X (sky130_fd_sc_hd__mux2_2)
                                         _0929_ (net)
                  0.05    0.00    8.68 v _1756_/A (sky130_fd_sc_hd__buf_1)
     1    0.00    0.02    0.09    8.77 v _1756_/X (sky130_fd_sc_hd__buf_1)
                                         _0184_ (net)
                  0.02    0.00    8.77 v _2043_/D (sky130_fd_sc_hd__dfrtp_2)
                                  8.77   data arrival time

                  0.15   10.00   10.00   clock clk (rise edge)
                          0.00   10.00   clock network delay (ideal)
                         -0.25    9.75   clock uncertainty
                          0.00    9.75   clock reconvergence pessimism
                                  9.75 ^ _2043_/CLK (sky130_fd_sc_hd__dfrtp_2)
                         -0.08    9.67   library setup time
                                  9.67   data required time
-----------------------------------------------------------------------------
                                  9.67   data required time
                                 -8.77   data arrival time
-----------------------------------------------------------------------------
                                  0.90   slack (MET)


Startpoint: control (input port clocked by clk)
Endpoint: result[5] (output port clocked by clk)
Path Group: clk
Path Type: max

Fanout     Cap    Slew   Delay    Time   Description
-----------------------------------------------------------------------------
                  0.15    0.00    0.00   clock clk (rise edge)
                          0.00    0.00   clock network delay (ideal)
                          2.00    2.00 ^ input external delay
     8    0.03    0.14    0.11    2.11 ^ control (in)
                                         control (net)
                  0.14    0.00    2.11 ^ _0991_/D (sky130_fd_sc_hd__and4bb_2)
    10    0.03    0.22    0.40    2.51 ^ _0991_/X (sky130_fd_sc_hd__and4bb_2)
                                         _0271_ (net)
                  0.22    0.00    2.51 ^ _0992_/A (sky130_fd_sc_hd__buf_1)
    10    0.04    0.43    0.41    2.92 ^ _0992_/X (sky130_fd_sc_hd__buf_1)
                                         _0272_ (net)
                  0.43    0.00    2.92 ^ _0993_/A (sky130_fd_sc_hd__buf_1)
    10    0.05    0.55    0.51    3.43 ^ _0993_/X (sky130_fd_sc_hd__buf_1)
                                         _0273_ (net)
                  0.55    0.00    3.43 ^ _0994_/A (sky130_fd_sc_hd__buf_1)
    10    0.06    0.65    0.59    4.02 ^ _0994_/X (sky130_fd_sc_hd__buf_1)
                                         _0274_ (net)
                  0.65    0.00    4.02 ^ _0995_/A (sky130_fd_sc_hd__buf_1)
    10    0.05    0.61    0.57    4.60 ^ _0995_/X (sky130_fd_sc_hd__buf_1)
                                         _0275_ (net)
                  0.61    0.00    4.60 ^ _0996_/A (sky130_fd_sc_hd__buf_1)
    10    0.05    0.59    0.56    5.16 ^ _0996_/X (sky130_fd_sc_hd__buf_1)
                                         _0276_ (net)
                  0.59    0.00    5.16 ^ _0997_/A (sky130_fd_sc_hd__buf_1)
    10    0.04    0.45    0.45    5.61 ^ _0997_/X (sky130_fd_sc_hd__buf_1)
                                         _0277_ (net)
                  0.45    0.00    5.61 ^ _1329_/A2 (sky130_fd_sc_hd__a22o_2)
     2    0.01    0.06    0.25    5.86 ^ _1329_/X (sky130_fd_sc_hd__a22o_2)
                                         _0609_ (net)
                  0.06    0.00    5.86 ^ _1330_/A1 (sky130_fd_sc_hd__mux2_2)
     2    0.01    0.06    0.16    6.02 ^ _1330_/X (sky130_fd_sc_hd__mux2_2)
                                         _0610_ (net)
                  0.06    0.00    6.02 ^ _1401_/A1 (sky130_fd_sc_hd__mux2_2)
     2    0.01    0.06    0.16    6.18 ^ _1401_/X (sky130_fd_sc_hd__mux2_2)
                                         _0679_ (net)
                  0.06    0.00    6.18 ^ _1404_/A0 (sky130_fd_sc_hd__mux2_2)
     3    0.01    0.07    0.18    6.37 ^ _1404_/X (sky130_fd_sc_hd__mux2_2)
                                         _0682_ (net)
                  0.07    0.00    6.37 ^ _1580_/A (sky130_fd_sc_hd__and2_2)
     2    0.01    0.08    0.18    6.55 ^ _1580_/X (sky130_fd_sc_hd__and2_2)
                                         _0834_ (net)
                  0.08    0.00    6.55 ^ _1581_/B1 (sky130_fd_sc_hd__a31o_2)
     2    0.05    0.27    0.28    6.83 ^ _1581_/X (sky130_fd_sc_hd__a31o_2)
                                         result[5] (net)
                  0.27    0.01    6.84 ^ result[5] (out)
                                  6.84   data arrival time

                  0.15   10.00   10.00   clock clk (rise edge)
                          0.00   10.00   clock network delay (ideal)
                         -0.25    9.75   clock uncertainty
                          0.00    9.75   clock reconvergence pessimism
                         -2.00    7.75   output external delay
                                  7.75   data required time
-----------------------------------------------------------------------------
                                  7.75   data required time
                                 -6.84   data arrival time
-----------------------------------------------------------------------------
                                  0.91   slack (MET)


Startpoint: control (input port clocked by clk)
Endpoint: _2041_ (rising edge-triggered flip-flop clocked by clk)
Path Group: clk
Path Type: max

Fanout     Cap    Slew   Delay    Time   Description
-----------------------------------------------------------------------------
                  0.15    0.00    0.00   clock clk (rise edge)
                          0.00    0.00   clock network delay (ideal)
                          2.00    2.00 v input external delay
     8    0.03    0.07    0.05    2.05 v control (in)
                                         control (net)
                  0.07    0.00    2.05 v _1008_/D (sky130_fd_sc_hd__and4b_2)
     2    0.01    0.05    0.26    2.31 v _1008_/X (sky130_fd_sc_hd__and4b_2)
                                         _0288_ (net)
                  0.05    0.00    2.31 v _1009_/A (sky130_fd_sc_hd__buf_1)
    10    0.03    0.18    0.22    2.54 v _1009_/X (sky130_fd_sc_hd__buf_1)
                                         _0289_ (net)
                  0.18    0.00    2.54 v _1036_/B (sky130_fd_sc_hd__and2_2)
     8    0.03    0.09    0.33    2.86 v _1036_/X (sky130_fd_sc_hd__and2_2)
                                         _0316_ (net)
                  0.09    0.00    2.86 v _1037_/B1 (sky130_fd_sc_hd__a211o_2)
     4    0.01    0.08    0.38    3.24 v _1037_/X (sky130_fd_sc_hd__a211o_2)
                                         _0317_ (net)
                  0.08    0.00    3.24 v _1038_/D (sky130_fd_sc_hd__or4_2)
     4    0.02    0.15    0.66    3.90 v _1038_/X (sky130_fd_sc_hd__or4_2)
                                         _0318_ (net)
                  0.15    0.00    3.90 v _1039_/C (sky130_fd_sc_hd__or3_2)
     5    0.02    0.13    0.55    4.45 v _1039_/X (sky130_fd_sc_hd__or3_2)
                                         _0319_ (net)
                  0.13    0.00    4.45 v _1046_/B (sky130_fd_sc_hd__or3_2)
     1    0.00    0.07    0.49    4.94 v _1046_/X (sky130_fd_sc_hd__or3_2)
                                         _0326_ (net)
                  0.07    0.00    4.94 v _1047_/A (sky130_fd_sc_hd__buf_1)
     7    0.02    0.14    0.20    5.14 v _1047_/X (sky130_fd_sc_hd__buf_1)
                                         _0327_ (net)
                  0.14    0.00    5.14 v _1087_/B (sky130_fd_sc_hd__or3_2)
     4    0.01    0.11    0.55    5.69 v _1087_/X (sky130_fd_sc_hd__or3_2)
                                         _0367_ (net)
                  0.11    0.00    5.69 v _1088_/A1 (sky130_fd_sc_hd__o21ai_2)
     2    0.01    0.13    0.19    5.88 ^ _1088_/Y (sky130_fd_sc_hd__o21ai_2)
                                         _0368_ (net)
                  0.13    0.00    5.88 ^ _1090_/A2 (sky130_fd_sc_hd__a21oi_2)
     2    0.01    0.05    0.08    5.96 v _1090_/Y (sky130_fd_sc_hd__a21oi_2)
                                         _0370_ (net)
                  0.05    0.00    5.96 v _1092_/A (sky130_fd_sc_hd__or2_2)
     3    0.01    0.07    0.34    6.30 v _1092_/X (sky130_fd_sc_hd__or2_2)
                                         _0372_ (net)
                  0.07    0.00    6.30 v _1098_/A (sky130_fd_sc_hd__or2_2)
     2    0.00    0.06    0.32    6.62 v _1098_/X (sky130_fd_sc_hd__or2_2)
                                         _0378_ (net)
                  0.06    0.00    6.62 v _1112_/A (sky130_fd_sc_hd__or3_2)
     1    0.00    0.07    0.49    7.11 v _1112_/X (sky130_fd_sc_hd__or3_2)
                                         _0392_ (net)
                  0.07    0.00    7.11 v _1194_/A1 (sky130_fd_sc_hd__o211a_2)
     5    0.02    0.07    0.33    7.43 v _1194_/X (sky130_fd_sc_hd__o211a_2)
                                         _0474_ (net)
                  0.07    0.00    7.43 v _1511_/A1 (sky130_fd_sc_hd__o21a_2)
     2    0.01    0.05    0.25    7.69 v _1511_/X (sky130_fd_sc_hd__o21a_2)
                                         _0779_ (net)
                  0.05    0.00    7.69 v _1512_/A2 (sky130_fd_sc_hd__o21ba_2)
     1    0.01    0.05    0.22    7.91 v _1512_/X (sky130_fd_sc_hd__o21ba_2)
                                         _0780_ (net)
                  0.05    0.00    7.91 v _1513_/B (sky130_fd_sc_hd__xnor2_2)
     1    0.00    0.05    0.13    8.04 v _1513_/Y (sky130_fd_sc_hd__xnor2_2)
                                         _0781_ (net)
                  0.05    0.00    8.04 v _1517_/A2 (sky130_fd_sc_hd__a21o_2)
     2    0.05    0.13    0.32    8.36 v _1517_/X (sky130_fd_sc_hd__a21o_2)
                                         result[19] (net)
                  0.13    0.00    8.36 v _1759_/A1 (sky130_fd_sc_hd__mux2_2)
     1    0.00    0.05    0.30    8.66 v _1759_/X (sky130_fd_sc_hd__mux2_2)
                                         _0931_ (net)
                  0.05    0.00    8.66 v _1760_/A (sky130_fd_sc_hd__buf_1)
     1    0.00    0.02    0.09    8.75 v _1760_/X (sky130_fd_sc_hd__buf_1)
                                         _0182_ (net)
                  0.02    0.00    8.75 v _2041_/D (sky130_fd_sc_hd__dfrtp_2)
                                  8.75   data arrival time

                  0.15   10.00   10.00   clock clk (rise edge)
                          0.00   10.00   clock network delay (ideal)
                         -0.25    9.75   clock uncertainty
                          0.00    9.75   clock reconvergence pessimism
                                  9.75 ^ _2041_/CLK (sky130_fd_sc_hd__dfrtp_2)
                         -0.08    9.67   library setup time
                                  9.67   data required time
-----------------------------------------------------------------------------
                                  9.67   data required time
                                 -8.75   data arrival time
-----------------------------------------------------------------------------
                                  0.92   slack (MET)


Startpoint: control (input port clocked by clk)
Endpoint: _2042_ (rising edge-triggered flip-flop clocked by clk)
Path Group: clk
Path Type: max

Fanout     Cap    Slew   Delay    Time   Description
-----------------------------------------------------------------------------
                  0.15    0.00    0.00   clock clk (rise edge)
                          0.00    0.00   clock network delay (ideal)
                          2.00    2.00 v input external delay
     8    0.03    0.07    0.05    2.05 v control (in)
                                         control (net)
                  0.07    0.00    2.05 v _1008_/D (sky130_fd_sc_hd__and4b_2)
     2    0.01    0.05    0.26    2.31 v _1008_/X (sky130_fd_sc_hd__and4b_2)
                                         _0288_ (net)
                  0.05    0.00    2.31 v _1009_/A (sky130_fd_sc_hd__buf_1)
    10    0.03    0.18    0.22    2.54 v _1009_/X (sky130_fd_sc_hd__buf_1)
                                         _0289_ (net)
                  0.18    0.00    2.54 v _1036_/B (sky130_fd_sc_hd__and2_2)
     8    0.03    0.09    0.33    2.86 v _1036_/X (sky130_fd_sc_hd__and2_2)
                                         _0316_ (net)
                  0.09    0.00    2.86 v _1037_/B1 (sky130_fd_sc_hd__a211o_2)
     4    0.01    0.08    0.38    3.24 v _1037_/X (sky130_fd_sc_hd__a211o_2)
                                         _0317_ (net)
                  0.08    0.00    3.24 v _1038_/D (sky130_fd_sc_hd__or4_2)
     4    0.02    0.15    0.66    3.90 v _1038_/X (sky130_fd_sc_hd__or4_2)
                                         _0318_ (net)
                  0.15    0.00    3.90 v _1039_/C (sky130_fd_sc_hd__or3_2)
     5    0.02    0.13    0.55    4.45 v _1039_/X (sky130_fd_sc_hd__or3_2)
                                         _0319_ (net)
                  0.13    0.00    4.45 v _1046_/B (sky130_fd_sc_hd__or3_2)
     1    0.00    0.07    0.49    4.94 v _1046_/X (sky130_fd_sc_hd__or3_2)
                                         _0326_ (net)
                  0.07    0.00    4.94 v _1047_/A (sky130_fd_sc_hd__buf_1)
     7    0.02    0.14    0.20    5.14 v _1047_/X (sky130_fd_sc_hd__buf_1)
                                         _0327_ (net)
                  0.14    0.00    5.14 v _1087_/B (sky130_fd_sc_hd__or3_2)
     4    0.01    0.11    0.55    5.69 v _1087_/X (sky130_fd_sc_hd__or3_2)
                                         _0367_ (net)
                  0.11    0.00    5.69 v _1088_/A1 (sky130_fd_sc_hd__o21ai_2)
     2    0.01    0.13    0.19    5.88 ^ _1088_/Y (sky130_fd_sc_hd__o21ai_2)
                                         _0368_ (net)
                  0.13    0.00    5.88 ^ _1090_/A2 (sky130_fd_sc_hd__a21oi_2)
     2    0.01    0.05    0.08    5.96 v _1090_/Y (sky130_fd_sc_hd__a21oi_2)
                                         _0370_ (net)
                  0.05    0.00    5.96 v _1092_/A (sky130_fd_sc_hd__or2_2)
     3    0.01    0.07    0.34    6.30 v _1092_/X (sky130_fd_sc_hd__or2_2)
                                         _0372_ (net)
                  0.07    0.00    6.30 v _1098_/A (sky130_fd_sc_hd__or2_2)
     2    0.00    0.06    0.32    6.62 v _1098_/X (sky130_fd_sc_hd__or2_2)
                                         _0378_ (net)
                  0.06    0.00    6.62 v _1112_/A (sky130_fd_sc_hd__or3_2)
     1    0.00    0.07    0.49    7.11 v _1112_/X (sky130_fd_sc_hd__or3_2)
                                         _0392_ (net)
                  0.07    0.00    7.11 v _1194_/A1 (sky130_fd_sc_hd__o211a_2)
     5    0.02    0.07    0.33    7.43 v _1194_/X (sky130_fd_sc_hd__o211a_2)
                                         _0474_ (net)
                  0.07    0.00    7.43 v _1483_/A1 (sky130_fd_sc_hd__o31a_2)
     2    0.01    0.08    0.41    7.84 v _1483_/X (sky130_fd_sc_hd__o31a_2)
                                         _0755_ (net)
                  0.08    0.00    7.84 v _1505_/B (sky130_fd_sc_hd__xor2_2)
     1    0.00    0.06    0.15    7.99 v _1505_/X (sky130_fd_sc_hd__xor2_2)
                                         _0774_ (net)
                  0.06    0.00    7.99 v _1509_/A2 (sky130_fd_sc_hd__a21o_2)
     2    0.05    0.13    0.33    8.32 v _1509_/X (sky130_fd_sc_hd__a21o_2)
                                         result[20] (net)
                  0.13    0.00    8.32 v _1757_/A1 (sky130_fd_sc_hd__mux2_2)
     1    0.00    0.05    0.30    8.62 v _1757_/X (sky130_fd_sc_hd__mux2_2)
                                         _0930_ (net)
                  0.05    0.00    8.62 v _1758_/A (sky130_fd_sc_hd__buf_1)
     1    0.00    0.02    0.09    8.71 v _1758_/X (sky130_fd_sc_hd__buf_1)
                                         _0183_ (net)
                  0.02    0.00    8.71 v _2042_/D (sky130_fd_sc_hd__dfrtp_2)
                                  8.71   data arrival time

                  0.15   10.00   10.00   clock clk (rise edge)
                          0.00   10.00   clock network delay (ideal)
                         -0.25    9.75   clock uncertainty
                          0.00    9.75   clock reconvergence pessimism
                                  9.75 ^ _2042_/CLK (sky130_fd_sc_hd__dfrtp_2)
                         -0.08    9.67   library setup time
                                  9.67   data required time
-----------------------------------------------------------------------------
                                  9.67   data required time
                                 -8.71   data arrival time
-----------------------------------------------------------------------------
                                  0.96   slack (MET)


Startpoint: control (input port clocked by clk)
Endpoint: _2039_ (rising edge-triggered flip-flop clocked by clk)
Path Group: clk
Path Type: max

Fanout     Cap    Slew   Delay    Time   Description
-----------------------------------------------------------------------------
                  0.15    0.00    0.00   clock clk (rise edge)
                          0.00    0.00   clock network delay (ideal)
                          2.00    2.00 v input external delay
     8    0.03    0.07    0.05    2.05 v control (in)
                                         control (net)
                  0.07    0.00    2.05 v _1008_/D (sky130_fd_sc_hd__and4b_2)
     2    0.01    0.05    0.26    2.31 v _1008_/X (sky130_fd_sc_hd__and4b_2)
                                         _0288_ (net)
                  0.05    0.00    2.31 v _1009_/A (sky130_fd_sc_hd__buf_1)
    10    0.03    0.18    0.22    2.54 v _1009_/X (sky130_fd_sc_hd__buf_1)
                                         _0289_ (net)
                  0.18    0.00    2.54 v _1036_/B (sky130_fd_sc_hd__and2_2)
     8    0.03    0.09    0.33    2.86 v _1036_/X (sky130_fd_sc_hd__and2_2)
                                         _0316_ (net)
                  0.09    0.00    2.86 v _1037_/B1 (sky130_fd_sc_hd__a211o_2)
     4    0.01    0.08    0.38    3.24 v _1037_/X (sky130_fd_sc_hd__a211o_2)
                                         _0317_ (net)
                  0.08    0.00    3.24 v _1038_/D (sky130_fd_sc_hd__or4_2)
     4    0.02    0.15    0.66    3.90 v _1038_/X (sky130_fd_sc_hd__or4_2)
                                         _0318_ (net)
                  0.15    0.00    3.90 v _1039_/C (sky130_fd_sc_hd__or3_2)
     5    0.02    0.13    0.55    4.45 v _1039_/X (sky130_fd_sc_hd__or3_2)
                                         _0319_ (net)
                  0.13    0.00    4.45 v _1046_/B (sky130_fd_sc_hd__or3_2)
     1    0.00    0.07    0.49    4.94 v _1046_/X (sky130_fd_sc_hd__or3_2)
                                         _0326_ (net)
                  0.07    0.00    4.94 v _1047_/A (sky130_fd_sc_hd__buf_1)
     7    0.02    0.14    0.20    5.14 v _1047_/X (sky130_fd_sc_hd__buf_1)
                                         _0327_ (net)
                  0.14    0.00    5.14 v _1087_/B (sky130_fd_sc_hd__or3_2)
     4    0.01    0.11    0.55    5.69 v _1087_/X (sky130_fd_sc_hd__or3_2)
                                         _0367_ (net)
                  0.11    0.00    5.69 v _1088_/A1 (sky130_fd_sc_hd__o21ai_2)
     2    0.01    0.13    0.19    5.88 ^ _1088_/Y (sky130_fd_sc_hd__o21ai_2)
                                         _0368_ (net)
                  0.13    0.00    5.88 ^ _1090_/A2 (sky130_fd_sc_hd__a21oi_2)
     2    0.01    0.05    0.08    5.96 v _1090_/Y (sky130_fd_sc_hd__a21oi_2)
                                         _0370_ (net)
                  0.05    0.00    5.96 v _1092_/A (sky130_fd_sc_hd__or2_2)
     3    0.01    0.07    0.34    6.30 v _1092_/X (sky130_fd_sc_hd__or2_2)
                                         _0372_ (net)
                  0.07    0.00    6.30 v _1098_/A (sky130_fd_sc_hd__or2_2)
     2    0.00    0.06    0.32    6.62 v _1098_/X (sky130_fd_sc_hd__or2_2)
                                         _0378_ (net)
                  0.06    0.00    6.62 v _1112_/A (sky130_fd_sc_hd__or3_2)
     1    0.00    0.07    0.49    7.11 v _1112_/X (sky130_fd_sc_hd__or3_2)
                                         _0392_ (net)
                  0.07    0.00    7.11 v _1194_/A1 (sky130_fd_sc_hd__o211a_2)
     5    0.02    0.07    0.33    7.43 v _1194_/X (sky130_fd_sc_hd__o211a_2)
                                         _0474_ (net)
                  0.07    0.00    7.43 v _1524_/A_N (sky130_fd_sc_hd__and2b_2)
     2    0.01    0.05    0.24    7.67 ^ _1524_/X (sky130_fd_sc_hd__and2b_2)
                                         _0790_ (net)
                  0.05    0.00    7.67 ^ _1525_/B (sky130_fd_sc_hd__or2_2)
     1    0.01    0.06    0.13    7.80 ^ _1525_/X (sky130_fd_sc_hd__or2_2)
                                         _0791_ (net)
                  0.06    0.00    7.80 ^ _1526_/B (sky130_fd_sc_hd__xnor2_2)
     1    0.00    0.04    0.05    7.85 v _1526_/Y (sky130_fd_sc_hd__xnor2_2)
                                         _0792_ (net)
                  0.04    0.00    7.85 v _1529_/A2 (sky130_fd_sc_hd__a21o_2)
     2    0.04    0.12    0.32    8.17 v _1529_/X (sky130_fd_sc_hd__a21o_2)
                                         result[17] (net)
                  0.12    0.00    8.17 v _1763_/A1 (sky130_fd_sc_hd__mux2_2)
     1    0.00    0.05    0.30    8.47 v _1763_/X (sky130_fd_sc_hd__mux2_2)
                                         _0933_ (net)
                  0.05    0.00    8.47 v _1764_/A (sky130_fd_sc_hd__buf_1)
     1    0.00    0.02    0.09    8.56 v _1764_/X (sky130_fd_sc_hd__buf_1)
                                         _0180_ (net)
                  0.02    0.00    8.56 v _2039_/D (sky130_fd_sc_hd__dfrtp_2)
                                  8.56   data arrival time

                  0.15   10.00   10.00   clock clk (rise edge)
                          0.00   10.00   clock network delay (ideal)
                         -0.25    9.75   clock uncertainty
                          0.00    9.75   clock reconvergence pessimism
                                  9.75 ^ _2039_/CLK (sky130_fd_sc_hd__dfrtp_2)
                         -0.08    9.67   library setup time
                                  9.67   data required time
-----------------------------------------------------------------------------
                                  9.67   data required time
                                 -8.56   data arrival time
-----------------------------------------------------------------------------
                                  1.11   slack (MET)


Startpoint: control (input port clocked by clk)
Endpoint: _2040_ (rising edge-triggered flip-flop clocked by clk)
Path Group: clk
Path Type: max

Fanout     Cap    Slew   Delay    Time   Description
-----------------------------------------------------------------------------
                  0.15    0.00    0.00   clock clk (rise edge)
                          0.00    0.00   clock network delay (ideal)
                          2.00    2.00 v input external delay
     8    0.03    0.07    0.05    2.05 v control (in)
                                         control (net)
                  0.07    0.00    2.05 v _1008_/D (sky130_fd_sc_hd__and4b_2)
     2    0.01    0.05    0.26    2.31 v _1008_/X (sky130_fd_sc_hd__and4b_2)
                                         _0288_ (net)
                  0.05    0.00    2.31 v _1009_/A (sky130_fd_sc_hd__buf_1)
    10    0.03    0.18    0.22    2.54 v _1009_/X (sky130_fd_sc_hd__buf_1)
                                         _0289_ (net)
                  0.18    0.00    2.54 v _1036_/B (sky130_fd_sc_hd__and2_2)
     8    0.03    0.09    0.33    2.86 v _1036_/X (sky130_fd_sc_hd__and2_2)
                                         _0316_ (net)
                  0.09    0.00    2.86 v _1037_/B1 (sky130_fd_sc_hd__a211o_2)
     4    0.01    0.08    0.38    3.24 v _1037_/X (sky130_fd_sc_hd__a211o_2)
                                         _0317_ (net)
                  0.08    0.00    3.24 v _1038_/D (sky130_fd_sc_hd__or4_2)
     4    0.02    0.15    0.66    3.90 v _1038_/X (sky130_fd_sc_hd__or4_2)
                                         _0318_ (net)
                  0.15    0.00    3.90 v _1039_/C (sky130_fd_sc_hd__or3_2)
     5    0.02    0.13    0.55    4.45 v _1039_/X (sky130_fd_sc_hd__or3_2)
                                         _0319_ (net)
                  0.13    0.00    4.45 v _1046_/B (sky130_fd_sc_hd__or3_2)
     1    0.00    0.07    0.49    4.94 v _1046_/X (sky130_fd_sc_hd__or3_2)
                                         _0326_ (net)
                  0.07    0.00    4.94 v _1047_/A (sky130_fd_sc_hd__buf_1)
     7    0.02    0.14    0.20    5.14 v _1047_/X (sky130_fd_sc_hd__buf_1)
                                         _0327_ (net)
                  0.14    0.00    5.14 v _1087_/B (sky130_fd_sc_hd__or3_2)
     4    0.01    0.11    0.55    5.69 v _1087_/X (sky130_fd_sc_hd__or3_2)
                                         _0367_ (net)
                  0.11    0.00    5.69 v _1088_/A1 (sky130_fd_sc_hd__o21ai_2)
     2    0.01    0.13    0.19    5.88 ^ _1088_/Y (sky130_fd_sc_hd__o21ai_2)
                                         _0368_ (net)
                  0.13    0.00    5.88 ^ _1090_/A2 (sky130_fd_sc_hd__a21oi_2)
     2    0.01    0.05    0.08    5.96 v _1090_/Y (sky130_fd_sc_hd__a21oi_2)
                                         _0370_ (net)
                  0.05    0.00    5.96 v _1092_/A (sky130_fd_sc_hd__or2_2)
     3    0.01    0.07    0.34    6.30 v _1092_/X (sky130_fd_sc_hd__or2_2)
                                         _0372_ (net)
                  0.07    0.00    6.30 v _1098_/A (sky130_fd_sc_hd__or2_2)
     2    0.00    0.06    0.32    6.62 v _1098_/X (sky130_fd_sc_hd__or2_2)
                                         _0378_ (net)
                  0.06    0.00    6.62 v _1112_/A (sky130_fd_sc_hd__or3_2)
     1    0.00    0.07    0.49    7.11 v _1112_/X (sky130_fd_sc_hd__or3_2)
                                         _0392_ (net)
                  0.07    0.00    7.11 v _1194_/A1 (sky130_fd_sc_hd__o211a_2)
     5    0.02    0.07    0.33    7.43 v _1194_/X (sky130_fd_sc_hd__o211a_2)
                                         _0474_ (net)
                  0.07    0.00    7.43 v _1511_/A1 (sky130_fd_sc_hd__o21a_2)
     2    0.01    0.05    0.25    7.69 v _1511_/X (sky130_fd_sc_hd__o21a_2)
                                         _0779_ (net)
                  0.05    0.00    7.69 v _1519_/B (sky130_fd_sc_hd__xnor2_2)
     1    0.00    0.04    0.13    7.82 v _1519_/Y (sky130_fd_sc_hd__xnor2_2)
                                         _0786_ (net)
                  0.04    0.00    7.82 v _1522_/A2 (sky130_fd_sc_hd__a21o_2)
     2    0.04    0.12    0.32    8.14 v _1522_/X (sky130_fd_sc_hd__a21o_2)
                                         result[18] (net)
                  0.12    0.00    8.14 v _1761_/A1 (sky130_fd_sc_hd__mux2_2)
     1    0.00    0.05    0.30    8.43 v _1761_/X (sky130_fd_sc_hd__mux2_2)
                                         _0932_ (net)
                  0.05    0.00    8.43 v _1762_/A (sky130_fd_sc_hd__buf_1)
     1    0.00    0.02    0.09    8.52 v _1762_/X (sky130_fd_sc_hd__buf_1)
                                         _0181_ (net)
                  0.02    0.00    8.52 v _2040_/D (sky130_fd_sc_hd__dfrtp_2)
                                  8.52   data arrival time

                  0.15   10.00   10.00   clock clk (rise edge)
                          0.00   10.00   clock network delay (ideal)
                         -0.25    9.75   clock uncertainty
                          0.00    9.75   clock reconvergence pessimism
                                  9.75 ^ _2040_/CLK (sky130_fd_sc_hd__dfrtp_2)
                         -0.08    9.67   library setup time
                                  9.67   data required time
-----------------------------------------------------------------------------
                                  9.67   data required time
                                 -8.52   data arrival time
-----------------------------------------------------------------------------
                                  1.14   slack (MET)


Startpoint: control (input port clocked by clk)
Endpoint: _2038_ (rising edge-triggered flip-flop clocked by clk)
Path Group: clk
Path Type: max

Fanout     Cap    Slew   Delay    Time   Description
-----------------------------------------------------------------------------
                  0.15    0.00    0.00   clock clk (rise edge)
                          0.00    0.00   clock network delay (ideal)
                          2.00    2.00 v input external delay
     8    0.03    0.07    0.05    2.05 v control (in)
                                         control (net)
                  0.07    0.00    2.05 v _1008_/D (sky130_fd_sc_hd__and4b_2)
     2    0.01    0.05    0.26    2.31 v _1008_/X (sky130_fd_sc_hd__and4b_2)
                                         _0288_ (net)
                  0.05    0.00    2.31 v _1009_/A (sky130_fd_sc_hd__buf_1)
    10    0.03    0.18    0.22    2.54 v _1009_/X (sky130_fd_sc_hd__buf_1)
                                         _0289_ (net)
                  0.18    0.00    2.54 v _1036_/B (sky130_fd_sc_hd__and2_2)
     8    0.03    0.09    0.33    2.86 v _1036_/X (sky130_fd_sc_hd__and2_2)
                                         _0316_ (net)
                  0.09    0.00    2.86 v _1037_/B1 (sky130_fd_sc_hd__a211o_2)
     4    0.01    0.08    0.38    3.24 v _1037_/X (sky130_fd_sc_hd__a211o_2)
                                         _0317_ (net)
                  0.08    0.00    3.24 v _1038_/D (sky130_fd_sc_hd__or4_2)
     4    0.02    0.15    0.66    3.90 v _1038_/X (sky130_fd_sc_hd__or4_2)
                                         _0318_ (net)
                  0.15    0.00    3.90 v _1039_/C (sky130_fd_sc_hd__or3_2)
     5    0.02    0.13    0.55    4.45 v _1039_/X (sky130_fd_sc_hd__or3_2)
                                         _0319_ (net)
                  0.13    0.00    4.45 v _1046_/B (sky130_fd_sc_hd__or3_2)
     1    0.00    0.07    0.49    4.94 v _1046_/X (sky130_fd_sc_hd__or3_2)
                                         _0326_ (net)
                  0.07    0.00    4.94 v _1047_/A (sky130_fd_sc_hd__buf_1)
     7    0.02    0.14    0.20    5.14 v _1047_/X (sky130_fd_sc_hd__buf_1)
                                         _0327_ (net)
                  0.14    0.00    5.14 v _1087_/B (sky130_fd_sc_hd__or3_2)
     4    0.01    0.11    0.55    5.69 v _1087_/X (sky130_fd_sc_hd__or3_2)
                                         _0367_ (net)
                  0.11    0.00    5.69 v _1088_/A1 (sky130_fd_sc_hd__o21ai_2)
     2    0.01    0.13    0.19    5.88 ^ _1088_/Y (sky130_fd_sc_hd__o21ai_2)
                                         _0368_ (net)
                  0.13    0.00    5.88 ^ _1090_/A2 (sky130_fd_sc_hd__a21oi_2)
     2    0.01    0.05    0.08    5.96 v _1090_/Y (sky130_fd_sc_hd__a21oi_2)
                                         _0370_ (net)
                  0.05    0.00    5.96 v _1092_/A (sky130_fd_sc_hd__or2_2)
     3    0.01    0.07    0.34    6.30 v _1092_/X (sky130_fd_sc_hd__or2_2)
                                         _0372_ (net)
                  0.07    0.00    6.30 v _1098_/A (sky130_fd_sc_hd__or2_2)
     2    0.00    0.06    0.32    6.62 v _1098_/X (sky130_fd_sc_hd__or2_2)
                                         _0378_ (net)
                  0.06    0.00    6.62 v _1112_/A (sky130_fd_sc_hd__or3_2)
     1    0.00    0.07    0.49    7.11 v _1112_/X (sky130_fd_sc_hd__or3_2)
                                         _0392_ (net)
                  0.07    0.00    7.11 v _1194_/A1 (sky130_fd_sc_hd__o211a_2)
     5    0.02    0.07    0.33    7.43 v _1194_/X (sky130_fd_sc_hd__o211a_2)
                                         _0474_ (net)
                  0.07    0.00    7.43 v _1524_/A_N (sky130_fd_sc_hd__and2b_2)
     2    0.01    0.05    0.24    7.67 ^ _1524_/X (sky130_fd_sc_hd__and2b_2)
                                         _0790_ (net)
                  0.05    0.00    7.67 ^ _1531_/B (sky130_fd_sc_hd__nor2_2)
     1    0.00    0.06    0.03    7.70 v _1531_/Y (sky130_fd_sc_hd__nor2_2)
                                         _0796_ (net)
                  0.06    0.00    7.70 v _1534_/A2 (sky130_fd_sc_hd__a21o_2)
     2    0.05    0.13    0.33    8.03 v _1534_/X (sky130_fd_sc_hd__a21o_2)
                                         result[16] (net)
                  0.13    0.00    8.03 v _1765_/A1 (sky130_fd_sc_hd__mux2_2)
     1    0.00    0.05    0.30    8.33 v _1765_/X (sky130_fd_sc_hd__mux2_2)
                                         _0934_ (net)
                  0.05    0.00    8.33 v _1766_/A (sky130_fd_sc_hd__buf_1)
     1    0.00    0.02    0.09    8.42 v _1766_/X (sky130_fd_sc_hd__buf_1)
                                         _0179_ (net)
                  0.02    0.00    8.42 v _2038_/D (sky130_fd_sc_hd__dfrtp_2)
                                  8.42   data arrival time

                  0.15   10.00   10.00   clock clk (rise edge)
                          0.00   10.00   clock network delay (ideal)
                         -0.25    9.75   clock uncertainty
                          0.00    9.75   clock reconvergence pessimism
                                  9.75 ^ _2038_/CLK (sky130_fd_sc_hd__dfrtp_2)
                         -0.08    9.67   library setup time
                                  9.67   data required time
-----------------------------------------------------------------------------
                                  9.67   data required time
                                 -8.42   data arrival time
-----------------------------------------------------------------------------
                                  1.25   slack (MET)


Startpoint: control (input port clocked by clk)
Endpoint: _2030_ (rising edge-triggered flip-flop clocked by clk)
Path Group: clk
Path Type: max

Fanout     Cap    Slew   Delay    Time   Description
-----------------------------------------------------------------------------
                  0.15    0.00    0.00   clock clk (rise edge)
                          0.00    0.00   clock network delay (ideal)
                          2.00    2.00 ^ input external delay
     8    0.03    0.14    0.11    2.11 ^ control (in)
                                         control (net)
                  0.14    0.00    2.11 ^ _0991_/D (sky130_fd_sc_hd__and4bb_2)
    10    0.03    0.22    0.40    2.51 ^ _0991_/X (sky130_fd_sc_hd__and4bb_2)
                                         _0271_ (net)
                  0.22    0.00    2.51 ^ _0992_/A (sky130_fd_sc_hd__buf_1)
    10    0.04    0.43    0.41    2.92 ^ _0992_/X (sky130_fd_sc_hd__buf_1)
                                         _0272_ (net)
                  0.43    0.00    2.92 ^ _0993_/A (sky130_fd_sc_hd__buf_1)
    10    0.05    0.55    0.51    3.43 ^ _0993_/X (sky130_fd_sc_hd__buf_1)
                                         _0273_ (net)
                  0.55    0.00    3.43 ^ _0994_/A (sky130_fd_sc_hd__buf_1)
    10    0.06    0.65    0.59    4.02 ^ _0994_/X (sky130_fd_sc_hd__buf_1)
                                         _0274_ (net)
                  0.65    0.00    4.02 ^ _0995_/A (sky130_fd_sc_hd__buf_1)
    10    0.05    0.61    0.57    4.60 ^ _0995_/X (sky130_fd_sc_hd__buf_1)
                                         _0275_ (net)
                  0.61    0.00    4.60 ^ _0996_/A (sky130_fd_sc_hd__buf_1)
    10    0.05    0.59    0.56    5.16 ^ _0996_/X (sky130_fd_sc_hd__buf_1)
                                         _0276_ (net)
                  0.59    0.00    5.16 ^ _0997_/A (sky130_fd_sc_hd__buf_1)
    10    0.04    0.45    0.45    5.61 ^ _0997_/X (sky130_fd_sc_hd__buf_1)
                                         _0277_ (net)
                  0.45    0.00    5.61 ^ _0998_/A (sky130_fd_sc_hd__buf_1)
    10    0.05    0.59    0.54    6.15 ^ _0998_/X (sky130_fd_sc_hd__buf_1)
                                         _0278_ (net)
                  0.59    0.00    6.16 ^ _1306_/B1 (sky130_fd_sc_hd__a221oi_2)
    10    0.04    0.24    0.29    6.45 v _1306_/Y (sky130_fd_sc_hd__a221oi_2)
                                         _0586_ (net)
                  0.24    0.00    6.45 v _1307_/A (sky130_fd_sc_hd__buf_1)
    10    0.04    0.21    0.32    6.77 v _1307_/X (sky130_fd_sc_hd__buf_1)
                                         _0587_ (net)
                  0.21    0.00    6.77 v _1476_/S (sky130_fd_sc_hd__mux2_2)
     2    0.01    0.06    0.36    7.13 v _1476_/X (sky130_fd_sc_hd__mux2_2)
                                         _0749_ (net)
                  0.06    0.00    7.13 v _1478_/A0 (sky130_fd_sc_hd__mux2_2)
     2    0.01    0.06    0.29    7.42 v _1478_/X (sky130_fd_sc_hd__mux2_2)
                                         _0751_ (net)
                  0.06    0.00    7.42 v _1567_/B (sky130_fd_sc_hd__and2_2)
     2    0.01    0.05    0.22    7.64 v _1567_/X (sky130_fd_sc_hd__and2_2)
                                         _0824_ (net)
                  0.05    0.00    7.64 v _1568_/B1 (sky130_fd_sc_hd__a31o_2)
     2    0.05    0.15    0.34    7.97 v _1568_/X (sky130_fd_sc_hd__a31o_2)
                                         result[8] (net)
                  0.15    0.00    7.98 v _1782_/A1 (sky130_fd_sc_hd__mux2_2)
     1    0.00    0.05    0.31    8.29 v _1782_/X (sky130_fd_sc_hd__mux2_2)
                                         _0943_ (net)
                  0.05    0.00    8.29 v _1783_/A (sky130_fd_sc_hd__buf_1)
     1    0.00    0.02    0.09    8.38 v _1783_/X (sky130_fd_sc_hd__buf_1)
                                         _0171_ (net)
                  0.02    0.00    8.38 v _2030_/D (sky130_fd_sc_hd__dfrtp_2)
                                  8.38   data arrival time

                  0.15   10.00   10.00   clock clk (rise edge)
                          0.00   10.00   clock network delay (ideal)
                         -0.25    9.75   clock uncertainty
                          0.00    9.75   clock reconvergence pessimism
                                  9.75 ^ _2030_/CLK (sky130_fd_sc_hd__dfrtp_2)
                         -0.08    9.67   library setup time
                                  9.67   data required time
-----------------------------------------------------------------------------
                                  9.67   data required time
                                 -8.38   data arrival time
-----------------------------------------------------------------------------
                                  1.29   slack (MET)


Startpoint: control (input port clocked by clk)
Endpoint: _2037_ (rising edge-triggered flip-flop clocked by clk)
Path Group: clk
Path Type: max

Fanout     Cap    Slew   Delay    Time   Description
-----------------------------------------------------------------------------
                  0.15    0.00    0.00   clock clk (rise edge)
                          0.00    0.00   clock network delay (ideal)
                          2.00    2.00 v input external delay
     8    0.03    0.07    0.05    2.05 v control (in)
                                         control (net)
                  0.07    0.00    2.05 v _1008_/D (sky130_fd_sc_hd__and4b_2)
     2    0.01    0.05    0.26    2.31 v _1008_/X (sky130_fd_sc_hd__and4b_2)
                                         _0288_ (net)
                  0.05    0.00    2.31 v _1009_/A (sky130_fd_sc_hd__buf_1)
    10    0.03    0.18    0.22    2.54 v _1009_/X (sky130_fd_sc_hd__buf_1)
                                         _0289_ (net)
                  0.18    0.00    2.54 v _1036_/B (sky130_fd_sc_hd__and2_2)
     8    0.03    0.09    0.33    2.86 v _1036_/X (sky130_fd_sc_hd__and2_2)
                                         _0316_ (net)
                  0.09    0.00    2.86 v _1037_/B1 (sky130_fd_sc_hd__a211o_2)
     4    0.01    0.08    0.38    3.24 v _1037_/X (sky130_fd_sc_hd__a211o_2)
                                         _0317_ (net)
                  0.08    0.00    3.24 v _1038_/D (sky130_fd_sc_hd__or4_2)
     4    0.02    0.15    0.66    3.90 v _1038_/X (sky130_fd_sc_hd__or4_2)
                                         _0318_ (net)
                  0.15    0.00    3.90 v _1039_/C (sky130_fd_sc_hd__or3_2)
     5    0.02    0.13    0.55    4.45 v _1039_/X (sky130_fd_sc_hd__or3_2)
                                         _0319_ (net)
                  0.13    0.00    4.45 v _1163_/C (sky130_fd_sc_hd__or4_2)
     1    0.00    0.09    0.65    5.10 v _1163_/X (sky130_fd_sc_hd__or4_2)
                                         _0443_ (net)
                  0.09    0.00    5.10 v _1164_/A (sky130_fd_sc_hd__buf_1)
     5    0.02    0.13    0.20    5.30 v _1164_/X (sky130_fd_sc_hd__buf_1)
                                         _0444_ (net)
                  0.13    0.00    5.30 v _1176_/A2 (sky130_fd_sc_hd__o21a_2)
     2    0.01    0.05    0.25    5.55 v _1176_/X (sky130_fd_sc_hd__o21a_2)
                                         _0456_ (net)
                  0.05    0.00    5.55 v _1178_/A2 (sky130_fd_sc_hd__o21a_2)
     2    0.00    0.04    0.20    5.75 v _1178_/X (sky130_fd_sc_hd__o21a_2)
                                         _0458_ (net)
                  0.04    0.00    5.75 v _1184_/B (sky130_fd_sc_hd__or3b_2)
     2    0.01    0.10    0.49    6.24 v _1184_/X (sky130_fd_sc_hd__or3b_2)
                                         _0464_ (net)
                  0.10    0.00    6.24 v _1189_/B1 (sky130_fd_sc_hd__o22ai_2)
     1    0.00    0.13    0.14    6.38 ^ _1189_/Y (sky130_fd_sc_hd__o22ai_2)
                                         _0469_ (net)
                  0.13    0.00    6.38 ^ _1190_/B1 (sky130_fd_sc_hd__a31oi_2)
     3    0.02    0.12    0.09    6.47 v _1190_/Y (sky130_fd_sc_hd__a31oi_2)
                                         _0470_ (net)
                  0.12    0.00    6.47 v _1535_/B (sky130_fd_sc_hd__or2_2)
     3    0.01    0.08    0.35    6.83 v _1535_/X (sky130_fd_sc_hd__or2_2)
                                         _0799_ (net)
                  0.08    0.00    6.83 v _1536_/A2 (sky130_fd_sc_hd__a21oi_2)
     2    0.01    0.16    0.21    7.04 ^ _1536_/Y (sky130_fd_sc_hd__a21oi_2)
                                         _0800_ (net)
                  0.16    0.00    7.04 ^ _1537_/B_N (sky130_fd_sc_hd__or2b_2)
     2    0.01    0.06    0.34    7.38 v _1537_/X (sky130_fd_sc_hd__or2b_2)
                                         _0801_ (net)
                  0.06    0.00    7.38 v _1539_/A2 (sky130_fd_sc_hd__a21o_2)
     1    0.00    0.03    0.22    7.60 v _1539_/X (sky130_fd_sc_hd__a21o_2)
                                         _0803_ (net)
                  0.03    0.00    7.60 v _1540_/A3 (sky130_fd_sc_hd__a32o_2)
     2    0.05    0.14    0.37    7.97 v _1540_/X (sky130_fd_sc_hd__a32o_2)
                                         result[15] (net)
                  0.14    0.00    7.97 v _1767_/A1 (sky130_fd_sc_hd__mux2_2)
     1    0.00    0.05    0.30    8.28 v _1767_/X (sky130_fd_sc_hd__mux2_2)
                                         _0935_ (net)
                  0.05    0.00    8.28 v _1768_/A (sky130_fd_sc_hd__buf_1)
     1    0.00    0.02    0.09    8.37 v _1768_/X (sky130_fd_sc_hd__buf_1)
                                         _0178_ (net)
                  0.02    0.00    8.37 v _2037_/D (sky130_fd_sc_hd__dfrtp_2)
                                  8.37   data arrival time

                  0.15   10.00   10.00   clock clk (rise edge)
                          0.00   10.00   clock network delay (ideal)
                         -0.25    9.75   clock uncertainty
                          0.00    9.75   clock reconvergence pessimism
                                  9.75 ^ _2037_/CLK (sky130_fd_sc_hd__dfrtp_2)
                         -0.08    9.67   library setup time
                                  9.67   data required time
-----------------------------------------------------------------------------
                                  9.67   data required time
                                 -8.37   data arrival time
-----------------------------------------------------------------------------
                                  1.30   slack (MET)


Startpoint: control (input port clocked by clk)
Endpoint: _2035_ (rising edge-triggered flip-flop clocked by clk)
Path Group: clk
Path Type: max

Fanout     Cap    Slew   Delay    Time   Description
-----------------------------------------------------------------------------
                  0.15    0.00    0.00   clock clk (rise edge)
                          0.00    0.00   clock network delay (ideal)
                          2.00    2.00 ^ input external delay
     8    0.03    0.14    0.11    2.11 ^ control (in)
                                         control (net)
                  0.14    0.00    2.11 ^ _0991_/D (sky130_fd_sc_hd__and4bb_2)
    10    0.03    0.22    0.40    2.51 ^ _0991_/X (sky130_fd_sc_hd__and4bb_2)
                                         _0271_ (net)
                  0.22    0.00    2.51 ^ _0992_/A (sky130_fd_sc_hd__buf_1)
    10    0.04    0.43    0.41    2.92 ^ _0992_/X (sky130_fd_sc_hd__buf_1)
                                         _0272_ (net)
                  0.43    0.00    2.92 ^ _0993_/A (sky130_fd_sc_hd__buf_1)
    10    0.05    0.55    0.51    3.43 ^ _0993_/X (sky130_fd_sc_hd__buf_1)
                                         _0273_ (net)
                  0.55    0.00    3.43 ^ _0994_/A (sky130_fd_sc_hd__buf_1)
    10    0.06    0.65    0.59    4.02 ^ _0994_/X (sky130_fd_sc_hd__buf_1)
                                         _0274_ (net)
                  0.65    0.00    4.02 ^ _0995_/A (sky130_fd_sc_hd__buf_1)
    10    0.05    0.61    0.57    4.60 ^ _0995_/X (sky130_fd_sc_hd__buf_1)
                                         _0275_ (net)
                  0.61    0.00    4.60 ^ _0996_/A (sky130_fd_sc_hd__buf_1)
    10    0.05    0.59    0.56    5.16 ^ _0996_/X (sky130_fd_sc_hd__buf_1)
                                         _0276_ (net)
                  0.59    0.00    5.16 ^ _0997_/A (sky130_fd_sc_hd__buf_1)
    10    0.04    0.45    0.45    5.61 ^ _0997_/X (sky130_fd_sc_hd__buf_1)
                                         _0277_ (net)
                  0.45    0.00    5.61 ^ _0998_/A (sky130_fd_sc_hd__buf_1)
    10    0.05    0.59    0.54    6.15 ^ _0998_/X (sky130_fd_sc_hd__buf_1)
                                         _0278_ (net)
                  0.59    0.00    6.16 ^ _1306_/B1 (sky130_fd_sc_hd__a221oi_2)
    10    0.04    0.24    0.29    6.45 v _1306_/Y (sky130_fd_sc_hd__a221oi_2)
                                         _0586_ (net)
                  0.24    0.00    6.45 v _1307_/A (sky130_fd_sc_hd__buf_1)
    10    0.04    0.21    0.32    6.77 v _1307_/X (sky130_fd_sc_hd__buf_1)
                                         _0587_ (net)
                  0.21    0.00    6.77 v _1407_/S (sky130_fd_sc_hd__mux2_2)
     2    0.00    0.05    0.35    7.12 v _1407_/X (sky130_fd_sc_hd__mux2_2)
                                         _0685_ (net)
                  0.05    0.00    7.12 v _1408_/A1 (sky130_fd_sc_hd__mux2_2)
     2    0.01    0.07    0.30    7.42 v _1408_/X (sky130_fd_sc_hd__mux2_2)
                                         _0686_ (net)
                  0.07    0.00    7.42 v _1545_/B (sky130_fd_sc_hd__and2_2)
     2    0.01    0.05    0.22    7.64 v _1545_/X (sky130_fd_sc_hd__and2_2)
                                         _0807_ (net)
                  0.05    0.00    7.64 v _1546_/B1 (sky130_fd_sc_hd__a31o_2)
     2    0.05    0.13    0.33    7.97 v _1546_/X (sky130_fd_sc_hd__a31o_2)
                                         result[13] (net)
                  0.13    0.00    7.97 v _1771_/A1 (sky130_fd_sc_hd__mux2_2)
     1    0.00    0.05    0.30    8.28 v _1771_/X (sky130_fd_sc_hd__mux2_2)
                                         _0937_ (net)
                  0.05    0.00    8.28 v _1772_/A (sky130_fd_sc_hd__buf_1)
     1    0.00    0.02    0.09    8.37 v _1772_/X (sky130_fd_sc_hd__buf_1)
                                         _0176_ (net)
                  0.02    0.00    8.37 v _2035_/D (sky130_fd_sc_hd__dfrtp_2)
                                  8.37   data arrival time

                  0.15   10.00   10.00   clock clk (rise edge)
                          0.00   10.00   clock network delay (ideal)
                         -0.25    9.75   clock uncertainty
                          0.00    9.75   clock reconvergence pessimism
                                  9.75 ^ _2035_/CLK (sky130_fd_sc_hd__dfrtp_2)
                         -0.08    9.67   library setup time
                                  9.67   data required time
-----------------------------------------------------------------------------
                                  9.67   data required time
                                 -8.37   data arrival time
-----------------------------------------------------------------------------
                                  1.30   slack (MET)


Startpoint: control (input port clocked by clk)
Endpoint: _2031_ (rising edge-triggered flip-flop clocked by clk)
Path Group: clk
Path Type: max

Fanout     Cap    Slew   Delay    Time   Description
-----------------------------------------------------------------------------
                  0.15    0.00    0.00   clock clk (rise edge)
                          0.00    0.00   clock network delay (ideal)
                          2.00    2.00 ^ input external delay
     8    0.03    0.14    0.11    2.11 ^ control (in)
                                         control (net)
                  0.14    0.00    2.11 ^ _0991_/D (sky130_fd_sc_hd__and4bb_2)
    10    0.03    0.22    0.40    2.51 ^ _0991_/X (sky130_fd_sc_hd__and4bb_2)
                                         _0271_ (net)
                  0.22    0.00    2.51 ^ _0992_/A (sky130_fd_sc_hd__buf_1)
    10    0.04    0.43    0.41    2.92 ^ _0992_/X (sky130_fd_sc_hd__buf_1)
                                         _0272_ (net)
                  0.43    0.00    2.92 ^ _0993_/A (sky130_fd_sc_hd__buf_1)
    10    0.05    0.55    0.51    3.43 ^ _0993_/X (sky130_fd_sc_hd__buf_1)
                                         _0273_ (net)
                  0.55    0.00    3.43 ^ _0994_/A (sky130_fd_sc_hd__buf_1)
    10    0.06    0.65    0.59    4.02 ^ _0994_/X (sky130_fd_sc_hd__buf_1)
                                         _0274_ (net)
                  0.65    0.00    4.02 ^ _0995_/A (sky130_fd_sc_hd__buf_1)
    10    0.05    0.61    0.57    4.60 ^ _0995_/X (sky130_fd_sc_hd__buf_1)
                                         _0275_ (net)
                  0.61    0.00    4.60 ^ _0996_/A (sky130_fd_sc_hd__buf_1)
    10    0.05    0.59    0.56    5.16 ^ _0996_/X (sky130_fd_sc_hd__buf_1)
                                         _0276_ (net)
                  0.59    0.00    5.16 ^ _0997_/A (sky130_fd_sc_hd__buf_1)
    10    0.04    0.45    0.45    5.61 ^ _0997_/X (sky130_fd_sc_hd__buf_1)
                                         _0277_ (net)
                  0.45    0.00    5.61 ^ _0998_/A (sky130_fd_sc_hd__buf_1)
    10    0.05    0.59    0.54    6.15 ^ _0998_/X (sky130_fd_sc_hd__buf_1)
                                         _0278_ (net)
                  0.59    0.00    6.16 ^ _1306_/B1 (sky130_fd_sc_hd__a221oi_2)
    10    0.04    0.24    0.29    6.45 v _1306_/Y (sky130_fd_sc_hd__a221oi_2)
                                         _0586_ (net)
                  0.24    0.00    6.45 v _1307_/A (sky130_fd_sc_hd__buf_1)
    10    0.04    0.21    0.32    6.77 v _1307_/X (sky130_fd_sc_hd__buf_1)
                                         _0587_ (net)
                  0.21    0.00    6.77 v _1467_/S (sky130_fd_sc_hd__mux2_2)
     2    0.01    0.06    0.36    7.13 v _1467_/X (sky130_fd_sc_hd__mux2_2)
                                         _0741_ (net)
                  0.06    0.00    7.13 v _1468_/A1 (sky130_fd_sc_hd__mux2_2)
     2    0.01    0.06    0.29    7.42 v _1468_/X (sky130_fd_sc_hd__mux2_2)
                                         _0742_ (net)
                  0.06    0.00    7.42 v _1564_/B (sky130_fd_sc_hd__and2_2)
     2    0.01    0.05    0.22    7.64 v _1564_/X (sky130_fd_sc_hd__and2_2)
                                         _0822_ (net)
                  0.05    0.00    7.64 v _1565_/B1 (sky130_fd_sc_hd__a21o_2)
     2    0.05    0.14    0.31    7.95 v _1565_/X (sky130_fd_sc_hd__a21o_2)
                                         result[9] (net)
                  0.14    0.00    7.95 v _1780_/A1 (sky130_fd_sc_hd__mux2_2)
     1    0.00    0.05    0.31    8.26 v _1780_/X (sky130_fd_sc_hd__mux2_2)
                                         _0942_ (net)
                  0.05    0.00    8.26 v _1781_/A (sky130_fd_sc_hd__buf_1)
     1    0.00    0.02    0.09    8.35 v _1781_/X (sky130_fd_sc_hd__buf_1)
                                         _0172_ (net)
                  0.02    0.00    8.35 v _2031_/D (sky130_fd_sc_hd__dfrtp_2)
                                  8.35   data arrival time

                  0.15   10.00   10.00   clock clk (rise edge)
                          0.00   10.00   clock network delay (ideal)
                         -0.25    9.75   clock uncertainty
                          0.00    9.75   clock reconvergence pessimism
                                  9.75 ^ _2031_/CLK (sky130_fd_sc_hd__dfrtp_2)
                         -0.08    9.67   library setup time
                                  9.67   data required time
-----------------------------------------------------------------------------
                                  9.67   data required time
                                 -8.35   data arrival time
-----------------------------------------------------------------------------
                                  1.32   slack (MET)


Startpoint: control (input port clocked by clk)
Endpoint: _2032_ (rising edge-triggered flip-flop clocked by clk)
Path Group: clk
Path Type: max

Fanout     Cap    Slew   Delay    Time   Description
-----------------------------------------------------------------------------
                  0.15    0.00    0.00   clock clk (rise edge)
                          0.00    0.00   clock network delay (ideal)
                          2.00    2.00 ^ input external delay
     8    0.03    0.14    0.11    2.11 ^ control (in)
                                         control (net)
                  0.14    0.00    2.11 ^ _0991_/D (sky130_fd_sc_hd__and4bb_2)
    10    0.03    0.22    0.40    2.51 ^ _0991_/X (sky130_fd_sc_hd__and4bb_2)
                                         _0271_ (net)
                  0.22    0.00    2.51 ^ _0992_/A (sky130_fd_sc_hd__buf_1)
    10    0.04    0.43    0.41    2.92 ^ _0992_/X (sky130_fd_sc_hd__buf_1)
                                         _0272_ (net)
                  0.43    0.00    2.92 ^ _0993_/A (sky130_fd_sc_hd__buf_1)
    10    0.05    0.55    0.51    3.43 ^ _0993_/X (sky130_fd_sc_hd__buf_1)
                                         _0273_ (net)
                  0.55    0.00    3.43 ^ _0994_/A (sky130_fd_sc_hd__buf_1)
    10    0.06    0.65    0.59    4.02 ^ _0994_/X (sky130_fd_sc_hd__buf_1)
                                         _0274_ (net)
                  0.65    0.00    4.02 ^ _0995_/A (sky130_fd_sc_hd__buf_1)
    10    0.05    0.61    0.57    4.60 ^ _0995_/X (sky130_fd_sc_hd__buf_1)
                                         _0275_ (net)
                  0.61    0.00    4.60 ^ _0996_/A (sky130_fd_sc_hd__buf_1)
    10    0.05    0.59    0.56    5.16 ^ _0996_/X (sky130_fd_sc_hd__buf_1)
                                         _0276_ (net)
                  0.59    0.00    5.16 ^ _0997_/A (sky130_fd_sc_hd__buf_1)
    10    0.04    0.45    0.45    5.61 ^ _0997_/X (sky130_fd_sc_hd__buf_1)
                                         _0277_ (net)
                  0.45    0.00    5.61 ^ _0998_/A (sky130_fd_sc_hd__buf_1)
    10    0.05    0.59    0.54    6.15 ^ _0998_/X (sky130_fd_sc_hd__buf_1)
                                         _0278_ (net)
                  0.59    0.00    6.16 ^ _1306_/B1 (sky130_fd_sc_hd__a221oi_2)
    10    0.04    0.24    0.29    6.45 v _1306_/Y (sky130_fd_sc_hd__a221oi_2)
                                         _0586_ (net)
                  0.24    0.00    6.45 v _1310_/A (sky130_fd_sc_hd__buf_1)
    10    0.04    0.23    0.33    6.78 v _1310_/X (sky130_fd_sc_hd__buf_1)
                                         _0590_ (net)
                  0.23    0.00    6.78 v _1454_/A (sky130_fd_sc_hd__and2_2)
     4    0.02    0.07    0.30    7.08 v _1454_/X (sky130_fd_sc_hd__and2_2)
                                         _0729_ (net)
                  0.07    0.00    7.08 v _1456_/A0 (sky130_fd_sc_hd__mux2_2)
     2    0.01    0.06    0.30    7.38 v _1456_/X (sky130_fd_sc_hd__mux2_2)
                                         _0731_ (net)
                  0.06    0.00    7.38 v _1559_/B (sky130_fd_sc_hd__and2_2)
     2    0.01    0.05    0.22    7.61 v _1559_/X (sky130_fd_sc_hd__and2_2)
                                         _0818_ (net)
                  0.05    0.00    7.61 v _1560_/B1 (sky130_fd_sc_hd__a31o_2)
     2    0.05    0.15    0.34    7.94 v _1560_/X (sky130_fd_sc_hd__a31o_2)
                                         result[10] (net)
                  0.15    0.00    7.95 v _1778_/A1 (sky130_fd_sc_hd__mux2_2)
     1    0.00    0.05    0.31    8.26 v _1778_/X (sky130_fd_sc_hd__mux2_2)
                                         _0941_ (net)
                  0.05    0.00    8.26 v _1779_/A (sky130_fd_sc_hd__buf_1)
     1    0.00    0.02    0.09    8.35 v _1779_/X (sky130_fd_sc_hd__buf_1)
                                         _0173_ (net)
                  0.02    0.00    8.35 v _2032_/D (sky130_fd_sc_hd__dfrtp_2)
                                  8.35   data arrival time

                  0.15   10.00   10.00   clock clk (rise edge)
                          0.00   10.00   clock network delay (ideal)
                         -0.25    9.75   clock uncertainty
                          0.00    9.75   clock reconvergence pessimism
                                  9.75 ^ _2032_/CLK (sky130_fd_sc_hd__dfrtp_2)
                         -0.08    9.67   library setup time
                                  9.67   data required time
-----------------------------------------------------------------------------
                                  9.67   data required time
                                 -8.35   data arrival time
-----------------------------------------------------------------------------
                                  1.32   slack (MET)


Startpoint: control (input port clocked by clk)
Endpoint: _2034_ (rising edge-triggered flip-flop clocked by clk)
Path Group: clk
Path Type: max

Fanout     Cap    Slew   Delay    Time   Description
-----------------------------------------------------------------------------
                  0.15    0.00    0.00   clock clk (rise edge)
                          0.00    0.00   clock network delay (ideal)
                          2.00    2.00 ^ input external delay
     8    0.03    0.14    0.11    2.11 ^ control (in)
                                         control (net)
                  0.14    0.00    2.11 ^ _0991_/D (sky130_fd_sc_hd__and4bb_2)
    10    0.03    0.22    0.40    2.51 ^ _0991_/X (sky130_fd_sc_hd__and4bb_2)
                                         _0271_ (net)
                  0.22    0.00    2.51 ^ _0992_/A (sky130_fd_sc_hd__buf_1)
    10    0.04    0.43    0.41    2.92 ^ _0992_/X (sky130_fd_sc_hd__buf_1)
                                         _0272_ (net)
                  0.43    0.00    2.92 ^ _0993_/A (sky130_fd_sc_hd__buf_1)
    10    0.05    0.55    0.51    3.43 ^ _0993_/X (sky130_fd_sc_hd__buf_1)
                                         _0273_ (net)
                  0.55    0.00    3.43 ^ _0994_/A (sky130_fd_sc_hd__buf_1)
    10    0.06    0.65    0.59    4.02 ^ _0994_/X (sky130_fd_sc_hd__buf_1)
                                         _0274_ (net)
                  0.65    0.00    4.02 ^ _0995_/A (sky130_fd_sc_hd__buf_1)
    10    0.05    0.61    0.57    4.60 ^ _0995_/X (sky130_fd_sc_hd__buf_1)
                                         _0275_ (net)
                  0.61    0.00    4.60 ^ _0996_/A (sky130_fd_sc_hd__buf_1)
    10    0.05    0.59    0.56    5.16 ^ _0996_/X (sky130_fd_sc_hd__buf_1)
                                         _0276_ (net)
                  0.59    0.00    5.16 ^ _0997_/A (sky130_fd_sc_hd__buf_1)
    10    0.04    0.45    0.45    5.61 ^ _0997_/X (sky130_fd_sc_hd__buf_1)
                                         _0277_ (net)
                  0.45    0.00    5.61 ^ _0998_/A (sky130_fd_sc_hd__buf_1)
    10    0.05    0.59    0.54    6.15 ^ _0998_/X (sky130_fd_sc_hd__buf_1)
                                         _0278_ (net)
                  0.59    0.00    6.16 ^ _1306_/B1 (sky130_fd_sc_hd__a221oi_2)
    10    0.04    0.24    0.29    6.45 v _1306_/Y (sky130_fd_sc_hd__a221oi_2)
                                         _0586_ (net)
                  0.24    0.00    6.45 v _1310_/A (sky130_fd_sc_hd__buf_1)
    10    0.04    0.23    0.33    6.78 v _1310_/X (sky130_fd_sc_hd__buf_1)
                                         _0590_ (net)
                  0.23    0.00    6.78 v _1424_/S (sky130_fd_sc_hd__mux2_2)
     3    0.01    0.06    0.37    7.15 v _1424_/X (sky130_fd_sc_hd__mux2_2)
                                         _0701_ (net)
                  0.06    0.00    7.15 v _1548_/A2 (sky130_fd_sc_hd__o211a_2)
     2    0.01    0.06    0.28    7.43 v _1548_/X (sky130_fd_sc_hd__o211a_2)
                                         _0809_ (net)
                  0.06    0.00    7.43 v _1549_/B1_N (sky130_fd_sc_hd__o21bai_2)
     2    0.05    0.22    0.33    7.77 v _1549_/Y (sky130_fd_sc_hd__o21bai_2)
                                         result[12] (net)
                  0.22    0.00    7.77 v _1773_/A1 (sky130_fd_sc_hd__mux2_2)
     1    0.00    0.05    0.34    8.11 v _1773_/X (sky130_fd_sc_hd__mux2_2)
                                         _0938_ (net)
                  0.05    0.00    8.11 v _1774_/A (sky130_fd_sc_hd__buf_1)
     1    0.00    0.02    0.09    8.20 v _1774_/X (sky130_fd_sc_hd__buf_1)
                                         _0175_ (net)
                  0.02    0.00    8.20 v _2034_/D (sky130_fd_sc_hd__dfrtp_2)
                                  8.20   data arrival time

                  0.15   10.00   10.00   clock clk (rise edge)
                          0.00   10.00   clock network delay (ideal)
                         -0.25    9.75   clock uncertainty
                          0.00    9.75   clock reconvergence pessimism
                                  9.75 ^ _2034_/CLK (sky130_fd_sc_hd__dfrtp_2)
                         -0.08    9.67   library setup time
                                  9.67   data required time
-----------------------------------------------------------------------------
                                  9.67   data required time
                                 -8.20   data arrival time
-----------------------------------------------------------------------------
                                  1.47   slack (MET)


Startpoint: control (input port clocked by clk)
Endpoint: _2036_ (rising edge-triggered flip-flop clocked by clk)
Path Group: clk
Path Type: max

Fanout     Cap    Slew   Delay    Time   Description
-----------------------------------------------------------------------------
                  0.15    0.00    0.00   clock clk (rise edge)
                          0.00    0.00   clock network delay (ideal)
                          2.00    2.00 ^ input external delay
     8    0.03    0.14    0.11    2.11 ^ control (in)
                                         control (net)
                  0.14    0.00    2.11 ^ _0991_/D (sky130_fd_sc_hd__and4bb_2)
    10    0.03    0.22    0.40    2.51 ^ _0991_/X (sky130_fd_sc_hd__and4bb_2)
                                         _0271_ (net)
                  0.22    0.00    2.51 ^ _0992_/A (sky130_fd_sc_hd__buf_1)
    10    0.04    0.43    0.41    2.92 ^ _0992_/X (sky130_fd_sc_hd__buf_1)
                                         _0272_ (net)
                  0.43    0.00    2.92 ^ _0993_/A (sky130_fd_sc_hd__buf_1)
    10    0.05    0.55    0.51    3.43 ^ _0993_/X (sky130_fd_sc_hd__buf_1)
                                         _0273_ (net)
                  0.55    0.00    3.43 ^ _0994_/A (sky130_fd_sc_hd__buf_1)
    10    0.06    0.65    0.59    4.02 ^ _0994_/X (sky130_fd_sc_hd__buf_1)
                                         _0274_ (net)
                  0.65    0.00    4.02 ^ _0995_/A (sky130_fd_sc_hd__buf_1)
    10    0.05    0.61    0.57    4.60 ^ _0995_/X (sky130_fd_sc_hd__buf_1)
                                         _0275_ (net)
                  0.61    0.00    4.60 ^ _0996_/A (sky130_fd_sc_hd__buf_1)
    10    0.05    0.59    0.56    5.16 ^ _0996_/X (sky130_fd_sc_hd__buf_1)
                                         _0276_ (net)
                  0.59    0.00    5.16 ^ _0997_/A (sky130_fd_sc_hd__buf_1)
    10    0.04    0.45    0.45    5.61 ^ _0997_/X (sky130_fd_sc_hd__buf_1)
                                         _0277_ (net)
                  0.45    0.00    5.61 ^ _0998_/A (sky130_fd_sc_hd__buf_1)
    10    0.05    0.59    0.54    6.15 ^ _0998_/X (sky130_fd_sc_hd__buf_1)
                                         _0278_ (net)
                  0.59    0.00    6.16 ^ _1306_/B1 (sky130_fd_sc_hd__a221oi_2)
    10    0.04    0.24    0.29    6.45 v _1306_/Y (sky130_fd_sc_hd__a221oi_2)
                                         _0586_ (net)
                  0.24    0.00    6.45 v _1376_/S (sky130_fd_sc_hd__mux2_2)
     4    0.02    0.09    0.42    6.86 v _1376_/X (sky130_fd_sc_hd__mux2_2)
                                         _0655_ (net)
                  0.09    0.00    6.86 v _1384_/A0 (sky130_fd_sc_hd__mux2_2)
     3    0.02    0.08    0.34    7.20 v _1384_/X (sky130_fd_sc_hd__mux2_2)
                                         _0663_ (net)
                  0.08    0.00    7.20 v _1542_/A2 (sky130_fd_sc_hd__a22o_2)
     2    0.05    0.14    0.40    7.60 v _1542_/X (sky130_fd_sc_hd__a22o_2)
                                         result[14] (net)
                  0.14    0.00    7.60 v _1769_/A1 (sky130_fd_sc_hd__mux2_2)
     1    0.00    0.05    0.31    7.90 v _1769_/X (sky130_fd_sc_hd__mux2_2)
                                         _0936_ (net)
                  0.05    0.00    7.90 v _1770_/A (sky130_fd_sc_hd__buf_1)
     1    0.00    0.02    0.09    7.99 v _1770_/X (sky130_fd_sc_hd__buf_1)
                                         _0177_ (net)
                  0.02    0.00    7.99 v _2036_/D (sky130_fd_sc_hd__dfrtp_2)
                                  7.99   data arrival time

                  0.15   10.00   10.00   clock clk (rise edge)
                          0.00   10.00   clock network delay (ideal)
                         -0.25    9.75   clock uncertainty
                          0.00    9.75   clock reconvergence pessimism
                                  9.75 ^ _2036_/CLK (sky130_fd_sc_hd__dfrtp_2)
                         -0.08    9.67   library setup time
                                  9.67   data required time
-----------------------------------------------------------------------------
                                  9.67   data required time
                                 -7.99   data arrival time
-----------------------------------------------------------------------------
                                  1.67   slack (MET)


Startpoint: control (input port clocked by clk)
Endpoint: _2019_ (rising edge-triggered flip-flop clocked by clk)
Path Group: clk
Path Type: max

Fanout     Cap    Slew   Delay    Time   Description
-----------------------------------------------------------------------------
                  0.15    0.00    0.00   clock clk (rise edge)
                          0.00    0.00   clock network delay (ideal)
                          2.00    2.00 ^ input external delay
     8    0.03    0.14    0.11    2.11 ^ control (in)
                                         control (net)
                  0.14    0.00    2.11 ^ _0991_/D (sky130_fd_sc_hd__and4bb_2)
    10    0.03    0.22    0.40    2.51 ^ _0991_/X (sky130_fd_sc_hd__and4bb_2)
                                         _0271_ (net)
                  0.22    0.00    2.51 ^ _0992_/A (sky130_fd_sc_hd__buf_1)
    10    0.04    0.43    0.41    2.92 ^ _0992_/X (sky130_fd_sc_hd__buf_1)
                                         _0272_ (net)
                  0.43    0.00    2.92 ^ _0993_/A (sky130_fd_sc_hd__buf_1)
    10    0.05    0.55    0.51    3.43 ^ _0993_/X (sky130_fd_sc_hd__buf_1)
                                         _0273_ (net)
                  0.55    0.00    3.43 ^ _0994_/A (sky130_fd_sc_hd__buf_1)
    10    0.06    0.65    0.59    4.02 ^ _0994_/X (sky130_fd_sc_hd__buf_1)
                                         _0274_ (net)
                  0.65    0.00    4.02 ^ _0995_/A (sky130_fd_sc_hd__buf_1)
    10    0.05    0.61    0.57    4.60 ^ _0995_/X (sky130_fd_sc_hd__buf_1)
                                         _0275_ (net)
                  0.61    0.00    4.60 ^ _0996_/A (sky130_fd_sc_hd__buf_1)
    10    0.05    0.59    0.56    5.16 ^ _0996_/X (sky130_fd_sc_hd__buf_1)
                                         _0276_ (net)
                  0.59    0.00    5.16 ^ _0997_/A (sky130_fd_sc_hd__buf_1)
    10    0.04    0.45    0.45    5.61 ^ _0997_/X (sky130_fd_sc_hd__buf_1)
                                         _0277_ (net)
                  0.45    0.00    5.61 ^ _0998_/A (sky130_fd_sc_hd__buf_1)
    10    0.05    0.59    0.54    6.15 ^ _0998_/X (sky130_fd_sc_hd__buf_1)
                                         _0278_ (net)
                  0.59    0.00    6.16 ^ _1306_/B1 (sky130_fd_sc_hd__a221oi_2)
    10    0.04    0.24    0.29    6.45 v _1306_/Y (sky130_fd_sc_hd__a221oi_2)
                                         _0586_ (net)
                  0.24    0.00    6.45 v _1307_/A (sky130_fd_sc_hd__buf_1)
    10    0.04    0.21    0.32    6.77 v _1307_/X (sky130_fd_sc_hd__buf_1)
                                         _0587_ (net)
                  0.21    0.00    6.77 v _1394_/S (sky130_fd_sc_hd__mux2_2)
     2    0.00    0.05    0.35    7.13 v _1394_/X (sky130_fd_sc_hd__mux2_2)
                                         _0672_ (net)
                  0.05    0.00    7.13 v _1395_/B (sky130_fd_sc_hd__or2_2)
     1    0.00    0.05    0.28    7.41 v _1395_/X (sky130_fd_sc_hd__or2_2)
                                         _0673_ (net)
                  0.05    0.00    7.41 v _1409_/A2 (sky130_fd_sc_hd__a32o_2)
     2    0.01    0.06    0.31    7.72 v _1409_/X (sky130_fd_sc_hd__a32o_2)
                                         _0687_ (net)
                  0.06    0.00    7.72 v _1803_/B1 (sky130_fd_sc_hd__a21o_2)
     1    0.00    0.03    0.19    7.91 v _1803_/X (sky130_fd_sc_hd__a21o_2)
                                         _0160_ (net)
                  0.03    0.00    7.91 v _2019_/D (sky130_fd_sc_hd__dfrtp_2)
                                  7.91   data arrival time

                  0.15   10.00   10.00   clock clk (rise edge)
                          0.00   10.00   clock network delay (ideal)
                         -0.25    9.75   clock uncertainty
                          0.00    9.75   clock reconvergence pessimism
                                  9.75 ^ _2019_/CLK (sky130_fd_sc_hd__dfrtp_2)
                         -0.09    9.66   library setup time
                                  9.66   data required time
-----------------------------------------------------------------------------
                                  9.66   data required time
                                 -7.91   data arrival time
-----------------------------------------------------------------------------
                                  1.75   slack (MET)


Startpoint: control (input port clocked by clk)
Endpoint: _2015_ (rising edge-triggered flip-flop clocked by clk)
Path Group: clk
Path Type: max

Fanout     Cap    Slew   Delay    Time   Description
-----------------------------------------------------------------------------
                  0.15    0.00    0.00   clock clk (rise edge)
                          0.00    0.00   clock network delay (ideal)
                          2.00    2.00 ^ input external delay
     8    0.03    0.14    0.11    2.11 ^ control (in)
                                         control (net)
                  0.14    0.00    2.11 ^ _0991_/D (sky130_fd_sc_hd__and4bb_2)
    10    0.03    0.22    0.40    2.51 ^ _0991_/X (sky130_fd_sc_hd__and4bb_2)
                                         _0271_ (net)
                  0.22    0.00    2.51 ^ _0992_/A (sky130_fd_sc_hd__buf_1)
    10    0.04    0.43    0.41    2.92 ^ _0992_/X (sky130_fd_sc_hd__buf_1)
                                         _0272_ (net)
                  0.43    0.00    2.92 ^ _0993_/A (sky130_fd_sc_hd__buf_1)
    10    0.05    0.55    0.51    3.43 ^ _0993_/X (sky130_fd_sc_hd__buf_1)
                                         _0273_ (net)
                  0.55    0.00    3.43 ^ _0994_/A (sky130_fd_sc_hd__buf_1)
    10    0.06    0.65    0.59    4.02 ^ _0994_/X (sky130_fd_sc_hd__buf_1)
                                         _0274_ (net)
                  0.65    0.00    4.02 ^ _0995_/A (sky130_fd_sc_hd__buf_1)
    10    0.05    0.61    0.57    4.60 ^ _0995_/X (sky130_fd_sc_hd__buf_1)
                                         _0275_ (net)
                  0.61    0.00    4.60 ^ _0996_/A (sky130_fd_sc_hd__buf_1)
    10    0.05    0.59    0.56    5.16 ^ _0996_/X (sky130_fd_sc_hd__buf_1)
                                         _0276_ (net)
                  0.59    0.00    5.16 ^ _0997_/A (sky130_fd_sc_hd__buf_1)
    10    0.04    0.45    0.45    5.61 ^ _0997_/X (sky130_fd_sc_hd__buf_1)
                                         _0277_ (net)
                  0.45    0.00    5.61 ^ _0998_/A (sky130_fd_sc_hd__buf_1)
    10    0.05    0.59    0.54    6.15 ^ _0998_/X (sky130_fd_sc_hd__buf_1)
                                         _0278_ (net)
                  0.59    0.00    6.16 ^ _1306_/B1 (sky130_fd_sc_hd__a221oi_2)
    10    0.04    0.24    0.29    6.45 v _1306_/Y (sky130_fd_sc_hd__a221oi_2)
                                         _0586_ (net)
                  0.24    0.00    6.45 v _1307_/A (sky130_fd_sc_hd__buf_1)
    10    0.04    0.21    0.32    6.77 v _1307_/X (sky130_fd_sc_hd__buf_1)
                                         _0587_ (net)
                  0.21    0.00    6.77 v _1462_/S (sky130_fd_sc_hd__mux2_2)
     2    0.01    0.06    0.36    7.13 v _1462_/X (sky130_fd_sc_hd__mux2_2)
                                         _0736_ (net)
                  0.06    0.00    7.13 v _1463_/B (sky130_fd_sc_hd__or2_2)
     1    0.00    0.05    0.28    7.41 v _1463_/X (sky130_fd_sc_hd__or2_2)
                                         _0737_ (net)
                  0.05    0.00    7.41 v _1469_/A2 (sky130_fd_sc_hd__a32o_2)
     2    0.01    0.05    0.30    7.71 v _1469_/X (sky130_fd_sc_hd__a32o_2)
                                         _0743_ (net)
                  0.05    0.00    7.71 v _1807_/B1 (sky130_fd_sc_hd__a21o_2)
     1    0.00    0.03    0.19    7.90 v _1807_/X (sky130_fd_sc_hd__a21o_2)
                                         _0156_ (net)
                  0.03    0.00    7.90 v _2015_/D (sky130_fd_sc_hd__dfrtp_2)
                                  7.90   data arrival time

                  0.15   10.00   10.00   clock clk (rise edge)
                          0.00   10.00   clock network delay (ideal)
                         -0.25    9.75   clock uncertainty
                          0.00    9.75   clock reconvergence pessimism
                                  9.75 ^ _2015_/CLK (sky130_fd_sc_hd__dfrtp_2)
                         -0.09    9.66   library setup time
                                  9.66   data required time
-----------------------------------------------------------------------------
                                  9.66   data required time
                                 -7.90   data arrival time
-----------------------------------------------------------------------------
                                  1.77   slack (MET)


Startpoint: control (input port clocked by clk)
Endpoint: _2014_ (rising edge-triggered flip-flop clocked by clk)
Path Group: clk
Path Type: max

Fanout     Cap    Slew   Delay    Time   Description
-----------------------------------------------------------------------------
                  0.15    0.00    0.00   clock clk (rise edge)
                          0.00    0.00   clock network delay (ideal)
                          2.00    2.00 ^ input external delay
     8    0.03    0.14    0.11    2.11 ^ control (in)
                                         control (net)
                  0.14    0.00    2.11 ^ _0991_/D (sky130_fd_sc_hd__and4bb_2)
    10    0.03    0.22    0.40    2.51 ^ _0991_/X (sky130_fd_sc_hd__and4bb_2)
                                         _0271_ (net)
                  0.22    0.00    2.51 ^ _0992_/A (sky130_fd_sc_hd__buf_1)
    10    0.04    0.43    0.41    2.92 ^ _0992_/X (sky130_fd_sc_hd__buf_1)
                                         _0272_ (net)
                  0.43    0.00    2.92 ^ _0993_/A (sky130_fd_sc_hd__buf_1)
    10    0.05    0.55    0.51    3.43 ^ _0993_/X (sky130_fd_sc_hd__buf_1)
                                         _0273_ (net)
                  0.55    0.00    3.43 ^ _0994_/A (sky130_fd_sc_hd__buf_1)
    10    0.06    0.65    0.59    4.02 ^ _0994_/X (sky130_fd_sc_hd__buf_1)
                                         _0274_ (net)
                  0.65    0.00    4.02 ^ _0995_/A (sky130_fd_sc_hd__buf_1)
    10    0.05    0.61    0.57    4.60 ^ _0995_/X (sky130_fd_sc_hd__buf_1)
                                         _0275_ (net)
                  0.61    0.00    4.60 ^ _0996_/A (sky130_fd_sc_hd__buf_1)
    10    0.05    0.59    0.56    5.16 ^ _0996_/X (sky130_fd_sc_hd__buf_1)
                                         _0276_ (net)
                  0.59    0.00    5.16 ^ _0997_/A (sky130_fd_sc_hd__buf_1)
    10    0.04    0.45    0.45    5.61 ^ _0997_/X (sky130_fd_sc_hd__buf_1)
                                         _0277_ (net)
                  0.45    0.00    5.61 ^ _0998_/A (sky130_fd_sc_hd__buf_1)
    10    0.05    0.59    0.54    6.15 ^ _0998_/X (sky130_fd_sc_hd__buf_1)
                                         _0278_ (net)
                  0.59    0.00    6.16 ^ _1306_/B1 (sky130_fd_sc_hd__a221oi_2)
    10    0.04    0.24    0.29    6.45 v _1306_/Y (sky130_fd_sc_hd__a221oi_2)
                                         _0586_ (net)
                  0.24    0.00    6.45 v _1307_/A (sky130_fd_sc_hd__buf_1)
    10    0.04    0.21    0.32    6.77 v _1307_/X (sky130_fd_sc_hd__buf_1)
                                         _0587_ (net)
                  0.21    0.00    6.77 v _1472_/S (sky130_fd_sc_hd__mux2_2)
     2    0.00    0.05    0.36    7.13 v _1472_/X (sky130_fd_sc_hd__mux2_2)
                                         _0745_ (net)
                  0.05    0.00    7.13 v _1473_/B (sky130_fd_sc_hd__or2_2)
     1    0.00    0.05    0.28    7.41 v _1473_/X (sky130_fd_sc_hd__or2_2)
                                         _0746_ (net)
                  0.05    0.00    7.41 v _1479_/A2 (sky130_fd_sc_hd__a32o_2)
     2    0.01    0.05    0.30    7.71 v _1479_/X (sky130_fd_sc_hd__a32o_2)
                                         _0752_ (net)
                  0.05    0.00    7.71 v _1808_/B1 (sky130_fd_sc_hd__a21o_2)
     1    0.00    0.03    0.19    7.89 v _1808_/X (sky130_fd_sc_hd__a21o_2)
                                         _0155_ (net)
                  0.03    0.00    7.89 v _2014_/D (sky130_fd_sc_hd__dfrtp_2)
                                  7.89   data arrival time

                  0.15   10.00   10.00   clock clk (rise edge)
                          0.00   10.00   clock network delay (ideal)
                         -0.25    9.75   clock uncertainty
                          0.00    9.75   clock reconvergence pessimism
                                  9.75 ^ _2014_/CLK (sky130_fd_sc_hd__dfrtp_2)
                         -0.09    9.66   library setup time
                                  9.66   data required time
-----------------------------------------------------------------------------
                                  9.66   data required time
                                 -7.89   data arrival time
-----------------------------------------------------------------------------
                                  1.77   slack (MET)


Startpoint: control (input port clocked by clk)
Endpoint: _2018_ (rising edge-triggered flip-flop clocked by clk)
Path Group: clk
Path Type: max

Fanout     Cap    Slew   Delay    Time   Description
-----------------------------------------------------------------------------
                  0.15    0.00    0.00   clock clk (rise edge)
                          0.00    0.00   clock network delay (ideal)
                          2.00    2.00 ^ input external delay
     8    0.03    0.14    0.11    2.11 ^ control (in)
                                         control (net)
                  0.14    0.00    2.11 ^ _0991_/D (sky130_fd_sc_hd__and4bb_2)
    10    0.03    0.22    0.40    2.51 ^ _0991_/X (sky130_fd_sc_hd__and4bb_2)
                                         _0271_ (net)
                  0.22    0.00    2.51 ^ _0992_/A (sky130_fd_sc_hd__buf_1)
    10    0.04    0.43    0.41    2.92 ^ _0992_/X (sky130_fd_sc_hd__buf_1)
                                         _0272_ (net)
                  0.43    0.00    2.92 ^ _0993_/A (sky130_fd_sc_hd__buf_1)
    10    0.05    0.55    0.51    3.43 ^ _0993_/X (sky130_fd_sc_hd__buf_1)
                                         _0273_ (net)
                  0.55    0.00    3.43 ^ _0994_/A (sky130_fd_sc_hd__buf_1)
    10    0.06    0.65    0.59    4.02 ^ _0994_/X (sky130_fd_sc_hd__buf_1)
                                         _0274_ (net)
                  0.65    0.00    4.02 ^ _0995_/A (sky130_fd_sc_hd__buf_1)
    10    0.05    0.61    0.57    4.60 ^ _0995_/X (sky130_fd_sc_hd__buf_1)
                                         _0275_ (net)
                  0.61    0.00    4.60 ^ _0996_/A (sky130_fd_sc_hd__buf_1)
    10    0.05    0.59    0.56    5.16 ^ _0996_/X (sky130_fd_sc_hd__buf_1)
                                         _0276_ (net)
                  0.59    0.00    5.16 ^ _0997_/A (sky130_fd_sc_hd__buf_1)
    10    0.04    0.45    0.45    5.61 ^ _0997_/X (sky130_fd_sc_hd__buf_1)
                                         _0277_ (net)
                  0.45    0.00    5.61 ^ _0998_/A (sky130_fd_sc_hd__buf_1)
    10    0.05    0.59    0.54    6.15 ^ _0998_/X (sky130_fd_sc_hd__buf_1)
                                         _0278_ (net)
                  0.59    0.00    6.16 ^ _1306_/B1 (sky130_fd_sc_hd__a221oi_2)
    10    0.04    0.24    0.29    6.45 v _1306_/Y (sky130_fd_sc_hd__a221oi_2)
                                         _0586_ (net)
                  0.24    0.00    6.45 v _1307_/A (sky130_fd_sc_hd__buf_1)
    10    0.04    0.21    0.32    6.77 v _1307_/X (sky130_fd_sc_hd__buf_1)
                                         _0587_ (net)
                  0.21    0.00    6.77 v _1420_/S (sky130_fd_sc_hd__mux2_2)
     2    0.01    0.06    0.36    7.13 v _1420_/X (sky130_fd_sc_hd__mux2_2)
                                         _0697_ (net)
                  0.06    0.00    7.13 v _1421_/B (sky130_fd_sc_hd__or2_2)
     1    0.00    0.05    0.28    7.42 v _1421_/X (sky130_fd_sc_hd__or2_2)
                                         _0698_ (net)
                  0.05    0.00    7.42 v _1431_/A3 (sky130_fd_sc_hd__a31o_2)
     2    0.01    0.06    0.28    7.70 v _1431_/X (sky130_fd_sc_hd__a31o_2)
                                         _0708_ (net)
                  0.06    0.00    7.70 v _1804_/B1 (sky130_fd_sc_hd__a21o_2)
     1    0.00    0.03    0.19    7.89 v _1804_/X (sky130_fd_sc_hd__a21o_2)
                                         _0159_ (net)
                  0.03    0.00    7.89 v _2018_/D (sky130_fd_sc_hd__dfrtp_2)
                                  7.89   data arrival time

                  0.15   10.00   10.00   clock clk (rise edge)
                          0.00   10.00   clock network delay (ideal)
                         -0.25    9.75   clock uncertainty
                          0.00    9.75   clock reconvergence pessimism
                                  9.75 ^ _2018_/CLK (sky130_fd_sc_hd__dfrtp_2)
                         -0.09    9.66   library setup time
                                  9.66   data required time
-----------------------------------------------------------------------------
                                  9.66   data required time
                                 -7.89   data arrival time
-----------------------------------------------------------------------------
                                  1.77   slack (MET)


Startpoint: control (input port clocked by clk)
Endpoint: _2016_ (rising edge-triggered flip-flop clocked by clk)
Path Group: clk
Path Type: max

Fanout     Cap    Slew   Delay    Time   Description
-----------------------------------------------------------------------------
                  0.15    0.00    0.00   clock clk (rise edge)
                          0.00    0.00   clock network delay (ideal)
                          2.00    2.00 ^ input external delay
     8    0.03    0.14    0.11    2.11 ^ control (in)
                                         control (net)
                  0.14    0.00    2.11 ^ _0991_/D (sky130_fd_sc_hd__and4bb_2)
    10    0.03    0.22    0.40    2.51 ^ _0991_/X (sky130_fd_sc_hd__and4bb_2)
                                         _0271_ (net)
                  0.22    0.00    2.51 ^ _0992_/A (sky130_fd_sc_hd__buf_1)
    10    0.04    0.43    0.41    2.92 ^ _0992_/X (sky130_fd_sc_hd__buf_1)
                                         _0272_ (net)
                  0.43    0.00    2.92 ^ _0993_/A (sky130_fd_sc_hd__buf_1)
    10    0.05    0.55    0.51    3.43 ^ _0993_/X (sky130_fd_sc_hd__buf_1)
                                         _0273_ (net)
                  0.55    0.00    3.43 ^ _0994_/A (sky130_fd_sc_hd__buf_1)
    10    0.06    0.65    0.59    4.02 ^ _0994_/X (sky130_fd_sc_hd__buf_1)
                                         _0274_ (net)
                  0.65    0.00    4.02 ^ _0995_/A (sky130_fd_sc_hd__buf_1)
    10    0.05    0.61    0.57    4.60 ^ _0995_/X (sky130_fd_sc_hd__buf_1)
                                         _0275_ (net)
                  0.61    0.00    4.60 ^ _0996_/A (sky130_fd_sc_hd__buf_1)
    10    0.05    0.59    0.56    5.16 ^ _0996_/X (sky130_fd_sc_hd__buf_1)
                                         _0276_ (net)
                  0.59    0.00    5.16 ^ _0997_/A (sky130_fd_sc_hd__buf_1)
    10    0.04    0.45    0.45    5.61 ^ _0997_/X (sky130_fd_sc_hd__buf_1)
                                         _0277_ (net)
                  0.45    0.00    5.61 ^ _0998_/A (sky130_fd_sc_hd__buf_1)
    10    0.05    0.59    0.54    6.15 ^ _0998_/X (sky130_fd_sc_hd__buf_1)
                                         _0278_ (net)
                  0.59    0.00    6.16 ^ _1306_/B1 (sky130_fd_sc_hd__a221oi_2)
    10    0.04    0.24    0.29    6.45 v _1306_/Y (sky130_fd_sc_hd__a221oi_2)
                                         _0586_ (net)
                  0.24    0.00    6.45 v _1307_/A (sky130_fd_sc_hd__buf_1)
    10    0.04    0.21    0.32    6.77 v _1307_/X (sky130_fd_sc_hd__buf_1)
                                         _0587_ (net)
                  0.21    0.00    6.77 v _1450_/S (sky130_fd_sc_hd__mux2_2)
     2    0.00    0.05    0.35    7.13 v _1450_/X (sky130_fd_sc_hd__mux2_2)
                                         _0725_ (net)
                  0.05    0.00    7.13 v _1451_/B (sky130_fd_sc_hd__or2_2)
     1    0.00    0.05    0.28    7.41 v _1451_/X (sky130_fd_sc_hd__or2_2)
                                         _0726_ (net)
                  0.05    0.00    7.41 v _1457_/A2 (sky130_fd_sc_hd__a32o_2)
     2    0.01    0.05    0.29    7.70 v _1457_/X (sky130_fd_sc_hd__a32o_2)
                                         _0732_ (net)
                  0.05    0.00    7.70 v _1806_/B1 (sky130_fd_sc_hd__a21o_2)
     1    0.00    0.03    0.19    7.88 v _1806_/X (sky130_fd_sc_hd__a21o_2)
                                         _0157_ (net)
                  0.03    0.00    7.88 v _2016_/D (sky130_fd_sc_hd__dfrtp_2)
                                  7.88   data arrival time

                  0.15   10.00   10.00   clock clk (rise edge)
                          0.00   10.00   clock network delay (ideal)
                         -0.25    9.75   clock uncertainty
                          0.00    9.75   clock reconvergence pessimism
                                  9.75 ^ _2016_/CLK (sky130_fd_sc_hd__dfrtp_2)
                         -0.09    9.66   library setup time
                                  9.66   data required time
-----------------------------------------------------------------------------
                                  9.66   data required time
                                 -7.88   data arrival time
-----------------------------------------------------------------------------
                                  1.78   slack (MET)


Startpoint: control (input port clocked by clk)
Endpoint: _2033_ (rising edge-triggered flip-flop clocked by clk)
Path Group: clk
Path Type: max

Fanout     Cap    Slew   Delay    Time   Description
-----------------------------------------------------------------------------
                  0.15    0.00    0.00   clock clk (rise edge)
                          0.00    0.00   clock network delay (ideal)
                          2.00    2.00 ^ input external delay
     8    0.03    0.14    0.11    2.11 ^ control (in)
                                         control (net)
                  0.14    0.00    2.11 ^ _0991_/D (sky130_fd_sc_hd__and4bb_2)
    10    0.03    0.22    0.40    2.51 ^ _0991_/X (sky130_fd_sc_hd__and4bb_2)
                                         _0271_ (net)
                  0.22    0.00    2.51 ^ _0992_/A (sky130_fd_sc_hd__buf_1)
    10    0.04    0.43    0.41    2.92 ^ _0992_/X (sky130_fd_sc_hd__buf_1)
                                         _0272_ (net)
                  0.43    0.00    2.92 ^ _0993_/A (sky130_fd_sc_hd__buf_1)
    10    0.05    0.55    0.51    3.43 ^ _0993_/X (sky130_fd_sc_hd__buf_1)
                                         _0273_ (net)
                  0.55    0.00    3.43 ^ _0994_/A (sky130_fd_sc_hd__buf_1)
    10    0.06    0.65    0.59    4.02 ^ _0994_/X (sky130_fd_sc_hd__buf_1)
                                         _0274_ (net)
                  0.65    0.00    4.02 ^ _0995_/A (sky130_fd_sc_hd__buf_1)
    10    0.05    0.61    0.57    4.60 ^ _0995_/X (sky130_fd_sc_hd__buf_1)
                                         _0275_ (net)
                  0.61    0.00    4.60 ^ _0996_/A (sky130_fd_sc_hd__buf_1)
    10    0.05    0.59    0.56    5.16 ^ _0996_/X (sky130_fd_sc_hd__buf_1)
                                         _0276_ (net)
                  0.59    0.00    5.16 ^ _0997_/A (sky130_fd_sc_hd__buf_1)
    10    0.04    0.45    0.45    5.61 ^ _0997_/X (sky130_fd_sc_hd__buf_1)
                                         _0277_ (net)
                  0.45    0.00    5.61 ^ _0998_/A (sky130_fd_sc_hd__buf_1)
    10    0.05    0.59    0.54    6.15 ^ _0998_/X (sky130_fd_sc_hd__buf_1)
                                         _0278_ (net)
                  0.59    0.00    6.16 ^ _1306_/B1 (sky130_fd_sc_hd__a221oi_2)
    10    0.04    0.24    0.29    6.45 v _1306_/Y (sky130_fd_sc_hd__a221oi_2)
                                         _0586_ (net)
                  0.24    0.00    6.45 v _1310_/A (sky130_fd_sc_hd__buf_1)
    10    0.04    0.23    0.33    6.78 v _1310_/X (sky130_fd_sc_hd__buf_1)
                                         _0590_ (net)
                  0.23    0.00    6.78 v _1439_/A (sky130_fd_sc_hd__nand2_2)
     3    0.01    0.10    0.17    6.95 ^ _1439_/Y (sky130_fd_sc_hd__nand2_2)
                                         _0715_ (net)
                  0.10    0.00    6.95 ^ _1442_/A0 (sky130_fd_sc_hd__mux2_2)
     2    0.01    0.06    0.18    7.13 ^ _1442_/X (sky130_fd_sc_hd__mux2_2)
                                         _0718_ (net)
                  0.06    0.00    7.13 ^ _1555_/B (sky130_fd_sc_hd__nor2_2)
     2    0.01    0.04    0.05    7.18 v _1555_/Y (sky130_fd_sc_hd__nor2_2)
                                         _0815_ (net)
                  0.04    0.00    7.18 v _1556_/B1 (sky130_fd_sc_hd__a21o_2)
     2    0.05    0.14    0.30    7.49 v _1556_/X (sky130_fd_sc_hd__a21o_2)
                                         result[11] (net)
                  0.14    0.00    7.49 v _1776_/A1 (sky130_fd_sc_hd__mux2_2)
     1    0.00    0.05    0.31    7.80 v _1776_/X (sky130_fd_sc_hd__mux2_2)
                                         _0940_ (net)
                  0.05    0.00    7.80 v _1777_/A (sky130_fd_sc_hd__buf_1)
     1    0.00    0.02    0.09    7.89 v _1777_/X (sky130_fd_sc_hd__buf_1)
                                         _0174_ (net)
                  0.02    0.00    7.89 v _2033_/D (sky130_fd_sc_hd__dfrtp_2)
                                  7.89   data arrival time

                  0.15   10.00   10.00   clock clk (rise edge)
                          0.00   10.00   clock network delay (ideal)
                         -0.25    9.75   clock uncertainty
                          0.00    9.75   clock reconvergence pessimism
                                  9.75 ^ _2033_/CLK (sky130_fd_sc_hd__dfrtp_2)
                         -0.08    9.67   library setup time
                                  9.67   data required time
-----------------------------------------------------------------------------
                                  9.67   data required time
                                 -7.89   data arrival time
-----------------------------------------------------------------------------
                                  1.78   slack (MET)


Startpoint: control (input port clocked by clk)
Endpoint: _2017_ (rising edge-triggered flip-flop clocked by clk)
Path Group: clk
Path Type: max

Fanout     Cap    Slew   Delay    Time   Description
-----------------------------------------------------------------------------
                  0.15    0.00    0.00   clock clk (rise edge)
                          0.00    0.00   clock network delay (ideal)
                          2.00    2.00 ^ input external delay
     8    0.03    0.14    0.11    2.11 ^ control (in)
                                         control (net)
                  0.14    0.00    2.11 ^ _0991_/D (sky130_fd_sc_hd__and4bb_2)
    10    0.03    0.22    0.40    2.51 ^ _0991_/X (sky130_fd_sc_hd__and4bb_2)
                                         _0271_ (net)
                  0.22    0.00    2.51 ^ _0992_/A (sky130_fd_sc_hd__buf_1)
    10    0.04    0.43    0.41    2.92 ^ _0992_/X (sky130_fd_sc_hd__buf_1)
                                         _0272_ (net)
                  0.43    0.00    2.92 ^ _0993_/A (sky130_fd_sc_hd__buf_1)
    10    0.05    0.55    0.51    3.43 ^ _0993_/X (sky130_fd_sc_hd__buf_1)
                                         _0273_ (net)
                  0.55    0.00    3.43 ^ _0994_/A (sky130_fd_sc_hd__buf_1)
    10    0.06    0.65    0.59    4.02 ^ _0994_/X (sky130_fd_sc_hd__buf_1)
                                         _0274_ (net)
                  0.65    0.00    4.02 ^ _0995_/A (sky130_fd_sc_hd__buf_1)
    10    0.05    0.61    0.57    4.60 ^ _0995_/X (sky130_fd_sc_hd__buf_1)
                                         _0275_ (net)
                  0.61    0.00    4.60 ^ _0996_/A (sky130_fd_sc_hd__buf_1)
    10    0.05    0.59    0.56    5.16 ^ _0996_/X (sky130_fd_sc_hd__buf_1)
                                         _0276_ (net)
                  0.59    0.00    5.16 ^ _0997_/A (sky130_fd_sc_hd__buf_1)
    10    0.04    0.45    0.45    5.61 ^ _0997_/X (sky130_fd_sc_hd__buf_1)
                                         _0277_ (net)
                  0.45    0.00    5.61 ^ _0998_/A (sky130_fd_sc_hd__buf_1)
    10    0.05    0.59    0.54    6.15 ^ _0998_/X (sky130_fd_sc_hd__buf_1)
                                         _0278_ (net)
                  0.59    0.00    6.16 ^ _1306_/B1 (sky130_fd_sc_hd__a221oi_2)
    10    0.04    0.24    0.29    6.45 v _1306_/Y (sky130_fd_sc_hd__a221oi_2)
                                         _0586_ (net)
                  0.24    0.00    6.45 v _1307_/A (sky130_fd_sc_hd__buf_1)
    10    0.04    0.21    0.32    6.77 v _1307_/X (sky130_fd_sc_hd__buf_1)
                                         _0587_ (net)
                  0.21    0.00    6.77 v _1444_/S (sky130_fd_sc_hd__mux2_2)
     1    0.00    0.05    0.35    7.12 v _1444_/X (sky130_fd_sc_hd__mux2_2)
                                         _0720_ (net)
                  0.05    0.00    7.12 v _1445_/A1 (sky130_fd_sc_hd__mux2_2)
     1    0.00    0.05    0.27    7.39 v _1445_/X (sky130_fd_sc_hd__mux2_2)
                                         _0721_ (net)
                  0.05    0.00    7.39 v _1446_/B1 (sky130_fd_sc_hd__a2bb2o_2)
     2    0.01    0.07    0.30    7.69 v _1446_/X (sky130_fd_sc_hd__a2bb2o_2)
                                         _0722_ (net)
                  0.07    0.00    7.69 v _1805_/B1 (sky130_fd_sc_hd__a21o_2)
     1    0.00    0.03    0.19    7.88 v _1805_/X (sky130_fd_sc_hd__a21o_2)
                                         _0158_ (net)
                  0.03    0.00    7.88 v _2017_/D (sky130_fd_sc_hd__dfrtp_2)
                                  7.88   data arrival time

                  0.15   10.00   10.00   clock clk (rise edge)
                          0.00   10.00   clock network delay (ideal)
                         -0.25    9.75   clock uncertainty
                          0.00    9.75   clock reconvergence pessimism
                                  9.75 ^ _2017_/CLK (sky130_fd_sc_hd__dfrtp_2)
                         -0.09    9.66   library setup time
                                  9.66   data required time
-----------------------------------------------------------------------------
                                  9.66   data required time
                                 -7.88   data arrival time
-----------------------------------------------------------------------------
                                  1.79   slack (MET)


Startpoint: control (input port clocked by clk)
Endpoint: _2007_ (rising edge-triggered flip-flop clocked by clk)
Path Group: clk
Path Type: max

Fanout     Cap    Slew   Delay    Time   Description
-----------------------------------------------------------------------------
                  0.15    0.00    0.00   clock clk (rise edge)
                          0.00    0.00   clock network delay (ideal)
                          2.00    2.00 ^ input external delay
     8    0.03    0.14    0.11    2.11 ^ control (in)
                                         control (net)
                  0.14    0.00    2.11 ^ _0991_/D (sky130_fd_sc_hd__and4bb_2)
    10    0.03    0.22    0.40    2.51 ^ _0991_/X (sky130_fd_sc_hd__and4bb_2)
                                         _0271_ (net)
                  0.22    0.00    2.51 ^ _0992_/A (sky130_fd_sc_hd__buf_1)
    10    0.04    0.43    0.41    2.92 ^ _0992_/X (sky130_fd_sc_hd__buf_1)
                                         _0272_ (net)
                  0.43    0.00    2.92 ^ _0993_/A (sky130_fd_sc_hd__buf_1)
    10    0.05    0.55    0.51    3.43 ^ _0993_/X (sky130_fd_sc_hd__buf_1)
                                         _0273_ (net)
                  0.55    0.00    3.43 ^ _0994_/A (sky130_fd_sc_hd__buf_1)
    10    0.06    0.65    0.59    4.02 ^ _0994_/X (sky130_fd_sc_hd__buf_1)
                                         _0274_ (net)
                  0.65    0.00    4.02 ^ _0995_/A (sky130_fd_sc_hd__buf_1)
    10    0.05    0.61    0.57    4.60 ^ _0995_/X (sky130_fd_sc_hd__buf_1)
                                         _0275_ (net)
                  0.61    0.00    4.60 ^ _0996_/A (sky130_fd_sc_hd__buf_1)
    10    0.05    0.59    0.56    5.16 ^ _0996_/X (sky130_fd_sc_hd__buf_1)
                                         _0276_ (net)
                  0.59    0.00    5.16 ^ _0997_/A (sky130_fd_sc_hd__buf_1)
    10    0.04    0.45    0.45    5.61 ^ _0997_/X (sky130_fd_sc_hd__buf_1)
                                         _0277_ (net)
                  0.45    0.00    5.61 ^ _0998_/A (sky130_fd_sc_hd__buf_1)
    10    0.05    0.59    0.54    6.15 ^ _0998_/X (sky130_fd_sc_hd__buf_1)
                                         _0278_ (net)
                  0.59    0.00    6.16 ^ _1306_/B1 (sky130_fd_sc_hd__a221oi_2)
    10    0.04    0.24    0.29    6.45 v _1306_/Y (sky130_fd_sc_hd__a221oi_2)
                                         _0586_ (net)
                  0.24    0.00    6.45 v _1307_/A (sky130_fd_sc_hd__buf_1)
    10    0.04    0.21    0.32    6.77 v _1307_/X (sky130_fd_sc_hd__buf_1)
                                         _0587_ (net)
                  0.21    0.00    6.77 v _1462_/S (sky130_fd_sc_hd__mux2_2)
     2    0.01    0.06    0.36    7.13 v _1462_/X (sky130_fd_sc_hd__mux2_2)
                                         _0736_ (net)
                  0.06    0.00    7.13 v _1527_/B (sky130_fd_sc_hd__and2_2)
     1    0.00    0.04    0.19    7.32 v _1527_/X (sky130_fd_sc_hd__and2_2)
                                         _0793_ (net)
                  0.04    0.00    7.32 v _1528_/C1 (sky130_fd_sc_hd__a221o_2)
     2    0.01    0.08    0.35    7.67 v _1528_/X (sky130_fd_sc_hd__a221o_2)
                                         _0794_ (net)
                  0.08    0.00    7.68 v _1816_/B1 (sky130_fd_sc_hd__a21o_2)
     1    0.00    0.03    0.20    7.87 v _1816_/X (sky130_fd_sc_hd__a21o_2)
                                         _0148_ (net)
                  0.03    0.00    7.87 v _2007_/D (sky130_fd_sc_hd__dfrtp_2)
                                  7.87   data arrival time

                  0.15   10.00   10.00   clock clk (rise edge)
                          0.00   10.00   clock network delay (ideal)
                         -0.25    9.75   clock uncertainty
                          0.00    9.75   clock reconvergence pessimism
                                  9.75 ^ _2007_/CLK (sky130_fd_sc_hd__dfrtp_2)
                         -0.09    9.66   library setup time
                                  9.66   data required time
-----------------------------------------------------------------------------
                                  9.66   data required time
                                 -7.87   data arrival time
-----------------------------------------------------------------------------
                                  1.79   slack (MET)


Startpoint: control (input port clocked by clk)
Endpoint: _2021_ (rising edge-triggered flip-flop clocked by clk)
Path Group: clk
Path Type: max

Fanout     Cap    Slew   Delay    Time   Description
-----------------------------------------------------------------------------
                  0.15    0.00    0.00   clock clk (rise edge)
                          0.00    0.00   clock network delay (ideal)
                          2.00    2.00 ^ input external delay
     8    0.03    0.14    0.11    2.11 ^ control (in)
                                         control (net)
                  0.14    0.00    2.11 ^ _0991_/D (sky130_fd_sc_hd__and4bb_2)
    10    0.03    0.22    0.40    2.51 ^ _0991_/X (sky130_fd_sc_hd__and4bb_2)
                                         _0271_ (net)
                  0.22    0.00    2.51 ^ _0992_/A (sky130_fd_sc_hd__buf_1)
    10    0.04    0.43    0.41    2.92 ^ _0992_/X (sky130_fd_sc_hd__buf_1)
                                         _0272_ (net)
                  0.43    0.00    2.92 ^ _0993_/A (sky130_fd_sc_hd__buf_1)
    10    0.05    0.55    0.51    3.43 ^ _0993_/X (sky130_fd_sc_hd__buf_1)
                                         _0273_ (net)
                  0.55    0.00    3.43 ^ _0994_/A (sky130_fd_sc_hd__buf_1)
    10    0.06    0.65    0.59    4.02 ^ _0994_/X (sky130_fd_sc_hd__buf_1)
                                         _0274_ (net)
                  0.65    0.00    4.02 ^ _0995_/A (sky130_fd_sc_hd__buf_1)
    10    0.05    0.61    0.57    4.60 ^ _0995_/X (sky130_fd_sc_hd__buf_1)
                                         _0275_ (net)
                  0.61    0.00    4.60 ^ _0996_/A (sky130_fd_sc_hd__buf_1)
    10    0.05    0.59    0.56    5.16 ^ _0996_/X (sky130_fd_sc_hd__buf_1)
                                         _0276_ (net)
                  0.59    0.00    5.16 ^ _0997_/A (sky130_fd_sc_hd__buf_1)
    10    0.04    0.45    0.45    5.61 ^ _0997_/X (sky130_fd_sc_hd__buf_1)
                                         _0277_ (net)
                  0.45    0.00    5.61 ^ _0998_/A (sky130_fd_sc_hd__buf_1)
    10    0.05    0.59    0.54    6.15 ^ _0998_/X (sky130_fd_sc_hd__buf_1)
                                         _0278_ (net)
                  0.59    0.00    6.16 ^ _1306_/B1 (sky130_fd_sc_hd__a221oi_2)
    10    0.04    0.24    0.29    6.45 v _1306_/Y (sky130_fd_sc_hd__a221oi_2)
                                         _0586_ (net)
                  0.24    0.00    6.45 v _1307_/A (sky130_fd_sc_hd__buf_1)
    10    0.04    0.21    0.32    6.77 v _1307_/X (sky130_fd_sc_hd__buf_1)
                                         _0587_ (net)
                  0.21    0.00    6.77 v _1308_/S (sky130_fd_sc_hd__mux2_2)
     2    0.01    0.06    0.36    7.13 v _1308_/X (sky130_fd_sc_hd__mux2_2)
                                         _0588_ (net)
                  0.06    0.00    7.13 v _1309_/B (sky130_fd_sc_hd__or2_2)
     1    0.00    0.05    0.28    7.41 v _1309_/X (sky130_fd_sc_hd__or2_2)
                                         _0589_ (net)
                  0.05    0.00    7.41 v _1347_/A1 (sky130_fd_sc_hd__a32o_2)
     2    0.01    0.05    0.27    7.68 v _1347_/X (sky130_fd_sc_hd__a32o_2)
                                         _0627_ (net)
                  0.05    0.00    7.68 v _1801_/B1 (sky130_fd_sc_hd__a21o_2)
     1    0.00    0.03    0.19    7.87 v _1801_/X (sky130_fd_sc_hd__a21o_2)
                                         _0162_ (net)
                  0.03    0.00    7.87 v _2021_/D (sky130_fd_sc_hd__dfrtp_2)
                                  7.87   data arrival time

                  0.15   10.00   10.00   clock clk (rise edge)
                          0.00   10.00   clock network delay (ideal)
                         -0.25    9.75   clock uncertainty
                          0.00    9.75   clock reconvergence pessimism
                                  9.75 ^ _2021_/CLK (sky130_fd_sc_hd__dfrtp_2)
                         -0.09    9.66   library setup time
                                  9.66   data required time
-----------------------------------------------------------------------------
                                  9.66   data required time
                                 -7.87   data arrival time
-----------------------------------------------------------------------------
                                  1.80   slack (MET)


Startpoint: control (input port clocked by clk)
Endpoint: _2006_ (rising edge-triggered flip-flop clocked by clk)
Path Group: clk
Path Type: max

Fanout     Cap    Slew   Delay    Time   Description
-----------------------------------------------------------------------------
                  0.15    0.00    0.00   clock clk (rise edge)
                          0.00    0.00   clock network delay (ideal)
                          2.00    2.00 ^ input external delay
     8    0.03    0.14    0.11    2.11 ^ control (in)
                                         control (net)
                  0.14    0.00    2.11 ^ _0991_/D (sky130_fd_sc_hd__and4bb_2)
    10    0.03    0.22    0.40    2.51 ^ _0991_/X (sky130_fd_sc_hd__and4bb_2)
                                         _0271_ (net)
                  0.22    0.00    2.51 ^ _0992_/A (sky130_fd_sc_hd__buf_1)
    10    0.04    0.43    0.41    2.92 ^ _0992_/X (sky130_fd_sc_hd__buf_1)
                                         _0272_ (net)
                  0.43    0.00    2.92 ^ _0993_/A (sky130_fd_sc_hd__buf_1)
    10    0.05    0.55    0.51    3.43 ^ _0993_/X (sky130_fd_sc_hd__buf_1)
                                         _0273_ (net)
                  0.55    0.00    3.43 ^ _0994_/A (sky130_fd_sc_hd__buf_1)
    10    0.06    0.65    0.59    4.02 ^ _0994_/X (sky130_fd_sc_hd__buf_1)
                                         _0274_ (net)
                  0.65    0.00    4.02 ^ _0995_/A (sky130_fd_sc_hd__buf_1)
    10    0.05    0.61    0.57    4.60 ^ _0995_/X (sky130_fd_sc_hd__buf_1)
                                         _0275_ (net)
                  0.61    0.00    4.60 ^ _0996_/A (sky130_fd_sc_hd__buf_1)
    10    0.05    0.59    0.56    5.16 ^ _0996_/X (sky130_fd_sc_hd__buf_1)
                                         _0276_ (net)
                  0.59    0.00    5.16 ^ _0997_/A (sky130_fd_sc_hd__buf_1)
    10    0.04    0.45    0.45    5.61 ^ _0997_/X (sky130_fd_sc_hd__buf_1)
                                         _0277_ (net)
                  0.45    0.00    5.61 ^ _0998_/A (sky130_fd_sc_hd__buf_1)
    10    0.05    0.59    0.54    6.15 ^ _0998_/X (sky130_fd_sc_hd__buf_1)
                                         _0278_ (net)
                  0.59    0.00    6.16 ^ _1306_/B1 (sky130_fd_sc_hd__a221oi_2)
    10    0.04    0.24    0.29    6.45 v _1306_/Y (sky130_fd_sc_hd__a221oi_2)
                                         _0586_ (net)
                  0.24    0.00    6.45 v _1307_/A (sky130_fd_sc_hd__buf_1)
    10    0.04    0.21    0.32    6.77 v _1307_/X (sky130_fd_sc_hd__buf_1)
                                         _0587_ (net)
                  0.21    0.00    6.77 v _1472_/S (sky130_fd_sc_hd__mux2_2)
     2    0.00    0.05    0.36    7.13 v _1472_/X (sky130_fd_sc_hd__mux2_2)
                                         _0745_ (net)
                  0.05    0.00    7.13 v _1532_/B (sky130_fd_sc_hd__and2_2)
     1    0.00    0.04    0.19    7.32 v _1532_/X (sky130_fd_sc_hd__and2_2)
                                         _0797_ (net)
                  0.04    0.00    7.32 v _1533_/C1 (sky130_fd_sc_hd__a221o_2)
     2    0.01    0.08    0.35    7.67 v _1533_/X (sky130_fd_sc_hd__a221o_2)
                                         _0798_ (net)
                  0.08    0.00    7.67 v _1817_/B1 (sky130_fd_sc_hd__a21o_2)
     1    0.00    0.03    0.20    7.87 v _1817_/X (sky130_fd_sc_hd__a21o_2)
                                         _0147_ (net)
                  0.03    0.00    7.87 v _2006_/D (sky130_fd_sc_hd__dfrtp_2)
                                  7.87   data arrival time

                  0.15   10.00   10.00   clock clk (rise edge)
                          0.00   10.00   clock network delay (ideal)
                         -0.25    9.75   clock uncertainty
                          0.00    9.75   clock reconvergence pessimism
                                  9.75 ^ _2006_/CLK (sky130_fd_sc_hd__dfrtp_2)
                         -0.09    9.66   library setup time
                                  9.66   data required time
-----------------------------------------------------------------------------
                                  9.66   data required time
                                 -7.87   data arrival time
-----------------------------------------------------------------------------
                                  1.80   slack (MET)


Startpoint: control (input port clocked by clk)
Endpoint: _2024_ (rising edge-triggered flip-flop clocked by clk)
Path Group: clk
Path Type: max

Fanout     Cap    Slew   Delay    Time   Description
-----------------------------------------------------------------------------
                  0.15    0.00    0.00   clock clk (rise edge)
                          0.00    0.00   clock network delay (ideal)
                          2.00    2.00 ^ input external delay
     8    0.03    0.14    0.11    2.11 ^ control (in)
                                         control (net)
                  0.14    0.00    2.11 ^ _0991_/D (sky130_fd_sc_hd__and4bb_2)
    10    0.03    0.22    0.40    2.51 ^ _0991_/X (sky130_fd_sc_hd__and4bb_2)
                                         _0271_ (net)
                  0.22    0.00    2.51 ^ _0992_/A (sky130_fd_sc_hd__buf_1)
    10    0.04    0.43    0.41    2.92 ^ _0992_/X (sky130_fd_sc_hd__buf_1)
                                         _0272_ (net)
                  0.43    0.00    2.92 ^ _0993_/A (sky130_fd_sc_hd__buf_1)
    10    0.05    0.55    0.51    3.43 ^ _0993_/X (sky130_fd_sc_hd__buf_1)
                                         _0273_ (net)
                  0.55    0.00    3.43 ^ _0994_/A (sky130_fd_sc_hd__buf_1)
    10    0.06    0.65    0.59    4.02 ^ _0994_/X (sky130_fd_sc_hd__buf_1)
                                         _0274_ (net)
                  0.65    0.00    4.02 ^ _0995_/A (sky130_fd_sc_hd__buf_1)
    10    0.05    0.61    0.57    4.60 ^ _0995_/X (sky130_fd_sc_hd__buf_1)
                                         _0275_ (net)
                  0.61    0.00    4.60 ^ _0996_/A (sky130_fd_sc_hd__buf_1)
    10    0.05    0.59    0.56    5.16 ^ _0996_/X (sky130_fd_sc_hd__buf_1)
                                         _0276_ (net)
                  0.59    0.00    5.16 ^ _0997_/A (sky130_fd_sc_hd__buf_1)
    10    0.04    0.45    0.45    5.61 ^ _0997_/X (sky130_fd_sc_hd__buf_1)
                                         _0277_ (net)
                  0.45    0.00    5.61 ^ _0998_/A (sky130_fd_sc_hd__buf_1)
    10    0.05    0.59    0.54    6.15 ^ _0998_/X (sky130_fd_sc_hd__buf_1)
                                         _0278_ (net)
                  0.59    0.00    6.16 ^ _1306_/B1 (sky130_fd_sc_hd__a221oi_2)
    10    0.04    0.24    0.29    6.45 v _1306_/Y (sky130_fd_sc_hd__a221oi_2)
                                         _0586_ (net)
                  0.24    0.00    6.45 v _1310_/A (sky130_fd_sc_hd__buf_1)
    10    0.04    0.23    0.33    6.78 v _1310_/X (sky130_fd_sc_hd__buf_1)
                                         _0590_ (net)
                  0.23    0.00    6.78 v _1454_/A (sky130_fd_sc_hd__and2_2)
     4    0.02    0.07    0.30    7.08 v _1454_/X (sky130_fd_sc_hd__and2_2)
                                         _0729_ (net)
                  0.07    0.00    7.08 v _1593_/A2 (sky130_fd_sc_hd__a22o_2)
     2    0.05    0.14    0.39    7.47 v _1593_/X (sky130_fd_sc_hd__a22o_2)
                                         result[2] (net)
                  0.14    0.00    7.47 v _1794_/A1 (sky130_fd_sc_hd__mux2_2)
     1    0.00    0.05    0.31    7.78 v _1794_/X (sky130_fd_sc_hd__mux2_2)
                                         _0949_ (net)
                  0.05    0.00    7.78 v _1795_/A (sky130_fd_sc_hd__buf_1)
     1    0.00    0.02    0.09    7.87 v _1795_/X (sky130_fd_sc_hd__buf_1)
                                         _0165_ (net)
                  0.02    0.00    7.87 v _2024_/D (sky130_fd_sc_hd__dfrtp_2)
                                  7.87   data arrival time

                  0.15   10.00   10.00   clock clk (rise edge)
                          0.00   10.00   clock network delay (ideal)
                         -0.25    9.75   clock uncertainty
                          0.00    9.75   clock reconvergence pessimism
                                  9.75 ^ _2024_/CLK (sky130_fd_sc_hd__dfrtp_2)
                         -0.08    9.67   library setup time
                                  9.67   data required time
-----------------------------------------------------------------------------
                                  9.67   data required time
                                 -7.87   data arrival time
-----------------------------------------------------------------------------
                                  1.80   slack (MET)


Startpoint: control (input port clocked by clk)
Endpoint: _2010_ (rising edge-triggered flip-flop clocked by clk)
Path Group: clk
Path Type: max

Fanout     Cap    Slew   Delay    Time   Description
-----------------------------------------------------------------------------
                  0.15    0.00    0.00   clock clk (rise edge)
                          0.00    0.00   clock network delay (ideal)
                          2.00    2.00 ^ input external delay
     8    0.03    0.14    0.11    2.11 ^ control (in)
                                         control (net)
                  0.14    0.00    2.11 ^ _0991_/D (sky130_fd_sc_hd__and4bb_2)
    10    0.03    0.22    0.40    2.51 ^ _0991_/X (sky130_fd_sc_hd__and4bb_2)
                                         _0271_ (net)
                  0.22    0.00    2.51 ^ _0992_/A (sky130_fd_sc_hd__buf_1)
    10    0.04    0.43    0.41    2.92 ^ _0992_/X (sky130_fd_sc_hd__buf_1)
                                         _0272_ (net)
                  0.43    0.00    2.92 ^ _0993_/A (sky130_fd_sc_hd__buf_1)
    10    0.05    0.55    0.51    3.43 ^ _0993_/X (sky130_fd_sc_hd__buf_1)
                                         _0273_ (net)
                  0.55    0.00    3.43 ^ _0994_/A (sky130_fd_sc_hd__buf_1)
    10    0.06    0.65    0.59    4.02 ^ _0994_/X (sky130_fd_sc_hd__buf_1)
                                         _0274_ (net)
                  0.65    0.00    4.02 ^ _0995_/A (sky130_fd_sc_hd__buf_1)
    10    0.05    0.61    0.57    4.60 ^ _0995_/X (sky130_fd_sc_hd__buf_1)
                                         _0275_ (net)
                  0.61    0.00    4.60 ^ _0996_/A (sky130_fd_sc_hd__buf_1)
    10    0.05    0.59    0.56    5.16 ^ _0996_/X (sky130_fd_sc_hd__buf_1)
                                         _0276_ (net)
                  0.59    0.00    5.16 ^ _0997_/A (sky130_fd_sc_hd__buf_1)
    10    0.04    0.45    0.45    5.61 ^ _0997_/X (sky130_fd_sc_hd__buf_1)
                                         _0277_ (net)
                  0.45    0.00    5.61 ^ _0998_/A (sky130_fd_sc_hd__buf_1)
    10    0.05    0.59    0.54    6.15 ^ _0998_/X (sky130_fd_sc_hd__buf_1)
                                         _0278_ (net)
                  0.59    0.00    6.16 ^ _1306_/B1 (sky130_fd_sc_hd__a221oi_2)
    10    0.04    0.24    0.29    6.45 v _1306_/Y (sky130_fd_sc_hd__a221oi_2)
                                         _0586_ (net)
                  0.24    0.00    6.45 v _1310_/A (sky130_fd_sc_hd__buf_1)
    10    0.04    0.23    0.33    6.78 v _1310_/X (sky130_fd_sc_hd__buf_1)
                                         _0590_ (net)
                  0.23    0.00    6.78 v _1424_/S (sky130_fd_sc_hd__mux2_2)
     3    0.01    0.06    0.37    7.15 v _1424_/X (sky130_fd_sc_hd__mux2_2)
                                         _0701_ (net)
                  0.06    0.00    7.15 v _1507_/A2 (sky130_fd_sc_hd__a22o_2)
     1    0.00    0.04    0.27    7.42 v _1507_/X (sky130_fd_sc_hd__a22o_2)
                                         _0776_ (net)
                  0.04    0.00    7.42 v _1508_/B1 (sky130_fd_sc_hd__a21o_2)
     2    0.01    0.06    0.22    7.64 v _1508_/X (sky130_fd_sc_hd__a21o_2)
                                         _0777_ (net)
                  0.06    0.00    7.64 v _1813_/B1 (sky130_fd_sc_hd__a21o_2)
     1    0.00    0.03    0.19    7.83 v _1813_/X (sky130_fd_sc_hd__a21o_2)
                                         _0151_ (net)
                  0.03    0.00    7.83 v _2010_/D (sky130_fd_sc_hd__dfrtp_2)
                                  7.83   data arrival time

                  0.15   10.00   10.00   clock clk (rise edge)
                          0.00   10.00   clock network delay (ideal)
                         -0.25    9.75   clock uncertainty
                          0.00    9.75   clock reconvergence pessimism
                                  9.75 ^ _2010_/CLK (sky130_fd_sc_hd__dfrtp_2)
                         -0.09    9.66   library setup time
                                  9.66   data required time
-----------------------------------------------------------------------------
                                  9.66   data required time
                                 -7.83   data arrival time
-----------------------------------------------------------------------------
                                  1.83   slack (MET)


Startpoint: control (input port clocked by clk)
Endpoint: _2003_ (rising edge-triggered flip-flop clocked by clk)
Path Group: clk
Path Type: max

Fanout     Cap    Slew   Delay    Time   Description
-----------------------------------------------------------------------------
                  0.15    0.00    0.00   clock clk (rise edge)
                          0.00    0.00   clock network delay (ideal)
                          2.00    2.00 ^ input external delay
     8    0.03    0.14    0.11    2.11 ^ control (in)
                                         control (net)
                  0.14    0.00    2.11 ^ _0991_/D (sky130_fd_sc_hd__and4bb_2)
    10    0.03    0.22    0.40    2.51 ^ _0991_/X (sky130_fd_sc_hd__and4bb_2)
                                         _0271_ (net)
                  0.22    0.00    2.51 ^ _0992_/A (sky130_fd_sc_hd__buf_1)
    10    0.04    0.43    0.41    2.92 ^ _0992_/X (sky130_fd_sc_hd__buf_1)
                                         _0272_ (net)
                  0.43    0.00    2.92 ^ _0993_/A (sky130_fd_sc_hd__buf_1)
    10    0.05    0.55    0.51    3.43 ^ _0993_/X (sky130_fd_sc_hd__buf_1)
                                         _0273_ (net)
                  0.55    0.00    3.43 ^ _0994_/A (sky130_fd_sc_hd__buf_1)
    10    0.06    0.65    0.59    4.02 ^ _0994_/X (sky130_fd_sc_hd__buf_1)
                                         _0274_ (net)
                  0.65    0.00    4.02 ^ _0995_/A (sky130_fd_sc_hd__buf_1)
    10    0.05    0.61    0.57    4.60 ^ _0995_/X (sky130_fd_sc_hd__buf_1)
                                         _0275_ (net)
                  0.61    0.00    4.60 ^ _0996_/A (sky130_fd_sc_hd__buf_1)
    10    0.05    0.59    0.56    5.16 ^ _0996_/X (sky130_fd_sc_hd__buf_1)
                                         _0276_ (net)
                  0.59    0.00    5.16 ^ _0997_/A (sky130_fd_sc_hd__buf_1)
    10    0.04    0.45    0.45    5.61 ^ _0997_/X (sky130_fd_sc_hd__buf_1)
                                         _0277_ (net)
                  0.45    0.00    5.61 ^ _0998_/A (sky130_fd_sc_hd__buf_1)
    10    0.05    0.59    0.54    6.15 ^ _0998_/X (sky130_fd_sc_hd__buf_1)
                                         _0278_ (net)
                  0.59    0.00    6.16 ^ _1306_/B1 (sky130_fd_sc_hd__a221oi_2)
    10    0.04    0.24    0.29    6.45 v _1306_/Y (sky130_fd_sc_hd__a221oi_2)
                                         _0586_ (net)
                  0.24    0.00    6.45 v _1307_/A (sky130_fd_sc_hd__buf_1)
    10    0.04    0.21    0.32    6.77 v _1307_/X (sky130_fd_sc_hd__buf_1)
                                         _0587_ (net)
                  0.21    0.00    6.77 v _1407_/S (sky130_fd_sc_hd__mux2_2)
     2    0.00    0.05    0.35    7.12 v _1407_/X (sky130_fd_sc_hd__mux2_2)
                                         _0685_ (net)
                  0.05    0.00    7.12 v _1408_/A1 (sky130_fd_sc_hd__mux2_2)
     2    0.01    0.07    0.30    7.42 v _1408_/X (sky130_fd_sc_hd__mux2_2)
                                         _0686_ (net)
                  0.07    0.00    7.42 v _1545_/B (sky130_fd_sc_hd__and2_2)
     2    0.01    0.05    0.22    7.64 v _1545_/X (sky130_fd_sc_hd__and2_2)
                                         _0807_ (net)
                  0.05    0.00    7.64 v _1821_/B1 (sky130_fd_sc_hd__a21o_2)
     1    0.00    0.03    0.19    7.83 v _1821_/X (sky130_fd_sc_hd__a21o_2)
                                         _0144_ (net)
                  0.03    0.00    7.83 v _2003_/D (sky130_fd_sc_hd__dfrtp_2)
                                  7.83   data arrival time

                  0.15   10.00   10.00   clock clk (rise edge)
                          0.00   10.00   clock network delay (ideal)
                         -0.25    9.75   clock uncertainty
                          0.00    9.75   clock reconvergence pessimism
                                  9.75 ^ _2003_/CLK (sky130_fd_sc_hd__dfrtp_2)
                         -0.09    9.66   library setup time
                                  9.66   data required time
-----------------------------------------------------------------------------
                                  9.66   data required time
                                 -7.83   data arrival time
-----------------------------------------------------------------------------
                                  1.84   slack (MET)


Startpoint: control (input port clocked by clk)
Endpoint: _1999_ (rising edge-triggered flip-flop clocked by clk)
Path Group: clk
Path Type: max

Fanout     Cap    Slew   Delay    Time   Description
-----------------------------------------------------------------------------
                  0.15    0.00    0.00   clock clk (rise edge)
                          0.00    0.00   clock network delay (ideal)
                          2.00    2.00 ^ input external delay
     8    0.03    0.14    0.11    2.11 ^ control (in)
                                         control (net)
                  0.14    0.00    2.11 ^ _0991_/D (sky130_fd_sc_hd__and4bb_2)
    10    0.03    0.22    0.40    2.51 ^ _0991_/X (sky130_fd_sc_hd__and4bb_2)
                                         _0271_ (net)
                  0.22    0.00    2.51 ^ _0992_/A (sky130_fd_sc_hd__buf_1)
    10    0.04    0.43    0.41    2.92 ^ _0992_/X (sky130_fd_sc_hd__buf_1)
                                         _0272_ (net)
                  0.43    0.00    2.92 ^ _0993_/A (sky130_fd_sc_hd__buf_1)
    10    0.05    0.55    0.51    3.43 ^ _0993_/X (sky130_fd_sc_hd__buf_1)
                                         _0273_ (net)
                  0.55    0.00    3.43 ^ _0994_/A (sky130_fd_sc_hd__buf_1)
    10    0.06    0.65    0.59    4.02 ^ _0994_/X (sky130_fd_sc_hd__buf_1)
                                         _0274_ (net)
                  0.65    0.00    4.02 ^ _0995_/A (sky130_fd_sc_hd__buf_1)
    10    0.05    0.61    0.57    4.60 ^ _0995_/X (sky130_fd_sc_hd__buf_1)
                                         _0275_ (net)
                  0.61    0.00    4.60 ^ _0996_/A (sky130_fd_sc_hd__buf_1)
    10    0.05    0.59    0.56    5.16 ^ _0996_/X (sky130_fd_sc_hd__buf_1)
                                         _0276_ (net)
                  0.59    0.00    5.16 ^ _0997_/A (sky130_fd_sc_hd__buf_1)
    10    0.04    0.45    0.45    5.61 ^ _0997_/X (sky130_fd_sc_hd__buf_1)
                                         _0277_ (net)
                  0.45    0.00    5.61 ^ _0998_/A (sky130_fd_sc_hd__buf_1)
    10    0.05    0.59    0.54    6.15 ^ _0998_/X (sky130_fd_sc_hd__buf_1)
                                         _0278_ (net)
                  0.59    0.00    6.16 ^ _1306_/B1 (sky130_fd_sc_hd__a221oi_2)
    10    0.04    0.24    0.29    6.45 v _1306_/Y (sky130_fd_sc_hd__a221oi_2)
                                         _0586_ (net)
                  0.24    0.00    6.45 v _1307_/A (sky130_fd_sc_hd__buf_1)
    10    0.04    0.21    0.32    6.77 v _1307_/X (sky130_fd_sc_hd__buf_1)
                                         _0587_ (net)
                  0.21    0.00    6.77 v _1467_/S (sky130_fd_sc_hd__mux2_2)
     2    0.01    0.06    0.36    7.13 v _1467_/X (sky130_fd_sc_hd__mux2_2)
                                         _0741_ (net)
                  0.06    0.00    7.13 v _1468_/A1 (sky130_fd_sc_hd__mux2_2)
     2    0.01    0.06    0.29    7.42 v _1468_/X (sky130_fd_sc_hd__mux2_2)
                                         _0742_ (net)
                  0.06    0.00    7.42 v _1564_/B (sky130_fd_sc_hd__and2_2)
     2    0.01    0.05    0.22    7.64 v _1564_/X (sky130_fd_sc_hd__and2_2)
                                         _0822_ (net)
                  0.05    0.00    7.64 v _1825_/B1 (sky130_fd_sc_hd__a21o_2)
     1    0.00    0.03    0.19    7.83 v _1825_/X (sky130_fd_sc_hd__a21o_2)
                                         _0140_ (net)
                  0.03    0.00    7.83 v _1999_/D (sky130_fd_sc_hd__dfrtp_2)
                                  7.83   data arrival time

                  0.15   10.00   10.00   clock clk (rise edge)
                          0.00   10.00   clock network delay (ideal)
                         -0.25    9.75   clock uncertainty
                          0.00    9.75   clock reconvergence pessimism
                                  9.75 ^ _1999_/CLK (sky130_fd_sc_hd__dfrtp_2)
                         -0.09    9.66   library setup time
                                  9.66   data required time
-----------------------------------------------------------------------------
                                  9.66   data required time
                                 -7.83   data arrival time
-----------------------------------------------------------------------------
                                  1.84   slack (MET)


Startpoint: control (input port clocked by clk)
Endpoint: _1998_ (rising edge-triggered flip-flop clocked by clk)
Path Group: clk
Path Type: max

Fanout     Cap    Slew   Delay    Time   Description
-----------------------------------------------------------------------------
                  0.15    0.00    0.00   clock clk (rise edge)
                          0.00    0.00   clock network delay (ideal)
                          2.00    2.00 ^ input external delay
     8    0.03    0.14    0.11    2.11 ^ control (in)
                                         control (net)
                  0.14    0.00    2.11 ^ _0991_/D (sky130_fd_sc_hd__and4bb_2)
    10    0.03    0.22    0.40    2.51 ^ _0991_/X (sky130_fd_sc_hd__and4bb_2)
                                         _0271_ (net)
                  0.22    0.00    2.51 ^ _0992_/A (sky130_fd_sc_hd__buf_1)
    10    0.04    0.43    0.41    2.92 ^ _0992_/X (sky130_fd_sc_hd__buf_1)
                                         _0272_ (net)
                  0.43    0.00    2.92 ^ _0993_/A (sky130_fd_sc_hd__buf_1)
    10    0.05    0.55    0.51    3.43 ^ _0993_/X (sky130_fd_sc_hd__buf_1)
                                         _0273_ (net)
                  0.55    0.00    3.43 ^ _0994_/A (sky130_fd_sc_hd__buf_1)
    10    0.06    0.65    0.59    4.02 ^ _0994_/X (sky130_fd_sc_hd__buf_1)
                                         _0274_ (net)
                  0.65    0.00    4.02 ^ _0995_/A (sky130_fd_sc_hd__buf_1)
    10    0.05    0.61    0.57    4.60 ^ _0995_/X (sky130_fd_sc_hd__buf_1)
                                         _0275_ (net)
                  0.61    0.00    4.60 ^ _0996_/A (sky130_fd_sc_hd__buf_1)
    10    0.05    0.59    0.56    5.16 ^ _0996_/X (sky130_fd_sc_hd__buf_1)
                                         _0276_ (net)
                  0.59    0.00    5.16 ^ _0997_/A (sky130_fd_sc_hd__buf_1)
    10    0.04    0.45    0.45    5.61 ^ _0997_/X (sky130_fd_sc_hd__buf_1)
                                         _0277_ (net)
                  0.45    0.00    5.61 ^ _0998_/A (sky130_fd_sc_hd__buf_1)
    10    0.05    0.59    0.54    6.15 ^ _0998_/X (sky130_fd_sc_hd__buf_1)
                                         _0278_ (net)
                  0.59    0.00    6.16 ^ _1306_/B1 (sky130_fd_sc_hd__a221oi_2)
    10    0.04    0.24    0.29    6.45 v _1306_/Y (sky130_fd_sc_hd__a221oi_2)
                                         _0586_ (net)
                  0.24    0.00    6.45 v _1307_/A (sky130_fd_sc_hd__buf_1)
    10    0.04    0.21    0.32    6.77 v _1307_/X (sky130_fd_sc_hd__buf_1)
                                         _0587_ (net)
                  0.21    0.00    6.77 v _1476_/S (sky130_fd_sc_hd__mux2_2)
     2    0.01    0.06    0.36    7.13 v _1476_/X (sky130_fd_sc_hd__mux2_2)
                                         _0749_ (net)
                  0.06    0.00    7.13 v _1478_/A0 (sky130_fd_sc_hd__mux2_2)
     2    0.01    0.06    0.29    7.42 v _1478_/X (sky130_fd_sc_hd__mux2_2)
                                         _0751_ (net)
                  0.06    0.00    7.42 v _1567_/B (sky130_fd_sc_hd__and2_2)
     2    0.01    0.05    0.22    7.64 v _1567_/X (sky130_fd_sc_hd__and2_2)
                                         _0824_ (net)
                  0.05    0.00    7.64 v _1826_/B1 (sky130_fd_sc_hd__a21o_2)
     1    0.00    0.03    0.19    7.82 v _1826_/X (sky130_fd_sc_hd__a21o_2)
                                         _0139_ (net)
                  0.03    0.00    7.82 v _1998_/D (sky130_fd_sc_hd__dfrtp_2)
                                  7.82   data arrival time

                  0.15   10.00   10.00   clock clk (rise edge)
                          0.00   10.00   clock network delay (ideal)
                         -0.25    9.75   clock uncertainty
                          0.00    9.75   clock reconvergence pessimism
                                  9.75 ^ _1998_/CLK (sky130_fd_sc_hd__dfrtp_2)
                         -0.09    9.66   library setup time
                                  9.66   data required time
-----------------------------------------------------------------------------
                                  9.66   data required time
                                 -7.82   data arrival time
-----------------------------------------------------------------------------
                                  1.84   slack (MET)


Startpoint: control (input port clocked by clk)
Endpoint: _2011_ (rising edge-triggered flip-flop clocked by clk)
Path Group: clk
Path Type: max

Fanout     Cap    Slew   Delay    Time   Description
-----------------------------------------------------------------------------
                  0.15    0.00    0.00   clock clk (rise edge)
                          0.00    0.00   clock network delay (ideal)
                          2.00    2.00 ^ input external delay
     8    0.03    0.14    0.11    2.11 ^ control (in)
                                         control (net)
                  0.14    0.00    2.11 ^ _0991_/D (sky130_fd_sc_hd__and4bb_2)
    10    0.03    0.22    0.40    2.51 ^ _0991_/X (sky130_fd_sc_hd__and4bb_2)
                                         _0271_ (net)
                  0.22    0.00    2.51 ^ _0992_/A (sky130_fd_sc_hd__buf_1)
    10    0.04    0.43    0.41    2.92 ^ _0992_/X (sky130_fd_sc_hd__buf_1)
                                         _0272_ (net)
                  0.43    0.00    2.92 ^ _0993_/A (sky130_fd_sc_hd__buf_1)
    10    0.05    0.55    0.51    3.43 ^ _0993_/X (sky130_fd_sc_hd__buf_1)
                                         _0273_ (net)
                  0.55    0.00    3.43 ^ _0994_/A (sky130_fd_sc_hd__buf_1)
    10    0.06    0.65    0.59    4.02 ^ _0994_/X (sky130_fd_sc_hd__buf_1)
                                         _0274_ (net)
                  0.65    0.00    4.02 ^ _0995_/A (sky130_fd_sc_hd__buf_1)
    10    0.05    0.61    0.57    4.60 ^ _0995_/X (sky130_fd_sc_hd__buf_1)
                                         _0275_ (net)
                  0.61    0.00    4.60 ^ _0996_/A (sky130_fd_sc_hd__buf_1)
    10    0.05    0.59    0.56    5.16 ^ _0996_/X (sky130_fd_sc_hd__buf_1)
                                         _0276_ (net)
                  0.59    0.00    5.16 ^ _0997_/A (sky130_fd_sc_hd__buf_1)
    10    0.04    0.45    0.45    5.61 ^ _0997_/X (sky130_fd_sc_hd__buf_1)
                                         _0277_ (net)
                  0.45    0.00    5.61 ^ _0998_/A (sky130_fd_sc_hd__buf_1)
    10    0.05    0.59    0.54    6.15 ^ _0998_/X (sky130_fd_sc_hd__buf_1)
                                         _0278_ (net)
                  0.59    0.00    6.16 ^ _1306_/B1 (sky130_fd_sc_hd__a221oi_2)
    10    0.04    0.24    0.29    6.45 v _1306_/Y (sky130_fd_sc_hd__a221oi_2)
                                         _0586_ (net)
                  0.24    0.00    6.45 v _1307_/A (sky130_fd_sc_hd__buf_1)
    10    0.04    0.21    0.32    6.77 v _1307_/X (sky130_fd_sc_hd__buf_1)
                                         _0587_ (net)
                  0.21    0.00    6.77 v _1407_/S (sky130_fd_sc_hd__mux2_2)
     2    0.00    0.05    0.35    7.12 v _1407_/X (sky130_fd_sc_hd__mux2_2)
                                         _0685_ (net)
                  0.05    0.00    7.12 v _1502_/A (sky130_fd_sc_hd__and2_2)
     1    0.00    0.04    0.17    7.29 v _1502_/X (sky130_fd_sc_hd__and2_2)
                                         _0772_ (net)
                  0.04    0.00    7.29 v _1503_/C1 (sky130_fd_sc_hd__a221o_2)
     2    0.01    0.07    0.33    7.62 v _1503_/X (sky130_fd_sc_hd__a221o_2)
                                         _0773_ (net)
                  0.07    0.00    7.62 v _1812_/B1 (sky130_fd_sc_hd__a21o_2)
     1    0.00    0.03    0.19    7.82 v _1812_/X (sky130_fd_sc_hd__a21o_2)
                                         _0152_ (net)
                  0.03    0.00    7.82 v _2011_/D (sky130_fd_sc_hd__dfrtp_2)
                                  7.82   data arrival time

                  0.15   10.00   10.00   clock clk (rise edge)
                          0.00   10.00   clock network delay (ideal)
                         -0.25    9.75   clock uncertainty
                          0.00    9.75   clock reconvergence pessimism
                                  9.75 ^ _2011_/CLK (sky130_fd_sc_hd__dfrtp_2)
                         -0.09    9.66   library setup time
                                  9.66   data required time
-----------------------------------------------------------------------------
                                  9.66   data required time
                                 -7.82   data arrival time
-----------------------------------------------------------------------------
                                  1.85   slack (MET)


Startpoint: control (input port clocked by clk)
Endpoint: _2008_ (rising edge-triggered flip-flop clocked by clk)
Path Group: clk
Path Type: max

Fanout     Cap    Slew   Delay    Time   Description
-----------------------------------------------------------------------------
                  0.15    0.00    0.00   clock clk (rise edge)
                          0.00    0.00   clock network delay (ideal)
                          2.00    2.00 ^ input external delay
     8    0.03    0.14    0.11    2.11 ^ control (in)
                                         control (net)
                  0.14    0.00    2.11 ^ _0991_/D (sky130_fd_sc_hd__and4bb_2)
    10    0.03    0.22    0.40    2.51 ^ _0991_/X (sky130_fd_sc_hd__and4bb_2)
                                         _0271_ (net)
                  0.22    0.00    2.51 ^ _0992_/A (sky130_fd_sc_hd__buf_1)
    10    0.04    0.43    0.41    2.92 ^ _0992_/X (sky130_fd_sc_hd__buf_1)
                                         _0272_ (net)
                  0.43    0.00    2.92 ^ _0993_/A (sky130_fd_sc_hd__buf_1)
    10    0.05    0.55    0.51    3.43 ^ _0993_/X (sky130_fd_sc_hd__buf_1)
                                         _0273_ (net)
                  0.55    0.00    3.43 ^ _0994_/A (sky130_fd_sc_hd__buf_1)
    10    0.06    0.65    0.59    4.02 ^ _0994_/X (sky130_fd_sc_hd__buf_1)
                                         _0274_ (net)
                  0.65    0.00    4.02 ^ _0995_/A (sky130_fd_sc_hd__buf_1)
    10    0.05    0.61    0.57    4.60 ^ _0995_/X (sky130_fd_sc_hd__buf_1)
                                         _0275_ (net)
                  0.61    0.00    4.60 ^ _0996_/A (sky130_fd_sc_hd__buf_1)
    10    0.05    0.59    0.56    5.16 ^ _0996_/X (sky130_fd_sc_hd__buf_1)
                                         _0276_ (net)
                  0.59    0.00    5.16 ^ _0997_/A (sky130_fd_sc_hd__buf_1)
    10    0.04    0.45    0.45    5.61 ^ _0997_/X (sky130_fd_sc_hd__buf_1)
                                         _0277_ (net)
                  0.45    0.00    5.61 ^ _0998_/A (sky130_fd_sc_hd__buf_1)
    10    0.05    0.59    0.54    6.15 ^ _0998_/X (sky130_fd_sc_hd__buf_1)
                                         _0278_ (net)
                  0.59    0.00    6.16 ^ _1306_/B1 (sky130_fd_sc_hd__a221oi_2)
    10    0.04    0.24    0.29    6.45 v _1306_/Y (sky130_fd_sc_hd__a221oi_2)
                                         _0586_ (net)
                  0.24    0.00    6.45 v _1307_/A (sky130_fd_sc_hd__buf_1)
    10    0.04    0.21    0.32    6.77 v _1307_/X (sky130_fd_sc_hd__buf_1)
                                         _0587_ (net)
                  0.21    0.00    6.77 v _1450_/S (sky130_fd_sc_hd__mux2_2)
     2    0.00    0.05    0.35    7.13 v _1450_/X (sky130_fd_sc_hd__mux2_2)
                                         _0725_ (net)
                  0.05    0.00    7.13 v _1520_/A2 (sky130_fd_sc_hd__a22o_2)
     1    0.00    0.04    0.26    7.39 v _1520_/X (sky130_fd_sc_hd__a22o_2)
                                         _0787_ (net)
                  0.04    0.00    7.39 v _1521_/B1 (sky130_fd_sc_hd__a21o_2)
     2    0.01    0.06    0.23    7.62 v _1521_/X (sky130_fd_sc_hd__a21o_2)
                                         _0788_ (net)
                  0.06    0.00    7.62 v _1815_/B1 (sky130_fd_sc_hd__a21o_2)
     1    0.00    0.03    0.19    7.81 v _1815_/X (sky130_fd_sc_hd__a21o_2)
                                         _0149_ (net)
                  0.03    0.00    7.81 v _2008_/D (sky130_fd_sc_hd__dfrtp_2)
                                  7.81   data arrival time

                  0.15   10.00   10.00   clock clk (rise edge)
                          0.00   10.00   clock network delay (ideal)
                         -0.25    9.75   clock uncertainty
                          0.00    9.75   clock reconvergence pessimism
                                  9.75 ^ _2008_/CLK (sky130_fd_sc_hd__dfrtp_2)
                         -0.09    9.66   library setup time
                                  9.66   data required time
-----------------------------------------------------------------------------
                                  9.66   data required time
                                 -7.81   data arrival time
-----------------------------------------------------------------------------
                                  1.86   slack (MET)


Startpoint: control (input port clocked by clk)
Endpoint: _2000_ (rising edge-triggered flip-flop clocked by clk)
Path Group: clk
Path Type: max

Fanout     Cap    Slew   Delay    Time   Description
-----------------------------------------------------------------------------
                  0.15    0.00    0.00   clock clk (rise edge)
                          0.00    0.00   clock network delay (ideal)
                          2.00    2.00 ^ input external delay
     8    0.03    0.14    0.11    2.11 ^ control (in)
                                         control (net)
                  0.14    0.00    2.11 ^ _0991_/D (sky130_fd_sc_hd__and4bb_2)
    10    0.03    0.22    0.40    2.51 ^ _0991_/X (sky130_fd_sc_hd__and4bb_2)
                                         _0271_ (net)
                  0.22    0.00    2.51 ^ _0992_/A (sky130_fd_sc_hd__buf_1)
    10    0.04    0.43    0.41    2.92 ^ _0992_/X (sky130_fd_sc_hd__buf_1)
                                         _0272_ (net)
                  0.43    0.00    2.92 ^ _0993_/A (sky130_fd_sc_hd__buf_1)
    10    0.05    0.55    0.51    3.43 ^ _0993_/X (sky130_fd_sc_hd__buf_1)
                                         _0273_ (net)
                  0.55    0.00    3.43 ^ _0994_/A (sky130_fd_sc_hd__buf_1)
    10    0.06    0.65    0.59    4.02 ^ _0994_/X (sky130_fd_sc_hd__buf_1)
                                         _0274_ (net)
                  0.65    0.00    4.02 ^ _0995_/A (sky130_fd_sc_hd__buf_1)
    10    0.05    0.61    0.57    4.60 ^ _0995_/X (sky130_fd_sc_hd__buf_1)
                                         _0275_ (net)
                  0.61    0.00    4.60 ^ _0996_/A (sky130_fd_sc_hd__buf_1)
    10    0.05    0.59    0.56    5.16 ^ _0996_/X (sky130_fd_sc_hd__buf_1)
                                         _0276_ (net)
                  0.59    0.00    5.16 ^ _0997_/A (sky130_fd_sc_hd__buf_1)
    10    0.04    0.45    0.45    5.61 ^ _0997_/X (sky130_fd_sc_hd__buf_1)
                                         _0277_ (net)
                  0.45    0.00    5.61 ^ _0998_/A (sky130_fd_sc_hd__buf_1)
    10    0.05    0.59    0.54    6.15 ^ _0998_/X (sky130_fd_sc_hd__buf_1)
                                         _0278_ (net)
                  0.59    0.00    6.16 ^ _1306_/B1 (sky130_fd_sc_hd__a221oi_2)
    10    0.04    0.24    0.29    6.45 v _1306_/Y (sky130_fd_sc_hd__a221oi_2)
                                         _0586_ (net)
                  0.24    0.00    6.45 v _1310_/A (sky130_fd_sc_hd__buf_1)
    10    0.04    0.23    0.33    6.78 v _1310_/X (sky130_fd_sc_hd__buf_1)
                                         _0590_ (net)
                  0.23    0.00    6.78 v _1454_/A (sky130_fd_sc_hd__and2_2)
     4    0.02    0.07    0.30    7.08 v _1454_/X (sky130_fd_sc_hd__and2_2)
                                         _0729_ (net)
                  0.07    0.00    7.08 v _1456_/A0 (sky130_fd_sc_hd__mux2_2)
     2    0.01    0.06    0.30    7.38 v _1456_/X (sky130_fd_sc_hd__mux2_2)
                                         _0731_ (net)
                  0.06    0.00    7.38 v _1559_/B (sky130_fd_sc_hd__and2_2)
     2    0.01    0.05    0.22    7.61 v _1559_/X (sky130_fd_sc_hd__and2_2)
                                         _0818_ (net)
                  0.05    0.00    7.61 v _1824_/B1 (sky130_fd_sc_hd__a21o_2)
     1    0.00    0.03    0.19    7.79 v _1824_/X (sky130_fd_sc_hd__a21o_2)
                                         _0141_ (net)
                  0.03    0.00    7.79 v _2000_/D (sky130_fd_sc_hd__dfrtp_2)
                                  7.79   data arrival time

                  0.15   10.00   10.00   clock clk (rise edge)
                          0.00   10.00   clock network delay (ideal)
                         -0.25    9.75   clock uncertainty
                          0.00    9.75   clock reconvergence pessimism
                                  9.75 ^ _2000_/CLK (sky130_fd_sc_hd__dfrtp_2)
                         -0.09    9.66   library setup time
                                  9.66   data required time
-----------------------------------------------------------------------------
                                  9.66   data required time
                                 -7.79   data arrival time
-----------------------------------------------------------------------------
                                  1.87   slack (MET)


Startpoint: control (input port clocked by clk)
Endpoint: _2013_ (rising edge-triggered flip-flop clocked by clk)
Path Group: clk
Path Type: max

Fanout     Cap    Slew   Delay    Time   Description
-----------------------------------------------------------------------------
                  0.15    0.00    0.00   clock clk (rise edge)
                          0.00    0.00   clock network delay (ideal)
                          2.00    2.00 ^ input external delay
     8    0.03    0.14    0.11    2.11 ^ control (in)
                                         control (net)
                  0.14    0.00    2.11 ^ _0991_/D (sky130_fd_sc_hd__and4bb_2)
    10    0.03    0.22    0.40    2.51 ^ _0991_/X (sky130_fd_sc_hd__and4bb_2)
                                         _0271_ (net)
                  0.22    0.00    2.51 ^ _0992_/A (sky130_fd_sc_hd__buf_1)
    10    0.04    0.43    0.41    2.92 ^ _0992_/X (sky130_fd_sc_hd__buf_1)
                                         _0272_ (net)
                  0.43    0.00    2.92 ^ _0993_/A (sky130_fd_sc_hd__buf_1)
    10    0.05    0.55    0.51    3.43 ^ _0993_/X (sky130_fd_sc_hd__buf_1)
                                         _0273_ (net)
                  0.55    0.00    3.43 ^ _0994_/A (sky130_fd_sc_hd__buf_1)
    10    0.06    0.65    0.59    4.02 ^ _0994_/X (sky130_fd_sc_hd__buf_1)
                                         _0274_ (net)
                  0.65    0.00    4.02 ^ _0995_/A (sky130_fd_sc_hd__buf_1)
    10    0.05    0.61    0.57    4.60 ^ _0995_/X (sky130_fd_sc_hd__buf_1)
                                         _0275_ (net)
                  0.61    0.00    4.60 ^ _0996_/A (sky130_fd_sc_hd__buf_1)
    10    0.05    0.59    0.56    5.16 ^ _0996_/X (sky130_fd_sc_hd__buf_1)
                                         _0276_ (net)
                  0.59    0.00    5.16 ^ _0997_/A (sky130_fd_sc_hd__buf_1)
    10    0.04    0.45    0.45    5.61 ^ _0997_/X (sky130_fd_sc_hd__buf_1)
                                         _0277_ (net)
                  0.45    0.00    5.61 ^ _0998_/A (sky130_fd_sc_hd__buf_1)
    10    0.05    0.59    0.54    6.15 ^ _0998_/X (sky130_fd_sc_hd__buf_1)
                                         _0278_ (net)
                  0.59    0.00    6.16 ^ _1306_/B1 (sky130_fd_sc_hd__a221oi_2)
    10    0.04    0.24    0.29    6.45 v _1306_/Y (sky130_fd_sc_hd__a221oi_2)
                                         _0586_ (net)
                  0.24    0.00    6.45 v _1307_/A (sky130_fd_sc_hd__buf_1)
    10    0.04    0.21    0.32    6.77 v _1307_/X (sky130_fd_sc_hd__buf_1)
                                         _0587_ (net)
                  0.21    0.00    6.77 v _1308_/S (sky130_fd_sc_hd__mux2_2)
     2    0.01    0.06    0.36    7.13 v _1308_/X (sky130_fd_sc_hd__mux2_2)
                                         _0588_ (net)
                  0.06    0.00    7.13 v _1492_/A1 (sky130_fd_sc_hd__a22o_2)
     1    0.00    0.04    0.24    7.37 v _1492_/X (sky130_fd_sc_hd__a22o_2)
                                         _0764_ (net)
                  0.04    0.00    7.37 v _1493_/B1 (sky130_fd_sc_hd__a21o_2)
     2    0.01    0.05    0.22    7.59 v _1493_/X (sky130_fd_sc_hd__a21o_2)
                                         _0765_ (net)
                  0.05    0.00    7.59 v _1809_/B1 (sky130_fd_sc_hd__a21o_2)
     1    0.00    0.03    0.19    7.78 v _1809_/X (sky130_fd_sc_hd__a21o_2)
                                         _0154_ (net)
                  0.03    0.00    7.78 v _2013_/D (sky130_fd_sc_hd__dfrtp_2)
                                  7.78   data arrival time

                  0.15   10.00   10.00   clock clk (rise edge)
                          0.00   10.00   clock network delay (ideal)
                         -0.25    9.75   clock uncertainty
                          0.00    9.75   clock reconvergence pessimism
                                  9.75 ^ _2013_/CLK (sky130_fd_sc_hd__dfrtp_2)
                         -0.09    9.66   library setup time
                                  9.66   data required time
-----------------------------------------------------------------------------
                                  9.66   data required time
                                 -7.78   data arrival time
-----------------------------------------------------------------------------
                                  1.89   slack (MET)


Startpoint: control (input port clocked by clk)
Endpoint: _2025_ (rising edge-triggered flip-flop clocked by clk)
Path Group: clk
Path Type: max

Fanout     Cap    Slew   Delay    Time   Description
-----------------------------------------------------------------------------
                  0.15    0.00    0.00   clock clk (rise edge)
                          0.00    0.00   clock network delay (ideal)
                          2.00    2.00 ^ input external delay
     8    0.03    0.14    0.11    2.11 ^ control (in)
                                         control (net)
                  0.14    0.00    2.11 ^ _0991_/D (sky130_fd_sc_hd__and4bb_2)
    10    0.03    0.22    0.40    2.51 ^ _0991_/X (sky130_fd_sc_hd__and4bb_2)
                                         _0271_ (net)
                  0.22    0.00    2.51 ^ _0992_/A (sky130_fd_sc_hd__buf_1)
    10    0.04    0.43    0.41    2.92 ^ _0992_/X (sky130_fd_sc_hd__buf_1)
                                         _0272_ (net)
                  0.43    0.00    2.92 ^ _0993_/A (sky130_fd_sc_hd__buf_1)
    10    0.05    0.55    0.51    3.43 ^ _0993_/X (sky130_fd_sc_hd__buf_1)
                                         _0273_ (net)
                  0.55    0.00    3.43 ^ _0994_/A (sky130_fd_sc_hd__buf_1)
    10    0.06    0.65    0.59    4.02 ^ _0994_/X (sky130_fd_sc_hd__buf_1)
                                         _0274_ (net)
                  0.65    0.00    4.02 ^ _0995_/A (sky130_fd_sc_hd__buf_1)
    10    0.05    0.61    0.57    4.60 ^ _0995_/X (sky130_fd_sc_hd__buf_1)
                                         _0275_ (net)
                  0.61    0.00    4.60 ^ _0996_/A (sky130_fd_sc_hd__buf_1)
    10    0.05    0.59    0.56    5.16 ^ _0996_/X (sky130_fd_sc_hd__buf_1)
                                         _0276_ (net)
                  0.59    0.00    5.16 ^ _0997_/A (sky130_fd_sc_hd__buf_1)
    10    0.04    0.45    0.45    5.61 ^ _0997_/X (sky130_fd_sc_hd__buf_1)
                                         _0277_ (net)
                  0.45    0.00    5.61 ^ _0998_/A (sky130_fd_sc_hd__buf_1)
    10    0.05    0.59    0.54    6.15 ^ _0998_/X (sky130_fd_sc_hd__buf_1)
                                         _0278_ (net)
                  0.59    0.00    6.16 ^ _1306_/B1 (sky130_fd_sc_hd__a221oi_2)
    10    0.04    0.24    0.29    6.45 v _1306_/Y (sky130_fd_sc_hd__a221oi_2)
                                         _0586_ (net)
                  0.24    0.00    6.45 v _1310_/A (sky130_fd_sc_hd__buf_1)
    10    0.04    0.23    0.33    6.78 v _1310_/X (sky130_fd_sc_hd__buf_1)
                                         _0590_ (net)
                  0.23    0.00    6.78 v _1439_/A (sky130_fd_sc_hd__nand2_2)
     3    0.01    0.10    0.17    6.95 ^ _1439_/Y (sky130_fd_sc_hd__nand2_2)
                                         _0715_ (net)
                  0.10    0.00    6.95 ^ _1590_/B (sky130_fd_sc_hd__nor2_2)
     2    0.01    0.04    0.06    7.01 v _1590_/Y (sky130_fd_sc_hd__nor2_2)
                                         _0842_ (net)
                  0.04    0.00    7.01 v _1591_/B1 (sky130_fd_sc_hd__a31o_2)
     2    0.05    0.13    0.33    7.34 v _1591_/X (sky130_fd_sc_hd__a31o_2)
                                         result[3] (net)
                  0.13    0.00    7.34 v _1792_/A1 (sky130_fd_sc_hd__mux2_2)
     1    0.00    0.05    0.30    7.64 v _1792_/X (sky130_fd_sc_hd__mux2_2)
                                         _0948_ (net)
                  0.05    0.00    7.64 v _1793_/A (sky130_fd_sc_hd__buf_1)
     1    0.00    0.02    0.09    7.73 v _1793_/X (sky130_fd_sc_hd__buf_1)
                                         _0166_ (net)
                  0.02    0.00    7.73 v _2025_/D (sky130_fd_sc_hd__dfrtp_2)
                                  7.73   data arrival time

                  0.15   10.00   10.00   clock clk (rise edge)
                          0.00   10.00   clock network delay (ideal)
                         -0.25    9.75   clock uncertainty
                          0.00    9.75   clock reconvergence pessimism
                                  9.75 ^ _2025_/CLK (sky130_fd_sc_hd__dfrtp_2)
                         -0.08    9.67   library setup time
                                  9.67   data required time
-----------------------------------------------------------------------------
                                  9.67   data required time
                                 -7.73   data arrival time
-----------------------------------------------------------------------------
                                  1.94   slack (MET)


Startpoint: control (input port clocked by clk)
Endpoint: _2009_ (rising edge-triggered flip-flop clocked by clk)
Path Group: clk
Path Type: max

Fanout     Cap    Slew   Delay    Time   Description
-----------------------------------------------------------------------------
                  0.15    0.00    0.00   clock clk (rise edge)
                          0.00    0.00   clock network delay (ideal)
                          2.00    2.00 ^ input external delay
     8    0.03    0.14    0.11    2.11 ^ control (in)
                                         control (net)
                  0.14    0.00    2.11 ^ _0991_/D (sky130_fd_sc_hd__and4bb_2)
    10    0.03    0.22    0.40    2.51 ^ _0991_/X (sky130_fd_sc_hd__and4bb_2)
                                         _0271_ (net)
                  0.22    0.00    2.51 ^ _0992_/A (sky130_fd_sc_hd__buf_1)
    10    0.04    0.43    0.41    2.92 ^ _0992_/X (sky130_fd_sc_hd__buf_1)
                                         _0272_ (net)
                  0.43    0.00    2.92 ^ _0993_/A (sky130_fd_sc_hd__buf_1)
    10    0.05    0.55    0.51    3.43 ^ _0993_/X (sky130_fd_sc_hd__buf_1)
                                         _0273_ (net)
                  0.55    0.00    3.43 ^ _0994_/A (sky130_fd_sc_hd__buf_1)
    10    0.06    0.65    0.59    4.02 ^ _0994_/X (sky130_fd_sc_hd__buf_1)
                                         _0274_ (net)
                  0.65    0.00    4.02 ^ _0995_/A (sky130_fd_sc_hd__buf_1)
    10    0.05    0.61    0.57    4.60 ^ _0995_/X (sky130_fd_sc_hd__buf_1)
                                         _0275_ (net)
                  0.61    0.00    4.60 ^ _0996_/A (sky130_fd_sc_hd__buf_1)
    10    0.05    0.59    0.56    5.16 ^ _0996_/X (sky130_fd_sc_hd__buf_1)
                                         _0276_ (net)
                  0.59    0.00    5.16 ^ _0997_/A (sky130_fd_sc_hd__buf_1)
    10    0.04    0.45    0.45    5.61 ^ _0997_/X (sky130_fd_sc_hd__buf_1)
                                         _0277_ (net)
                  0.45    0.00    5.61 ^ _0998_/A (sky130_fd_sc_hd__buf_1)
    10    0.05    0.59    0.54    6.15 ^ _0998_/X (sky130_fd_sc_hd__buf_1)
                                         _0278_ (net)
                  0.59    0.00    6.16 ^ _1306_/B1 (sky130_fd_sc_hd__a221oi_2)
    10    0.04    0.24    0.29    6.45 v _1306_/Y (sky130_fd_sc_hd__a221oi_2)
                                         _0586_ (net)
                  0.24    0.00    6.45 v _1440_/A (sky130_fd_sc_hd__or2_2)
     1    0.00    0.06    0.39    6.84 v _1440_/X (sky130_fd_sc_hd__or2_2)
                                         _0716_ (net)
                  0.06    0.00    6.84 v _1441_/B1 (sky130_fd_sc_hd__o21ai_2)
     2    0.00    0.11    0.06    6.90 ^ _1441_/Y (sky130_fd_sc_hd__o21ai_2)
                                         _0717_ (net)
                  0.11    0.00    6.90 ^ _1515_/A_N (sky130_fd_sc_hd__and2b_2)
     1    0.00    0.03    0.23    7.13 v _1515_/X (sky130_fd_sc_hd__and2b_2)
                                         _0783_ (net)
                  0.03    0.00    7.13 v _1516_/C1 (sky130_fd_sc_hd__a221o_2)
     2    0.01    0.08    0.36    7.48 v _1516_/X (sky130_fd_sc_hd__a221o_2)
                                         _0784_ (net)
                  0.08    0.00    7.49 v _1814_/B1 (sky130_fd_sc_hd__a21o_2)
     1    0.00    0.03    0.20    7.69 v _1814_/X (sky130_fd_sc_hd__a21o_2)
                                         _0150_ (net)
                  0.03    0.00    7.69 v _2009_/D (sky130_fd_sc_hd__dfrtp_2)
                                  7.69   data arrival time

                  0.15   10.00   10.00   clock clk (rise edge)
                          0.00   10.00   clock network delay (ideal)
                         -0.25    9.75   clock uncertainty
                          0.00    9.75   clock reconvergence pessimism
                                  9.75 ^ _2009_/CLK (sky130_fd_sc_hd__dfrtp_2)
                         -0.09    9.66   library setup time
                                  9.66   data required time
-----------------------------------------------------------------------------
                                  9.66   data required time
                                 -7.69   data arrival time
-----------------------------------------------------------------------------
                                  1.98   slack (MET)


Startpoint: control (input port clocked by clk)
Endpoint: _2020_ (rising edge-triggered flip-flop clocked by clk)
Path Group: clk
Path Type: max

Fanout     Cap    Slew   Delay    Time   Description
-----------------------------------------------------------------------------
                  0.15    0.00    0.00   clock clk (rise edge)
                          0.00    0.00   clock network delay (ideal)
                          2.00    2.00 ^ input external delay
     8    0.03    0.14    0.11    2.11 ^ control (in)
                                         control (net)
                  0.14    0.00    2.11 ^ _0991_/D (sky130_fd_sc_hd__and4bb_2)
    10    0.03    0.22    0.40    2.51 ^ _0991_/X (sky130_fd_sc_hd__and4bb_2)
                                         _0271_ (net)
                  0.22    0.00    2.51 ^ _0992_/A (sky130_fd_sc_hd__buf_1)
    10    0.04    0.43    0.41    2.92 ^ _0992_/X (sky130_fd_sc_hd__buf_1)
                                         _0272_ (net)
                  0.43    0.00    2.92 ^ _0993_/A (sky130_fd_sc_hd__buf_1)
    10    0.05    0.55    0.51    3.43 ^ _0993_/X (sky130_fd_sc_hd__buf_1)
                                         _0273_ (net)
                  0.55    0.00    3.43 ^ _0994_/A (sky130_fd_sc_hd__buf_1)
    10    0.06    0.65    0.59    4.02 ^ _0994_/X (sky130_fd_sc_hd__buf_1)
                                         _0274_ (net)
                  0.65    0.00    4.02 ^ _0995_/A (sky130_fd_sc_hd__buf_1)
    10    0.05    0.61    0.57    4.60 ^ _0995_/X (sky130_fd_sc_hd__buf_1)
                                         _0275_ (net)
                  0.61    0.00    4.60 ^ _0996_/A (sky130_fd_sc_hd__buf_1)
    10    0.05    0.59    0.56    5.16 ^ _0996_/X (sky130_fd_sc_hd__buf_1)
                                         _0276_ (net)
                  0.59    0.00    5.16 ^ _0997_/A (sky130_fd_sc_hd__buf_1)
    10    0.04    0.45    0.45    5.61 ^ _0997_/X (sky130_fd_sc_hd__buf_1)
                                         _0277_ (net)
                  0.45    0.00    5.61 ^ _0998_/A (sky130_fd_sc_hd__buf_1)
    10    0.05    0.59    0.54    6.15 ^ _0998_/X (sky130_fd_sc_hd__buf_1)
                                         _0278_ (net)
                  0.59    0.00    6.16 ^ _1306_/B1 (sky130_fd_sc_hd__a221oi_2)
    10    0.04    0.24    0.29    6.45 v _1306_/Y (sky130_fd_sc_hd__a221oi_2)
                                         _0586_ (net)
                  0.24    0.00    6.45 v _1376_/S (sky130_fd_sc_hd__mux2_2)
     4    0.02    0.09    0.42    6.86 v _1376_/X (sky130_fd_sc_hd__mux2_2)
                                         _0655_ (net)
                  0.09    0.00    6.86 v _1384_/A0 (sky130_fd_sc_hd__mux2_2)
     3    0.02    0.08    0.34    7.20 v _1384_/X (sky130_fd_sc_hd__mux2_2)
                                         _0663_ (net)
                  0.08    0.00    7.20 v _1385_/B1 (sky130_fd_sc_hd__a32o_2)
     2    0.01    0.05    0.25    7.46 v _1385_/X (sky130_fd_sc_hd__a32o_2)
                                         _0664_ (net)
                  0.05    0.00    7.46 v _1802_/B1 (sky130_fd_sc_hd__a21o_2)
     1    0.00    0.03    0.19    7.65 v _1802_/X (sky130_fd_sc_hd__a21o_2)
                                         _0161_ (net)
                  0.03    0.00    7.65 v _2020_/D (sky130_fd_sc_hd__dfrtp_2)
                                  7.65   data arrival time

                  0.15   10.00   10.00   clock clk (rise edge)
                          0.00   10.00   clock network delay (ideal)
                         -0.25    9.75   clock uncertainty
                          0.00    9.75   clock reconvergence pessimism
                                  9.75 ^ _2020_/CLK (sky130_fd_sc_hd__dfrtp_2)
                         -0.09    9.66   library setup time
                                  9.66   data required time
-----------------------------------------------------------------------------
                                  9.66   data required time
                                 -7.65   data arrival time
-----------------------------------------------------------------------------
                                  2.02   slack (MET)


Startpoint: control (input port clocked by clk)
Endpoint: _2028_ (rising edge-triggered flip-flop clocked by clk)
Path Group: clk
Path Type: max

Fanout     Cap    Slew   Delay    Time   Description
-----------------------------------------------------------------------------
                  0.15    0.00    0.00   clock clk (rise edge)
                          0.00    0.00   clock network delay (ideal)
                          2.00    2.00 ^ input external delay
     8    0.03    0.14    0.11    2.11 ^ control (in)
                                         control (net)
                  0.14    0.00    2.11 ^ _0991_/D (sky130_fd_sc_hd__and4bb_2)
    10    0.03    0.22    0.40    2.51 ^ _0991_/X (sky130_fd_sc_hd__and4bb_2)
                                         _0271_ (net)
                  0.22    0.00    2.51 ^ _0992_/A (sky130_fd_sc_hd__buf_1)
    10    0.04    0.43    0.41    2.92 ^ _0992_/X (sky130_fd_sc_hd__buf_1)
                                         _0272_ (net)
                  0.43    0.00    2.92 ^ _0993_/A (sky130_fd_sc_hd__buf_1)
    10    0.05    0.55    0.51    3.43 ^ _0993_/X (sky130_fd_sc_hd__buf_1)
                                         _0273_ (net)
                  0.55    0.00    3.43 ^ _0994_/A (sky130_fd_sc_hd__buf_1)
    10    0.06    0.65    0.59    4.02 ^ _0994_/X (sky130_fd_sc_hd__buf_1)
                                         _0274_ (net)
                  0.65    0.00    4.02 ^ _0995_/A (sky130_fd_sc_hd__buf_1)
    10    0.05    0.61    0.57    4.60 ^ _0995_/X (sky130_fd_sc_hd__buf_1)
                                         _0275_ (net)
                  0.61    0.00    4.60 ^ _0996_/A (sky130_fd_sc_hd__buf_1)
    10    0.05    0.59    0.56    5.16 ^ _0996_/X (sky130_fd_sc_hd__buf_1)
                                         _0276_ (net)
                  0.59    0.00    5.16 ^ _0997_/A (sky130_fd_sc_hd__buf_1)
    10    0.04    0.45    0.45    5.61 ^ _0997_/X (sky130_fd_sc_hd__buf_1)
                                         _0277_ (net)
                  0.45    0.00    5.61 ^ _0998_/A (sky130_fd_sc_hd__buf_1)
    10    0.05    0.59    0.54    6.15 ^ _0998_/X (sky130_fd_sc_hd__buf_1)
                                         _0278_ (net)
                  0.59    0.00    6.16 ^ _1306_/B1 (sky130_fd_sc_hd__a221oi_2)
    10    0.04    0.24    0.29    6.45 v _1306_/Y (sky130_fd_sc_hd__a221oi_2)
                                         _0586_ (net)
                  0.24    0.00    6.45 v _1376_/S (sky130_fd_sc_hd__mux2_2)
     4    0.02    0.09    0.42    6.86 v _1376_/X (sky130_fd_sc_hd__mux2_2)
                                         _0655_ (net)
                  0.09    0.00    6.86 v _1576_/A1 (sky130_fd_sc_hd__a22o_2)
     2    0.05    0.14    0.37    7.24 v _1576_/X (sky130_fd_sc_hd__a22o_2)
                                         result[6] (net)
                  0.14    0.00    7.24 v _1786_/A1 (sky130_fd_sc_hd__mux2_2)
     1    0.00    0.05    0.31    7.55 v _1786_/X (sky130_fd_sc_hd__mux2_2)
                                         _0945_ (net)
                  0.05    0.00    7.55 v _1787_/A (sky130_fd_sc_hd__buf_1)
     1    0.00    0.02    0.09    7.64 v _1787_/X (sky130_fd_sc_hd__buf_1)
                                         _0169_ (net)
                  0.02    0.00    7.64 v _2028_/D (sky130_fd_sc_hd__dfrtp_2)
                                  7.64   data arrival time

                  0.15   10.00   10.00   clock clk (rise edge)
                          0.00   10.00   clock network delay (ideal)
                         -0.25    9.75   clock uncertainty
                          0.00    9.75   clock reconvergence pessimism
                                  9.75 ^ _2028_/CLK (sky130_fd_sc_hd__dfrtp_2)
                         -0.08    9.67   library setup time
                                  9.67   data required time
-----------------------------------------------------------------------------
                                  9.67   data required time
                                 -7.64   data arrival time
-----------------------------------------------------------------------------
                                  2.03   slack (MET)


Startpoint: control (input port clocked by clk)
Endpoint: _2029_ (rising edge-triggered flip-flop clocked by clk)
Path Group: clk
Path Type: max

Fanout     Cap    Slew   Delay    Time   Description
-----------------------------------------------------------------------------
                  0.15    0.00    0.00   clock clk (rise edge)
                          0.00    0.00   clock network delay (ideal)
                          2.00    2.00 ^ input external delay
     8    0.03    0.14    0.11    2.11 ^ control (in)
                                         control (net)
                  0.14    0.00    2.11 ^ _0991_/D (sky130_fd_sc_hd__and4bb_2)
    10    0.03    0.22    0.40    2.51 ^ _0991_/X (sky130_fd_sc_hd__and4bb_2)
                                         _0271_ (net)
                  0.22    0.00    2.51 ^ _0992_/A (sky130_fd_sc_hd__buf_1)
    10    0.04    0.43    0.41    2.92 ^ _0992_/X (sky130_fd_sc_hd__buf_1)
                                         _0272_ (net)
                  0.43    0.00    2.92 ^ _0993_/A (sky130_fd_sc_hd__buf_1)
    10    0.05    0.55    0.51    3.43 ^ _0993_/X (sky130_fd_sc_hd__buf_1)
                                         _0273_ (net)
                  0.55    0.00    3.43 ^ _0994_/A (sky130_fd_sc_hd__buf_1)
    10    0.06    0.65    0.59    4.02 ^ _0994_/X (sky130_fd_sc_hd__buf_1)
                                         _0274_ (net)
                  0.65    0.00    4.02 ^ _0995_/A (sky130_fd_sc_hd__buf_1)
    10    0.05    0.61    0.57    4.60 ^ _0995_/X (sky130_fd_sc_hd__buf_1)
                                         _0275_ (net)
                  0.61    0.00    4.60 ^ _0996_/A (sky130_fd_sc_hd__buf_1)
    10    0.05    0.59    0.56    5.16 ^ _0996_/X (sky130_fd_sc_hd__buf_1)
                                         _0276_ (net)
                  0.59    0.00    5.16 ^ _0997_/A (sky130_fd_sc_hd__buf_1)
    10    0.04    0.45    0.45    5.61 ^ _0997_/X (sky130_fd_sc_hd__buf_1)
                                         _0277_ (net)
                  0.45    0.00    5.61 ^ _0998_/A (sky130_fd_sc_hd__buf_1)
    10    0.05    0.59    0.54    6.15 ^ _0998_/X (sky130_fd_sc_hd__buf_1)
                                         _0278_ (net)
                  0.59    0.00    6.16 ^ _1306_/B1 (sky130_fd_sc_hd__a221oi_2)
    10    0.04    0.24    0.29    6.45 v _1306_/Y (sky130_fd_sc_hd__a221oi_2)
                                         _0586_ (net)
                  0.24    0.00    6.45 v _1332_/S (sky130_fd_sc_hd__mux2_2)
     4    0.02    0.08    0.41    6.86 v _1332_/X (sky130_fd_sc_hd__mux2_2)
                                         _0612_ (net)
                  0.08    0.00    6.86 v _1573_/A1 (sky130_fd_sc_hd__a22o_2)
     2    0.05    0.15    0.38    7.23 v _1573_/X (sky130_fd_sc_hd__a22o_2)
                                         result[7] (net)
                  0.15    0.00    7.24 v _1784_/A1 (sky130_fd_sc_hd__mux2_2)
     1    0.00    0.05    0.31    7.54 v _1784_/X (sky130_fd_sc_hd__mux2_2)
                                         _0944_ (net)
                  0.05    0.00    7.54 v _1785_/A (sky130_fd_sc_hd__buf_1)
     1    0.00    0.02    0.09    7.63 v _1785_/X (sky130_fd_sc_hd__buf_1)
                                         _0170_ (net)
                  0.02    0.00    7.63 v _2029_/D (sky130_fd_sc_hd__dfrtp_2)
                                  7.63   data arrival time

                  0.15   10.00   10.00   clock clk (rise edge)
                          0.00   10.00   clock network delay (ideal)
                         -0.25    9.75   clock uncertainty
                          0.00    9.75   clock reconvergence pessimism
                                  9.75 ^ _2029_/CLK (sky130_fd_sc_hd__dfrtp_2)
                         -0.08    9.67   library setup time
                                  9.67   data required time
-----------------------------------------------------------------------------
                                  9.67   data required time
                                 -7.63   data arrival time
-----------------------------------------------------------------------------
                                  2.03   slack (MET)


Startpoint: control (input port clocked by clk)
Endpoint: _2002_ (rising edge-triggered flip-flop clocked by clk)
Path Group: clk
Path Type: max

Fanout     Cap    Slew   Delay    Time   Description
-----------------------------------------------------------------------------
                  0.15    0.00    0.00   clock clk (rise edge)
                          0.00    0.00   clock network delay (ideal)
                          2.00    2.00 ^ input external delay
     8    0.03    0.14    0.11    2.11 ^ control (in)
                                         control (net)
                  0.14    0.00    2.11 ^ _0991_/D (sky130_fd_sc_hd__and4bb_2)
    10    0.03    0.22    0.40    2.51 ^ _0991_/X (sky130_fd_sc_hd__and4bb_2)
                                         _0271_ (net)
                  0.22    0.00    2.51 ^ _0992_/A (sky130_fd_sc_hd__buf_1)
    10    0.04    0.43    0.41    2.92 ^ _0992_/X (sky130_fd_sc_hd__buf_1)
                                         _0272_ (net)
                  0.43    0.00    2.92 ^ _0993_/A (sky130_fd_sc_hd__buf_1)
    10    0.05    0.55    0.51    3.43 ^ _0993_/X (sky130_fd_sc_hd__buf_1)
                                         _0273_ (net)
                  0.55    0.00    3.43 ^ _0994_/A (sky130_fd_sc_hd__buf_1)
    10    0.06    0.65    0.59    4.02 ^ _0994_/X (sky130_fd_sc_hd__buf_1)
                                         _0274_ (net)
                  0.65    0.00    4.02 ^ _0995_/A (sky130_fd_sc_hd__buf_1)
    10    0.05    0.61    0.57    4.60 ^ _0995_/X (sky130_fd_sc_hd__buf_1)
                                         _0275_ (net)
                  0.61    0.00    4.60 ^ _0996_/A (sky130_fd_sc_hd__buf_1)
    10    0.05    0.59    0.56    5.16 ^ _0996_/X (sky130_fd_sc_hd__buf_1)
                                         _0276_ (net)
                  0.59    0.00    5.16 ^ _0997_/A (sky130_fd_sc_hd__buf_1)
    10    0.04    0.45    0.45    5.61 ^ _0997_/X (sky130_fd_sc_hd__buf_1)
                                         _0277_ (net)
                  0.45    0.00    5.61 ^ _0998_/A (sky130_fd_sc_hd__buf_1)
    10    0.05    0.59    0.54    6.15 ^ _0998_/X (sky130_fd_sc_hd__buf_1)
                                         _0278_ (net)
                  0.59    0.00    6.16 ^ _1306_/B1 (sky130_fd_sc_hd__a221oi_2)
    10    0.04    0.24    0.29    6.45 v _1306_/Y (sky130_fd_sc_hd__a221oi_2)
                                         _0586_ (net)
                  0.24    0.00    6.45 v _1310_/A (sky130_fd_sc_hd__buf_1)
    10    0.04    0.23    0.33    6.78 v _1310_/X (sky130_fd_sc_hd__buf_1)
                                         _0590_ (net)
                  0.23    0.00    6.78 v _1424_/S (sky130_fd_sc_hd__mux2_2)
     3    0.01    0.06    0.37    7.15 v _1424_/X (sky130_fd_sc_hd__mux2_2)
                                         _0701_ (net)
                  0.06    0.00    7.15 v _1548_/A2 (sky130_fd_sc_hd__o211a_2)
     2    0.01    0.06    0.28    7.43 v _1548_/X (sky130_fd_sc_hd__o211a_2)
                                         _0809_ (net)
                  0.06    0.00    7.43 v _1822_/B1 (sky130_fd_sc_hd__a21o_2)
     1    0.00    0.03    0.19    7.62 v _1822_/X (sky130_fd_sc_hd__a21o_2)
                                         _0143_ (net)
                  0.03    0.00    7.62 v _2002_/D (sky130_fd_sc_hd__dfrtp_2)
                                  7.62   data arrival time

                  0.15   10.00   10.00   clock clk (rise edge)
                          0.00   10.00   clock network delay (ideal)
                         -0.25    9.75   clock uncertainty
                          0.00    9.75   clock reconvergence pessimism
                                  9.75 ^ _2002_/CLK (sky130_fd_sc_hd__dfrtp_2)
                         -0.09    9.66   library setup time
                                  9.66   data required time
-----------------------------------------------------------------------------
                                  9.66   data required time
                                 -7.62   data arrival time
-----------------------------------------------------------------------------
                                  2.04   slack (MET)


Startpoint: control (input port clocked by clk)
Endpoint: _2012_ (rising edge-triggered flip-flop clocked by clk)
Path Group: clk
Path Type: max

Fanout     Cap    Slew   Delay    Time   Description
-----------------------------------------------------------------------------
                  0.15    0.00    0.00   clock clk (rise edge)
                          0.00    0.00   clock network delay (ideal)
                          2.00    2.00 ^ input external delay
     8    0.03    0.14    0.11    2.11 ^ control (in)
                                         control (net)
                  0.14    0.00    2.11 ^ _0991_/D (sky130_fd_sc_hd__and4bb_2)
    10    0.03    0.22    0.40    2.51 ^ _0991_/X (sky130_fd_sc_hd__and4bb_2)
                                         _0271_ (net)
                  0.22    0.00    2.51 ^ _0992_/A (sky130_fd_sc_hd__buf_1)
    10    0.04    0.43    0.41    2.92 ^ _0992_/X (sky130_fd_sc_hd__buf_1)
                                         _0272_ (net)
                  0.43    0.00    2.92 ^ _0993_/A (sky130_fd_sc_hd__buf_1)
    10    0.05    0.55    0.51    3.43 ^ _0993_/X (sky130_fd_sc_hd__buf_1)
                                         _0273_ (net)
                  0.55    0.00    3.43 ^ _0994_/A (sky130_fd_sc_hd__buf_1)
    10    0.06    0.65    0.59    4.02 ^ _0994_/X (sky130_fd_sc_hd__buf_1)
                                         _0274_ (net)
                  0.65    0.00    4.02 ^ _0995_/A (sky130_fd_sc_hd__buf_1)
    10    0.05    0.61    0.57    4.60 ^ _0995_/X (sky130_fd_sc_hd__buf_1)
                                         _0275_ (net)
                  0.61    0.00    4.60 ^ _0996_/A (sky130_fd_sc_hd__buf_1)
    10    0.05    0.59    0.56    5.16 ^ _0996_/X (sky130_fd_sc_hd__buf_1)
                                         _0276_ (net)
                  0.59    0.00    5.16 ^ _0997_/A (sky130_fd_sc_hd__buf_1)
    10    0.04    0.45    0.45    5.61 ^ _0997_/X (sky130_fd_sc_hd__buf_1)
                                         _0277_ (net)
                  0.45    0.00    5.61 ^ _0998_/A (sky130_fd_sc_hd__buf_1)
    10    0.05    0.59    0.54    6.15 ^ _0998_/X (sky130_fd_sc_hd__buf_1)
                                         _0278_ (net)
                  0.59    0.00    6.16 ^ _1306_/B1 (sky130_fd_sc_hd__a221oi_2)
    10    0.04    0.24    0.29    6.45 v _1306_/Y (sky130_fd_sc_hd__a221oi_2)
                                         _0586_ (net)
                  0.24    0.00    6.45 v _1357_/S (sky130_fd_sc_hd__mux2_2)
     2    0.00    0.05    0.37    6.81 v _1357_/X (sky130_fd_sc_hd__mux2_2)
                                         _0636_ (net)
                  0.05    0.00    6.81 v _1497_/A1 (sky130_fd_sc_hd__a22o_2)
     1    0.00    0.04    0.24    7.06 v _1497_/X (sky130_fd_sc_hd__a22o_2)
                                         _0768_ (net)
                  0.04    0.00    7.06 v _1498_/B1 (sky130_fd_sc_hd__a21o_2)
     2    0.01    0.05    0.22    7.27 v _1498_/X (sky130_fd_sc_hd__a21o_2)
                                         _0769_ (net)
                  0.05    0.00    7.27 v _1810_/B1 (sky130_fd_sc_hd__a21o_2)
     1    0.00    0.03    0.19    7.46 v _1810_/X (sky130_fd_sc_hd__a21o_2)
                                         _0153_ (net)
                  0.03    0.00    7.46 v _2012_/D (sky130_fd_sc_hd__dfrtp_2)
                                  7.46   data arrival time

                  0.15   10.00   10.00   clock clk (rise edge)
                          0.00   10.00   clock network delay (ideal)
                         -0.25    9.75   clock uncertainty
                          0.00    9.75   clock reconvergence pessimism
                                  9.75 ^ _2012_/CLK (sky130_fd_sc_hd__dfrtp_2)
                         -0.09    9.66   library setup time
                                  9.66   data required time
-----------------------------------------------------------------------------
                                  9.66   data required time
                                 -7.46   data arrival time
-----------------------------------------------------------------------------
                                  2.21   slack (MET)


Startpoint: control (input port clocked by clk)
Endpoint: _2004_ (rising edge-triggered flip-flop clocked by clk)
Path Group: clk
Path Type: max

Fanout     Cap    Slew   Delay    Time   Description
-----------------------------------------------------------------------------
                  0.15    0.00    0.00   clock clk (rise edge)
                          0.00    0.00   clock network delay (ideal)
                          2.00    2.00 ^ input external delay
     8    0.03    0.14    0.11    2.11 ^ control (in)
                                         control (net)
                  0.14    0.00    2.11 ^ _0991_/D (sky130_fd_sc_hd__and4bb_2)
    10    0.03    0.22    0.40    2.51 ^ _0991_/X (sky130_fd_sc_hd__and4bb_2)
                                         _0271_ (net)
                  0.22    0.00    2.51 ^ _0992_/A (sky130_fd_sc_hd__buf_1)
    10    0.04    0.43    0.41    2.92 ^ _0992_/X (sky130_fd_sc_hd__buf_1)
                                         _0272_ (net)
                  0.43    0.00    2.92 ^ _0993_/A (sky130_fd_sc_hd__buf_1)
    10    0.05    0.55    0.51    3.43 ^ _0993_/X (sky130_fd_sc_hd__buf_1)
                                         _0273_ (net)
                  0.55    0.00    3.43 ^ _0994_/A (sky130_fd_sc_hd__buf_1)
    10    0.06    0.65    0.59    4.02 ^ _0994_/X (sky130_fd_sc_hd__buf_1)
                                         _0274_ (net)
                  0.65    0.00    4.02 ^ _0995_/A (sky130_fd_sc_hd__buf_1)
    10    0.05    0.61    0.57    4.60 ^ _0995_/X (sky130_fd_sc_hd__buf_1)
                                         _0275_ (net)
                  0.61    0.00    4.60 ^ _0996_/A (sky130_fd_sc_hd__buf_1)
    10    0.05    0.59    0.56    5.16 ^ _0996_/X (sky130_fd_sc_hd__buf_1)
                                         _0276_ (net)
                  0.59    0.00    5.16 ^ _0997_/A (sky130_fd_sc_hd__buf_1)
    10    0.04    0.45    0.45    5.61 ^ _0997_/X (sky130_fd_sc_hd__buf_1)
                                         _0277_ (net)
                  0.45    0.00    5.61 ^ _0998_/A (sky130_fd_sc_hd__buf_1)
    10    0.05    0.59    0.54    6.15 ^ _0998_/X (sky130_fd_sc_hd__buf_1)
                                         _0278_ (net)
                  0.59    0.00    6.16 ^ _1306_/B1 (sky130_fd_sc_hd__a221oi_2)
    10    0.04    0.24    0.29    6.45 v _1306_/Y (sky130_fd_sc_hd__a221oi_2)
                                         _0586_ (net)
                  0.24    0.00    6.45 v _1376_/S (sky130_fd_sc_hd__mux2_2)
     4    0.02    0.09    0.42    6.86 v _1376_/X (sky130_fd_sc_hd__mux2_2)
                                         _0655_ (net)
                  0.09    0.00    6.86 v _1384_/A0 (sky130_fd_sc_hd__mux2_2)
     3    0.02    0.08    0.34    7.20 v _1384_/X (sky130_fd_sc_hd__mux2_2)
                                         _0663_ (net)
                  0.08    0.00    7.20 v _1820_/B2 (sky130_fd_sc_hd__a22o_2)
     1    0.00    0.04    0.24    7.44 v _1820_/X (sky130_fd_sc_hd__a22o_2)
                                         _0145_ (net)
                  0.04    0.00    7.44 v _2004_/D (sky130_fd_sc_hd__dfrtp_2)
                                  7.44   data arrival time

                  0.15   10.00   10.00   clock clk (rise edge)
                          0.00   10.00   clock network delay (ideal)
                         -0.25    9.75   clock uncertainty
                          0.00    9.75   clock reconvergence pessimism
                                  9.75 ^ _2004_/CLK (sky130_fd_sc_hd__dfrtp_2)
                         -0.09    9.66   library setup time
                                  9.66   data required time
-----------------------------------------------------------------------------
                                  9.66   data required time
                                 -7.44   data arrival time
-----------------------------------------------------------------------------
                                  2.22   slack (MET)


Startpoint: control (input port clocked by clk)
Endpoint: _2005_ (rising edge-triggered flip-flop clocked by clk)
Path Group: clk
Path Type: max

Fanout     Cap    Slew   Delay    Time   Description
-----------------------------------------------------------------------------
                  0.15    0.00    0.00   clock clk (rise edge)
                          0.00    0.00   clock network delay (ideal)
                          2.00    2.00 ^ input external delay
     8    0.03    0.14    0.11    2.11 ^ control (in)
                                         control (net)
                  0.14    0.00    2.11 ^ _0991_/D (sky130_fd_sc_hd__and4bb_2)
    10    0.03    0.22    0.40    2.51 ^ _0991_/X (sky130_fd_sc_hd__and4bb_2)
                                         _0271_ (net)
                  0.22    0.00    2.51 ^ _0992_/A (sky130_fd_sc_hd__buf_1)
    10    0.04    0.43    0.41    2.92 ^ _0992_/X (sky130_fd_sc_hd__buf_1)
                                         _0272_ (net)
                  0.43    0.00    2.92 ^ _0993_/A (sky130_fd_sc_hd__buf_1)
    10    0.05    0.55    0.51    3.43 ^ _0993_/X (sky130_fd_sc_hd__buf_1)
                                         _0273_ (net)
                  0.55    0.00    3.43 ^ _0994_/A (sky130_fd_sc_hd__buf_1)
    10    0.06    0.65    0.59    4.02 ^ _0994_/X (sky130_fd_sc_hd__buf_1)
                                         _0274_ (net)
                  0.65    0.00    4.02 ^ _0995_/A (sky130_fd_sc_hd__buf_1)
    10    0.05    0.61    0.57    4.60 ^ _0995_/X (sky130_fd_sc_hd__buf_1)
                                         _0275_ (net)
                  0.61    0.00    4.60 ^ _0996_/A (sky130_fd_sc_hd__buf_1)
    10    0.05    0.59    0.56    5.16 ^ _0996_/X (sky130_fd_sc_hd__buf_1)
                                         _0276_ (net)
                  0.59    0.00    5.16 ^ _0997_/A (sky130_fd_sc_hd__buf_1)
    10    0.04    0.45    0.45    5.61 ^ _0997_/X (sky130_fd_sc_hd__buf_1)
                                         _0277_ (net)
                  0.45    0.00    5.61 ^ _0998_/A (sky130_fd_sc_hd__buf_1)
    10    0.05    0.59    0.54    6.15 ^ _0998_/X (sky130_fd_sc_hd__buf_1)
                                         _0278_ (net)
                  0.59    0.00    6.16 ^ _1306_/B1 (sky130_fd_sc_hd__a221oi_2)
    10    0.04    0.24    0.29    6.45 v _1306_/Y (sky130_fd_sc_hd__a221oi_2)
                                         _0586_ (net)
                  0.24    0.00    6.45 v _1332_/S (sky130_fd_sc_hd__mux2_2)
     4    0.02    0.08    0.41    6.86 v _1332_/X (sky130_fd_sc_hd__mux2_2)
                                         _0612_ (net)
                  0.08    0.00    6.86 v _1346_/A0 (sky130_fd_sc_hd__mux2_2)
     3    0.02    0.08    0.33    7.19 v _1346_/X (sky130_fd_sc_hd__mux2_2)
                                         _0626_ (net)
                  0.08    0.00    7.19 v _1819_/B1 (sky130_fd_sc_hd__a22o_2)
     1    0.00    0.04    0.22    7.41 v _1819_/X (sky130_fd_sc_hd__a22o_2)
                                         _0146_ (net)
                  0.04    0.00    7.41 v _2005_/D (sky130_fd_sc_hd__dfrtp_2)
                                  7.41   data arrival time

                  0.15   10.00   10.00   clock clk (rise edge)
                          0.00   10.00   clock network delay (ideal)
                         -0.25    9.75   clock uncertainty
                          0.00    9.75   clock reconvergence pessimism
                                  9.75 ^ _2005_/CLK (sky130_fd_sc_hd__dfrtp_2)
                         -0.09    9.66   library setup time
                                  9.66   data required time
-----------------------------------------------------------------------------
                                  9.66   data required time
                                 -7.41   data arrival time
-----------------------------------------------------------------------------
                                  2.25   slack (MET)


Startpoint: control (input port clocked by clk)
Endpoint: _2001_ (rising edge-triggered flip-flop clocked by clk)
Path Group: clk
Path Type: max

Fanout     Cap    Slew   Delay    Time   Description
-----------------------------------------------------------------------------
                  0.15    0.00    0.00   clock clk (rise edge)
                          0.00    0.00   clock network delay (ideal)
                          2.00    2.00 ^ input external delay
     8    0.03    0.14    0.11    2.11 ^ control (in)
                                         control (net)
                  0.14    0.00    2.11 ^ _0991_/D (sky130_fd_sc_hd__and4bb_2)
    10    0.03    0.22    0.40    2.51 ^ _0991_/X (sky130_fd_sc_hd__and4bb_2)
                                         _0271_ (net)
                  0.22    0.00    2.51 ^ _0992_/A (sky130_fd_sc_hd__buf_1)
    10    0.04    0.43    0.41    2.92 ^ _0992_/X (sky130_fd_sc_hd__buf_1)
                                         _0272_ (net)
                  0.43    0.00    2.92 ^ _0993_/A (sky130_fd_sc_hd__buf_1)
    10    0.05    0.55    0.51    3.43 ^ _0993_/X (sky130_fd_sc_hd__buf_1)
                                         _0273_ (net)
                  0.55    0.00    3.43 ^ _0994_/A (sky130_fd_sc_hd__buf_1)
    10    0.06    0.65    0.59    4.02 ^ _0994_/X (sky130_fd_sc_hd__buf_1)
                                         _0274_ (net)
                  0.65    0.00    4.02 ^ _0995_/A (sky130_fd_sc_hd__buf_1)
    10    0.05    0.61    0.57    4.60 ^ _0995_/X (sky130_fd_sc_hd__buf_1)
                                         _0275_ (net)
                  0.61    0.00    4.60 ^ _0996_/A (sky130_fd_sc_hd__buf_1)
    10    0.05    0.59    0.56    5.16 ^ _0996_/X (sky130_fd_sc_hd__buf_1)
                                         _0276_ (net)
                  0.59    0.00    5.16 ^ _0997_/A (sky130_fd_sc_hd__buf_1)
    10    0.04    0.45    0.45    5.61 ^ _0997_/X (sky130_fd_sc_hd__buf_1)
                                         _0277_ (net)
                  0.45    0.00    5.61 ^ _0998_/A (sky130_fd_sc_hd__buf_1)
    10    0.05    0.59    0.54    6.15 ^ _0998_/X (sky130_fd_sc_hd__buf_1)
                                         _0278_ (net)
                  0.59    0.00    6.16 ^ _1306_/B1 (sky130_fd_sc_hd__a221oi_2)
    10    0.04    0.24    0.29    6.45 v _1306_/Y (sky130_fd_sc_hd__a221oi_2)
                                         _0586_ (net)
                  0.24    0.00    6.45 v _1310_/A (sky130_fd_sc_hd__buf_1)
    10    0.04    0.23    0.33    6.78 v _1310_/X (sky130_fd_sc_hd__buf_1)
                                         _0590_ (net)
                  0.23    0.00    6.78 v _1439_/A (sky130_fd_sc_hd__nand2_2)
     3    0.01    0.10    0.17    6.95 ^ _1439_/Y (sky130_fd_sc_hd__nand2_2)
                                         _0715_ (net)
                  0.10    0.00    6.95 ^ _1442_/A0 (sky130_fd_sc_hd__mux2_2)
     2    0.01    0.06    0.18    7.13 ^ _1442_/X (sky130_fd_sc_hd__mux2_2)
                                         _0718_ (net)
                  0.06    0.00    7.13 ^ _1555_/B (sky130_fd_sc_hd__nor2_2)
     2    0.01    0.04    0.05    7.18 v _1555_/Y (sky130_fd_sc_hd__nor2_2)
                                         _0815_ (net)
                  0.04    0.00    7.18 v _1823_/B1 (sky130_fd_sc_hd__a21o_2)
     1    0.00    0.03    0.18    7.37 v _1823_/X (sky130_fd_sc_hd__a21o_2)
                                         _0142_ (net)
                  0.03    0.00    7.37 v _2001_/D (sky130_fd_sc_hd__dfrtp_2)
                                  7.37   data arrival time

                  0.15   10.00   10.00   clock clk (rise edge)
                          0.00   10.00   clock network delay (ideal)
                         -0.25    9.75   clock uncertainty
                          0.00    9.75   clock reconvergence pessimism
                                  9.75 ^ _2001_/CLK (sky130_fd_sc_hd__dfrtp_2)
                         -0.09    9.66   library setup time
                                  9.66   data required time
-----------------------------------------------------------------------------
                                  9.66   data required time
                                 -7.37   data arrival time
-----------------------------------------------------------------------------
                                  2.30   slack (MET)


Startpoint: control (input port clocked by clk)
Endpoint: result[4] (output port clocked by clk)
Path Group: clk
Path Type: max

Fanout     Cap    Slew   Delay    Time   Description
-----------------------------------------------------------------------------
                  0.15    0.00    0.00   clock clk (rise edge)
                          0.00    0.00   clock network delay (ideal)
                          2.00    2.00 ^ input external delay
     8    0.03    0.14    0.11    2.11 ^ control (in)
                                         control (net)
                  0.14    0.00    2.11 ^ _1008_/D (sky130_fd_sc_hd__and4b_2)
     2    0.01    0.06    0.26    2.37 ^ _1008_/X (sky130_fd_sc_hd__and4b_2)
                                         _0288_ (net)
                  0.06    0.00    2.37 ^ _1009_/A (sky130_fd_sc_hd__buf_1)
    10    0.03    0.40    0.35    2.72 ^ _1009_/X (sky130_fd_sc_hd__buf_1)
                                         _0289_ (net)
                  0.40    0.00    2.72 ^ _1010_/A (sky130_fd_sc_hd__buf_1)
    10    0.04    0.45    0.44    3.16 ^ _1010_/X (sky130_fd_sc_hd__buf_1)
                                         _0290_ (net)
                  0.45    0.00    3.16 ^ _1011_/A (sky130_fd_sc_hd__buf_1)
    10    0.05    0.59    0.54    3.70 ^ _1011_/X (sky130_fd_sc_hd__buf_1)
                                         _0291_ (net)
                  0.59    0.00    3.71 ^ _1142_/A2 (sky130_fd_sc_hd__a22oi_2)
     9    0.04    0.21    0.31    4.02 v _1142_/Y (sky130_fd_sc_hd__a22oi_2)
                                         _0422_ (net)
                  0.21    0.00    4.02 v _1143_/A (sky130_fd_sc_hd__nand2_2)
     2    0.01    0.09    0.15    4.16 ^ _1143_/Y (sky130_fd_sc_hd__nand2_2)
                                         _0423_ (net)
                  0.09    0.00    4.16 ^ _1145_/A (sky130_fd_sc_hd__nand2_2)
     2    0.01    0.05    0.07    4.23 v _1145_/Y (sky130_fd_sc_hd__nand2_2)
                                         _0425_ (net)
                  0.05    0.00    4.23 v _1146_/B (sky130_fd_sc_hd__or2_2)
     2    0.00    0.06    0.29    4.52 v _1146_/X (sky130_fd_sc_hd__or2_2)
                                         _0426_ (net)
                  0.06    0.00    4.52 v _1148_/A2 (sky130_fd_sc_hd__a21bo_2)
     4    0.01    0.06    0.26    4.78 v _1148_/X (sky130_fd_sc_hd__a21bo_2)
                                         _0428_ (net)
                  0.06    0.00    4.78 v _1583_/A (sky130_fd_sc_hd__or2_2)
     1    0.00    0.05    0.30    5.08 v _1583_/X (sky130_fd_sc_hd__or2_2)
                                         _0836_ (net)
                  0.05    0.00    5.08 v _1586_/A3 (sky130_fd_sc_hd__a31o_2)
     2    0.05    0.13    0.36    5.45 v _1586_/X (sky130_fd_sc_hd__a31o_2)
                                         result[4] (net)
                  0.13    0.01    5.45 v result[4] (out)
                                  5.45   data arrival time

                  0.15   10.00   10.00   clock clk (rise edge)
                          0.00   10.00   clock network delay (ideal)
                         -0.25    9.75   clock uncertainty
                          0.00    9.75   clock reconvergence pessimism
                         -2.00    7.75   output external delay
                                  7.75   data required time
-----------------------------------------------------------------------------
                                  7.75   data required time
                                 -5.45   data arrival time
-----------------------------------------------------------------------------
                                  2.30   slack (MET)


Startpoint: control (input port clocked by clk)
Endpoint: _1992_ (rising edge-triggered flip-flop clocked by clk)
Path Group: clk
Path Type: max

Fanout     Cap    Slew   Delay    Time   Description
-----------------------------------------------------------------------------
                  0.15    0.00    0.00   clock clk (rise edge)
                          0.00    0.00   clock network delay (ideal)
                          2.00    2.00 ^ input external delay
     8    0.03    0.14    0.11    2.11 ^ control (in)
                                         control (net)
                  0.14    0.00    2.11 ^ _0991_/D (sky130_fd_sc_hd__and4bb_2)
    10    0.03    0.22    0.40    2.51 ^ _0991_/X (sky130_fd_sc_hd__and4bb_2)
                                         _0271_ (net)
                  0.22    0.00    2.51 ^ _0992_/A (sky130_fd_sc_hd__buf_1)
    10    0.04    0.43    0.41    2.92 ^ _0992_/X (sky130_fd_sc_hd__buf_1)
                                         _0272_ (net)
                  0.43    0.00    2.92 ^ _0993_/A (sky130_fd_sc_hd__buf_1)
    10    0.05    0.55    0.51    3.43 ^ _0993_/X (sky130_fd_sc_hd__buf_1)
                                         _0273_ (net)
                  0.55    0.00    3.43 ^ _0994_/A (sky130_fd_sc_hd__buf_1)
    10    0.06    0.65    0.59    4.02 ^ _0994_/X (sky130_fd_sc_hd__buf_1)
                                         _0274_ (net)
                  0.65    0.00    4.02 ^ _0995_/A (sky130_fd_sc_hd__buf_1)
    10    0.05    0.61    0.57    4.60 ^ _0995_/X (sky130_fd_sc_hd__buf_1)
                                         _0275_ (net)
                  0.61    0.00    4.60 ^ _0996_/A (sky130_fd_sc_hd__buf_1)
    10    0.05    0.59    0.56    5.16 ^ _0996_/X (sky130_fd_sc_hd__buf_1)
                                         _0276_ (net)
                  0.59    0.00    5.16 ^ _0997_/A (sky130_fd_sc_hd__buf_1)
    10    0.04    0.45    0.45    5.61 ^ _0997_/X (sky130_fd_sc_hd__buf_1)
                                         _0277_ (net)
                  0.45    0.00    5.61 ^ _0998_/A (sky130_fd_sc_hd__buf_1)
    10    0.05    0.59    0.54    6.15 ^ _0998_/X (sky130_fd_sc_hd__buf_1)
                                         _0278_ (net)
                  0.59    0.00    6.16 ^ _1306_/B1 (sky130_fd_sc_hd__a221oi_2)
    10    0.04    0.24    0.29    6.45 v _1306_/Y (sky130_fd_sc_hd__a221oi_2)
                                         _0586_ (net)
                  0.24    0.00    6.45 v _1310_/A (sky130_fd_sc_hd__buf_1)
    10    0.04    0.23    0.33    6.78 v _1310_/X (sky130_fd_sc_hd__buf_1)
                                         _0590_ (net)
                  0.23    0.00    6.78 v _1454_/A (sky130_fd_sc_hd__and2_2)
     4    0.02    0.07    0.30    7.08 v _1454_/X (sky130_fd_sc_hd__and2_2)
                                         _0729_ (net)
                  0.07    0.00    7.08 v _1832_/B2 (sky130_fd_sc_hd__a22o_2)
     1    0.00    0.04    0.23    7.31 v _1832_/X (sky130_fd_sc_hd__a22o_2)
                                         _0133_ (net)
                  0.04    0.00    7.31 v _1992_/D (sky130_fd_sc_hd__dfrtp_2)
                                  7.31   data arrival time

                  0.15   10.00   10.00   clock clk (rise edge)
                          0.00   10.00   clock network delay (ideal)
                         -0.25    9.75   clock uncertainty
                          0.00    9.75   clock reconvergence pessimism
                                  9.75 ^ _1992_/CLK (sky130_fd_sc_hd__dfrtp_2)
                         -0.09    9.66   library setup time
                                  9.66   data required time
-----------------------------------------------------------------------------
                                  9.66   data required time
                                 -7.31   data arrival time
-----------------------------------------------------------------------------
                                  2.35   slack (MET)


Startpoint: control (input port clocked by clk)
Endpoint: _1993_ (rising edge-triggered flip-flop clocked by clk)
Path Group: clk
Path Type: max

Fanout     Cap    Slew   Delay    Time   Description
-----------------------------------------------------------------------------
                  0.15    0.00    0.00   clock clk (rise edge)
                          0.00    0.00   clock network delay (ideal)
                          2.00    2.00 ^ input external delay
     8    0.03    0.14    0.11    2.11 ^ control (in)
                                         control (net)
                  0.14    0.00    2.11 ^ _0991_/D (sky130_fd_sc_hd__and4bb_2)
    10    0.03    0.22    0.40    2.51 ^ _0991_/X (sky130_fd_sc_hd__and4bb_2)
                                         _0271_ (net)
                  0.22    0.00    2.51 ^ _0992_/A (sky130_fd_sc_hd__buf_1)
    10    0.04    0.43    0.41    2.92 ^ _0992_/X (sky130_fd_sc_hd__buf_1)
                                         _0272_ (net)
                  0.43    0.00    2.92 ^ _0993_/A (sky130_fd_sc_hd__buf_1)
    10    0.05    0.55    0.51    3.43 ^ _0993_/X (sky130_fd_sc_hd__buf_1)
                                         _0273_ (net)
                  0.55    0.00    3.43 ^ _0994_/A (sky130_fd_sc_hd__buf_1)
    10    0.06    0.65    0.59    4.02 ^ _0994_/X (sky130_fd_sc_hd__buf_1)
                                         _0274_ (net)
                  0.65    0.00    4.02 ^ _0995_/A (sky130_fd_sc_hd__buf_1)
    10    0.05    0.61    0.57    4.60 ^ _0995_/X (sky130_fd_sc_hd__buf_1)
                                         _0275_ (net)
                  0.61    0.00    4.60 ^ _0996_/A (sky130_fd_sc_hd__buf_1)
    10    0.05    0.59    0.56    5.16 ^ _0996_/X (sky130_fd_sc_hd__buf_1)
                                         _0276_ (net)
                  0.59    0.00    5.16 ^ _0997_/A (sky130_fd_sc_hd__buf_1)
    10    0.04    0.45    0.45    5.61 ^ _0997_/X (sky130_fd_sc_hd__buf_1)
                                         _0277_ (net)
                  0.45    0.00    5.61 ^ _0998_/A (sky130_fd_sc_hd__buf_1)
    10    0.05    0.59    0.54    6.15 ^ _0998_/X (sky130_fd_sc_hd__buf_1)
                                         _0278_ (net)
                  0.59    0.00    6.16 ^ _1306_/B1 (sky130_fd_sc_hd__a221oi_2)
    10    0.04    0.24    0.29    6.45 v _1306_/Y (sky130_fd_sc_hd__a221oi_2)
                                         _0586_ (net)
                  0.24    0.00    6.45 v _1310_/A (sky130_fd_sc_hd__buf_1)
    10    0.04    0.23    0.33    6.78 v _1310_/X (sky130_fd_sc_hd__buf_1)
                                         _0590_ (net)
                  0.23    0.00    6.78 v _1439_/A (sky130_fd_sc_hd__nand2_2)
     3    0.01    0.10    0.17    6.95 ^ _1439_/Y (sky130_fd_sc_hd__nand2_2)
                                         _0715_ (net)
                  0.10    0.00    6.95 ^ _1590_/B (sky130_fd_sc_hd__nor2_2)
     2    0.01    0.04    0.06    7.01 v _1590_/Y (sky130_fd_sc_hd__nor2_2)
                                         _0842_ (net)
                  0.04    0.00    7.01 v _1831_/B1 (sky130_fd_sc_hd__a21o_2)
     1    0.00    0.03    0.18    7.20 v _1831_/X (sky130_fd_sc_hd__a21o_2)
                                         _0134_ (net)
                  0.03    0.00    7.20 v _1993_/D (sky130_fd_sc_hd__dfrtp_2)
                                  7.20   data arrival time

                  0.15   10.00   10.00   clock clk (rise edge)
                          0.00   10.00   clock network delay (ideal)
                         -0.25    9.75   clock uncertainty
                          0.00    9.75   clock reconvergence pessimism
                                  9.75 ^ _1993_/CLK (sky130_fd_sc_hd__dfrtp_2)
                         -0.09    9.66   library setup time
                                  9.66   data required time
-----------------------------------------------------------------------------
                                  9.66   data required time
                                 -7.20   data arrival time
-----------------------------------------------------------------------------
                                  2.47   slack (MET)


Startpoint: control (input port clocked by clk)
Endpoint: _2026_ (rising edge-triggered flip-flop clocked by clk)
Path Group: clk
Path Type: max

Fanout     Cap    Slew   Delay    Time   Description
-----------------------------------------------------------------------------
                  0.15    0.00    0.00   clock clk (rise edge)
                          0.00    0.00   clock network delay (ideal)
                          2.00    2.00 ^ input external delay
     8    0.03    0.14    0.11    2.11 ^ control (in)
                                         control (net)
                  0.14    0.00    2.11 ^ _0991_/D (sky130_fd_sc_hd__and4bb_2)
    10    0.03    0.22    0.40    2.51 ^ _0991_/X (sky130_fd_sc_hd__and4bb_2)
                                         _0271_ (net)
                  0.22    0.00    2.51 ^ _0992_/A (sky130_fd_sc_hd__buf_1)
    10    0.04    0.43    0.41    2.92 ^ _0992_/X (sky130_fd_sc_hd__buf_1)
                                         _0272_ (net)
                  0.43    0.00    2.92 ^ _0993_/A (sky130_fd_sc_hd__buf_1)
    10    0.05    0.55    0.51    3.43 ^ _0993_/X (sky130_fd_sc_hd__buf_1)
                                         _0273_ (net)
                  0.55    0.00    3.43 ^ _0994_/A (sky130_fd_sc_hd__buf_1)
    10    0.06    0.65    0.59    4.02 ^ _0994_/X (sky130_fd_sc_hd__buf_1)
                                         _0274_ (net)
                  0.65    0.00    4.02 ^ _0995_/A (sky130_fd_sc_hd__buf_1)
    10    0.05    0.61    0.57    4.60 ^ _0995_/X (sky130_fd_sc_hd__buf_1)
                                         _0275_ (net)
                  0.61    0.00    4.60 ^ _0996_/A (sky130_fd_sc_hd__buf_1)
    10    0.05    0.59    0.56    5.16 ^ _0996_/X (sky130_fd_sc_hd__buf_1)
                                         _0276_ (net)
                  0.59    0.00    5.16 ^ _0997_/A (sky130_fd_sc_hd__buf_1)
    10    0.04    0.45    0.45    5.61 ^ _0997_/X (sky130_fd_sc_hd__buf_1)
                                         _0277_ (net)
                  0.45    0.00    5.61 ^ _0998_/A (sky130_fd_sc_hd__buf_1)
    10    0.05    0.59    0.54    6.15 ^ _0998_/X (sky130_fd_sc_hd__buf_1)
                                         _0278_ (net)
                  0.59    0.00    6.16 ^ _1775_/A (sky130_fd_sc_hd__buf_1)
    10    0.04    0.49    0.48    6.64 ^ _1775_/X (sky130_fd_sc_hd__buf_1)
                                         _0939_ (net)
                  0.49    0.00    6.64 ^ _1790_/S (sky130_fd_sc_hd__mux2_2)
     1    0.00    0.05    0.41    7.05 v _1790_/X (sky130_fd_sc_hd__mux2_2)
                                         _0947_ (net)
                  0.05    0.00    7.05 v _1791_/A (sky130_fd_sc_hd__buf_1)
     1    0.00    0.02    0.09    7.13 v _1791_/X (sky130_fd_sc_hd__buf_1)
                                         _0167_ (net)
                  0.02    0.00    7.13 v _2026_/D (sky130_fd_sc_hd__dfrtp_2)
                                  7.13   data arrival time

                  0.15   10.00   10.00   clock clk (rise edge)
                          0.00   10.00   clock network delay (ideal)
                         -0.25    9.75   clock uncertainty
                          0.00    9.75   clock reconvergence pessimism
                                  9.75 ^ _2026_/CLK (sky130_fd_sc_hd__dfrtp_2)
                         -0.08    9.67   library setup time
                                  9.67   data required time
-----------------------------------------------------------------------------
                                  9.67   data required time
                                 -7.13   data arrival time
-----------------------------------------------------------------------------
                                  2.53   slack (MET)


Startpoint: control (input port clocked by clk)
Endpoint: _2027_ (rising edge-triggered flip-flop clocked by clk)
Path Group: clk
Path Type: max

Fanout     Cap    Slew   Delay    Time   Description
-----------------------------------------------------------------------------
                  0.15    0.00    0.00   clock clk (rise edge)
                          0.00    0.00   clock network delay (ideal)
                          2.00    2.00 ^ input external delay
     8    0.03    0.14    0.11    2.11 ^ control (in)
                                         control (net)
                  0.14    0.00    2.11 ^ _0991_/D (sky130_fd_sc_hd__and4bb_2)
    10    0.03    0.22    0.40    2.51 ^ _0991_/X (sky130_fd_sc_hd__and4bb_2)
                                         _0271_ (net)
                  0.22    0.00    2.51 ^ _0992_/A (sky130_fd_sc_hd__buf_1)
    10    0.04    0.43    0.41    2.92 ^ _0992_/X (sky130_fd_sc_hd__buf_1)
                                         _0272_ (net)
                  0.43    0.00    2.92 ^ _0993_/A (sky130_fd_sc_hd__buf_1)
    10    0.05    0.55    0.51    3.43 ^ _0993_/X (sky130_fd_sc_hd__buf_1)
                                         _0273_ (net)
                  0.55    0.00    3.43 ^ _0994_/A (sky130_fd_sc_hd__buf_1)
    10    0.06    0.65    0.59    4.02 ^ _0994_/X (sky130_fd_sc_hd__buf_1)
                                         _0274_ (net)
                  0.65    0.00    4.02 ^ _0995_/A (sky130_fd_sc_hd__buf_1)
    10    0.05    0.61    0.57    4.60 ^ _0995_/X (sky130_fd_sc_hd__buf_1)
                                         _0275_ (net)
                  0.61    0.00    4.60 ^ _0996_/A (sky130_fd_sc_hd__buf_1)
    10    0.05    0.59    0.56    5.16 ^ _0996_/X (sky130_fd_sc_hd__buf_1)
                                         _0276_ (net)
                  0.59    0.00    5.16 ^ _0997_/A (sky130_fd_sc_hd__buf_1)
    10    0.04    0.45    0.45    5.61 ^ _0997_/X (sky130_fd_sc_hd__buf_1)
                                         _0277_ (net)
                  0.45    0.00    5.61 ^ _0998_/A (sky130_fd_sc_hd__buf_1)
    10    0.05    0.59    0.54    6.15 ^ _0998_/X (sky130_fd_sc_hd__buf_1)
                                         _0278_ (net)
                  0.59    0.00    6.16 ^ _1775_/A (sky130_fd_sc_hd__buf_1)
    10    0.04    0.49    0.48    6.64 ^ _1775_/X (sky130_fd_sc_hd__buf_1)
                                         _0939_ (net)
                  0.49    0.00    6.64 ^ _1788_/S (sky130_fd_sc_hd__mux2_2)
     1    0.00    0.05    0.41    7.04 v _1788_/X (sky130_fd_sc_hd__mux2_2)
                                         _0946_ (net)
                  0.05    0.00    7.04 v _1789_/A (sky130_fd_sc_hd__buf_1)
     1    0.00    0.02    0.09    7.13 v _1789_/X (sky130_fd_sc_hd__buf_1)
                                         _0168_ (net)
                  0.02    0.00    7.13 v _2027_/D (sky130_fd_sc_hd__dfrtp_2)
                                  7.13   data arrival time

                  0.15   10.00   10.00   clock clk (rise edge)
                          0.00   10.00   clock network delay (ideal)
                         -0.25    9.75   clock uncertainty
                          0.00    9.75   clock reconvergence pessimism
                                  9.75 ^ _2027_/CLK (sky130_fd_sc_hd__dfrtp_2)
                         -0.08    9.67   library setup time
                                  9.67   data required time
-----------------------------------------------------------------------------
                                  9.67   data required time
                                 -7.13   data arrival time
-----------------------------------------------------------------------------
                                  2.53   slack (MET)


Startpoint: control (input port clocked by clk)
Endpoint: _1996_ (rising edge-triggered flip-flop clocked by clk)
Path Group: clk
Path Type: max

Fanout     Cap    Slew   Delay    Time   Description
-----------------------------------------------------------------------------
                  0.15    0.00    0.00   clock clk (rise edge)
                          0.00    0.00   clock network delay (ideal)
                          2.00    2.00 ^ input external delay
     8    0.03    0.14    0.11    2.11 ^ control (in)
                                         control (net)
                  0.14    0.00    2.11 ^ _0991_/D (sky130_fd_sc_hd__and4bb_2)
    10    0.03    0.22    0.40    2.51 ^ _0991_/X (sky130_fd_sc_hd__and4bb_2)
                                         _0271_ (net)
                  0.22    0.00    2.51 ^ _0992_/A (sky130_fd_sc_hd__buf_1)
    10    0.04    0.43    0.41    2.92 ^ _0992_/X (sky130_fd_sc_hd__buf_1)
                                         _0272_ (net)
                  0.43    0.00    2.92 ^ _0993_/A (sky130_fd_sc_hd__buf_1)
    10    0.05    0.55    0.51    3.43 ^ _0993_/X (sky130_fd_sc_hd__buf_1)
                                         _0273_ (net)
                  0.55    0.00    3.43 ^ _0994_/A (sky130_fd_sc_hd__buf_1)
    10    0.06    0.65    0.59    4.02 ^ _0994_/X (sky130_fd_sc_hd__buf_1)
                                         _0274_ (net)
                  0.65    0.00    4.02 ^ _0995_/A (sky130_fd_sc_hd__buf_1)
    10    0.05    0.61    0.57    4.60 ^ _0995_/X (sky130_fd_sc_hd__buf_1)
                                         _0275_ (net)
                  0.61    0.00    4.60 ^ _0996_/A (sky130_fd_sc_hd__buf_1)
    10    0.05    0.59    0.56    5.16 ^ _0996_/X (sky130_fd_sc_hd__buf_1)
                                         _0276_ (net)
                  0.59    0.00    5.16 ^ _0997_/A (sky130_fd_sc_hd__buf_1)
    10    0.04    0.45    0.45    5.61 ^ _0997_/X (sky130_fd_sc_hd__buf_1)
                                         _0277_ (net)
                  0.45    0.00    5.61 ^ _0998_/A (sky130_fd_sc_hd__buf_1)
    10    0.05    0.59    0.54    6.15 ^ _0998_/X (sky130_fd_sc_hd__buf_1)
                                         _0278_ (net)
                  0.59    0.00    6.16 ^ _1306_/B1 (sky130_fd_sc_hd__a221oi_2)
    10    0.04    0.24    0.29    6.45 v _1306_/Y (sky130_fd_sc_hd__a221oi_2)
                                         _0586_ (net)
                  0.24    0.00    6.45 v _1376_/S (sky130_fd_sc_hd__mux2_2)
     4    0.02    0.09    0.42    6.86 v _1376_/X (sky130_fd_sc_hd__mux2_2)
                                         _0655_ (net)
                  0.09    0.00    6.86 v _1828_/B1 (sky130_fd_sc_hd__a22o_2)
     1    0.00    0.04    0.22    7.09 v _1828_/X (sky130_fd_sc_hd__a22o_2)
                                         _0137_ (net)
                  0.04    0.00    7.09 v _1996_/D (sky130_fd_sc_hd__dfrtp_2)
                                  7.09   data arrival time

                  0.15   10.00   10.00   clock clk (rise edge)
                          0.00   10.00   clock network delay (ideal)
                         -0.25    9.75   clock uncertainty
                          0.00    9.75   clock reconvergence pessimism
                                  9.75 ^ _1996_/CLK (sky130_fd_sc_hd__dfrtp_2)
                         -0.09    9.66   library setup time
                                  9.66   data required time
-----------------------------------------------------------------------------
                                  9.66   data required time
                                 -7.09   data arrival time
-----------------------------------------------------------------------------
                                  2.57   slack (MET)


Startpoint: control (input port clocked by clk)
Endpoint: _1997_ (rising edge-triggered flip-flop clocked by clk)
Path Group: clk
Path Type: max

Fanout     Cap    Slew   Delay    Time   Description
-----------------------------------------------------------------------------
                  0.15    0.00    0.00   clock clk (rise edge)
                          0.00    0.00   clock network delay (ideal)
                          2.00    2.00 ^ input external delay
     8    0.03    0.14    0.11    2.11 ^ control (in)
                                         control (net)
                  0.14    0.00    2.11 ^ _0991_/D (sky130_fd_sc_hd__and4bb_2)
    10    0.03    0.22    0.40    2.51 ^ _0991_/X (sky130_fd_sc_hd__and4bb_2)
                                         _0271_ (net)
                  0.22    0.00    2.51 ^ _0992_/A (sky130_fd_sc_hd__buf_1)
    10    0.04    0.43    0.41    2.92 ^ _0992_/X (sky130_fd_sc_hd__buf_1)
                                         _0272_ (net)
                  0.43    0.00    2.92 ^ _0993_/A (sky130_fd_sc_hd__buf_1)
    10    0.05    0.55    0.51    3.43 ^ _0993_/X (sky130_fd_sc_hd__buf_1)
                                         _0273_ (net)
                  0.55    0.00    3.43 ^ _0994_/A (sky130_fd_sc_hd__buf_1)
    10    0.06    0.65    0.59    4.02 ^ _0994_/X (sky130_fd_sc_hd__buf_1)
                                         _0274_ (net)
                  0.65    0.00    4.02 ^ _0995_/A (sky130_fd_sc_hd__buf_1)
    10    0.05    0.61    0.57    4.60 ^ _0995_/X (sky130_fd_sc_hd__buf_1)
                                         _0275_ (net)
                  0.61    0.00    4.60 ^ _0996_/A (sky130_fd_sc_hd__buf_1)
    10    0.05    0.59    0.56    5.16 ^ _0996_/X (sky130_fd_sc_hd__buf_1)
                                         _0276_ (net)
                  0.59    0.00    5.16 ^ _0997_/A (sky130_fd_sc_hd__buf_1)
    10    0.04    0.45    0.45    5.61 ^ _0997_/X (sky130_fd_sc_hd__buf_1)
                                         _0277_ (net)
                  0.45    0.00    5.61 ^ _0998_/A (sky130_fd_sc_hd__buf_1)
    10    0.05    0.59    0.54    6.15 ^ _0998_/X (sky130_fd_sc_hd__buf_1)
                                         _0278_ (net)
                  0.59    0.00    6.16 ^ _1306_/B1 (sky130_fd_sc_hd__a221oi_2)
    10    0.04    0.24    0.29    6.45 v _1306_/Y (sky130_fd_sc_hd__a221oi_2)
                                         _0586_ (net)
                  0.24    0.00    6.45 v _1332_/S (sky130_fd_sc_hd__mux2_2)
     4    0.02    0.08    0.41    6.86 v _1332_/X (sky130_fd_sc_hd__mux2_2)
                                         _0612_ (net)
                  0.08    0.00    6.86 v _1827_/B1 (sky130_fd_sc_hd__a22o_2)
     1    0.00    0.04    0.22    7.08 v _1827_/X (sky130_fd_sc_hd__a22o_2)
                                         _0138_ (net)
                  0.04    0.00    7.08 v _1997_/D (sky130_fd_sc_hd__dfrtp_2)
                                  7.08   data arrival time

                  0.15   10.00   10.00   clock clk (rise edge)
                          0.00   10.00   clock network delay (ideal)
                         -0.25    9.75   clock uncertainty
                          0.00    9.75   clock reconvergence pessimism
                                  9.75 ^ _1997_/CLK (sky130_fd_sc_hd__dfrtp_2)
                         -0.09    9.66   library setup time
                                  9.66   data required time
-----------------------------------------------------------------------------
                                  9.66   data required time
                                 -7.08   data arrival time
-----------------------------------------------------------------------------
                                  2.59   slack (MET)


Startpoint: control (input port clocked by clk)
Endpoint: _2022_ (rising edge-triggered flip-flop clocked by clk)
Path Group: clk
Path Type: max

Fanout     Cap    Slew   Delay    Time   Description
-----------------------------------------------------------------------------
                  0.15    0.00    0.00   clock clk (rise edge)
                          0.00    0.00   clock network delay (ideal)
                          2.00    2.00 ^ input external delay
     8    0.03    0.14    0.11    2.11 ^ control (in)
                                         control (net)
                  0.14    0.00    2.11 ^ _0991_/D (sky130_fd_sc_hd__and4bb_2)
    10    0.03    0.22    0.40    2.51 ^ _0991_/X (sky130_fd_sc_hd__and4bb_2)
                                         _0271_ (net)
                  0.22    0.00    2.51 ^ _0992_/A (sky130_fd_sc_hd__buf_1)
    10    0.04    0.43    0.41    2.92 ^ _0992_/X (sky130_fd_sc_hd__buf_1)
                                         _0272_ (net)
                  0.43    0.00    2.92 ^ _0993_/A (sky130_fd_sc_hd__buf_1)
    10    0.05    0.55    0.51    3.43 ^ _0993_/X (sky130_fd_sc_hd__buf_1)
                                         _0273_ (net)
                  0.55    0.00    3.43 ^ _0994_/A (sky130_fd_sc_hd__buf_1)
    10    0.06    0.65    0.59    4.02 ^ _0994_/X (sky130_fd_sc_hd__buf_1)
                                         _0274_ (net)
                  0.65    0.00    4.02 ^ _0995_/A (sky130_fd_sc_hd__buf_1)
    10    0.05    0.61    0.57    4.60 ^ _0995_/X (sky130_fd_sc_hd__buf_1)
                                         _0275_ (net)
                  0.61    0.00    4.60 ^ _0996_/A (sky130_fd_sc_hd__buf_1)
    10    0.05    0.59    0.56    5.16 ^ _0996_/X (sky130_fd_sc_hd__buf_1)
                                         _0276_ (net)
                  0.59    0.00    5.16 ^ _0997_/A (sky130_fd_sc_hd__buf_1)
    10    0.04    0.45    0.45    5.61 ^ _0997_/X (sky130_fd_sc_hd__buf_1)
                                         _0277_ (net)
                  0.45    0.00    5.61 ^ _0998_/A (sky130_fd_sc_hd__buf_1)
    10    0.05    0.59    0.54    6.15 ^ _0998_/X (sky130_fd_sc_hd__buf_1)
                                         _0278_ (net)
                  0.59    0.00    6.15 ^ _1798_/S (sky130_fd_sc_hd__mux2_2)
     1    0.00    0.05    0.42    6.57 v _1798_/X (sky130_fd_sc_hd__mux2_2)
                                         _0951_ (net)
                  0.05    0.00    6.57 v _1799_/A (sky130_fd_sc_hd__buf_1)
     1    0.00    0.02    0.09    6.66 v _1799_/X (sky130_fd_sc_hd__buf_1)
                                         _0163_ (net)
                  0.02    0.00    6.66 v _2022_/D (sky130_fd_sc_hd__dfrtp_2)
                                  6.66   data arrival time

                  0.15   10.00   10.00   clock clk (rise edge)
                          0.00   10.00   clock network delay (ideal)
                         -0.25    9.75   clock uncertainty
                          0.00    9.75   clock reconvergence pessimism
                                  9.75 ^ _2022_/CLK (sky130_fd_sc_hd__dfrtp_2)
                         -0.08    9.67   library setup time
                                  9.67   data required time
-----------------------------------------------------------------------------
                                  9.67   data required time
                                 -6.66   data arrival time
-----------------------------------------------------------------------------
                                  3.00   slack (MET)


Startpoint: control (input port clocked by clk)
Endpoint: _2023_ (rising edge-triggered flip-flop clocked by clk)
Path Group: clk
Path Type: max

Fanout     Cap    Slew   Delay    Time   Description
-----------------------------------------------------------------------------
                  0.15    0.00    0.00   clock clk (rise edge)
                          0.00    0.00   clock network delay (ideal)
                          2.00    2.00 ^ input external delay
     8    0.03    0.14    0.11    2.11 ^ control (in)
                                         control (net)
                  0.14    0.00    2.11 ^ _0991_/D (sky130_fd_sc_hd__and4bb_2)
    10    0.03    0.22    0.40    2.51 ^ _0991_/X (sky130_fd_sc_hd__and4bb_2)
                                         _0271_ (net)
                  0.22    0.00    2.51 ^ _0992_/A (sky130_fd_sc_hd__buf_1)
    10    0.04    0.43    0.41    2.92 ^ _0992_/X (sky130_fd_sc_hd__buf_1)
                                         _0272_ (net)
                  0.43    0.00    2.92 ^ _0993_/A (sky130_fd_sc_hd__buf_1)
    10    0.05    0.55    0.51    3.43 ^ _0993_/X (sky130_fd_sc_hd__buf_1)
                                         _0273_ (net)
                  0.55    0.00    3.43 ^ _0994_/A (sky130_fd_sc_hd__buf_1)
    10    0.06    0.65    0.59    4.02 ^ _0994_/X (sky130_fd_sc_hd__buf_1)
                                         _0274_ (net)
                  0.65    0.00    4.02 ^ _0995_/A (sky130_fd_sc_hd__buf_1)
    10    0.05    0.61    0.57    4.60 ^ _0995_/X (sky130_fd_sc_hd__buf_1)
                                         _0275_ (net)
                  0.61    0.00    4.60 ^ _0996_/A (sky130_fd_sc_hd__buf_1)
    10    0.05    0.59    0.56    5.16 ^ _0996_/X (sky130_fd_sc_hd__buf_1)
                                         _0276_ (net)
                  0.59    0.00    5.16 ^ _0997_/A (sky130_fd_sc_hd__buf_1)
    10    0.04    0.45    0.45    5.61 ^ _0997_/X (sky130_fd_sc_hd__buf_1)
                                         _0277_ (net)
                  0.45    0.00    5.61 ^ _0998_/A (sky130_fd_sc_hd__buf_1)
    10    0.05    0.59    0.54    6.15 ^ _0998_/X (sky130_fd_sc_hd__buf_1)
                                         _0278_ (net)
                  0.59    0.00    6.16 ^ _1796_/S (sky130_fd_sc_hd__mux2_2)
     1    0.00    0.05    0.41    6.57 v _1796_/X (sky130_fd_sc_hd__mux2_2)
                                         _0950_ (net)
                  0.05    0.00    6.57 v _1797_/A (sky130_fd_sc_hd__buf_1)
     1    0.00    0.02    0.09    6.66 v _1797_/X (sky130_fd_sc_hd__buf_1)
                                         _0164_ (net)
                  0.02    0.00    6.66 v _2023_/D (sky130_fd_sc_hd__dfrtp_2)
                                  6.66   data arrival time

                  0.15   10.00   10.00   clock clk (rise edge)
                          0.00   10.00   clock network delay (ideal)
                         -0.25    9.75   clock uncertainty
                          0.00    9.75   clock reconvergence pessimism
                                  9.75 ^ _2023_/CLK (sky130_fd_sc_hd__dfrtp_2)
                         -0.08    9.67   library setup time
                                  9.67   data required time
-----------------------------------------------------------------------------
                                  9.67   data required time
                                 -6.66   data arrival time
-----------------------------------------------------------------------------
                                  3.01   slack (MET)


Startpoint: control (input port clocked by clk)
Endpoint: result[1] (output port clocked by clk)
Path Group: clk
Path Type: max

Fanout     Cap    Slew   Delay    Time   Description
-----------------------------------------------------------------------------
                  0.15    0.00    0.00   clock clk (rise edge)
                          0.00    0.00   clock network delay (ideal)
                          2.00    2.00 ^ input external delay
     8    0.03    0.14    0.11    2.11 ^ control (in)
                                         control (net)
                  0.14    0.00    2.11 ^ _0991_/D (sky130_fd_sc_hd__and4bb_2)
    10    0.03    0.22    0.40    2.51 ^ _0991_/X (sky130_fd_sc_hd__and4bb_2)
                                         _0271_ (net)
                  0.22    0.00    2.51 ^ _0992_/A (sky130_fd_sc_hd__buf_1)
    10    0.04    0.43    0.41    2.92 ^ _0992_/X (sky130_fd_sc_hd__buf_1)
                                         _0272_ (net)
                  0.43    0.00    2.92 ^ _0993_/A (sky130_fd_sc_hd__buf_1)
    10    0.05    0.55    0.51    3.43 ^ _0993_/X (sky130_fd_sc_hd__buf_1)
                                         _0273_ (net)
                  0.55    0.00    3.43 ^ _1122_/A2 (sky130_fd_sc_hd__a22o_2)
     3    0.01    0.07    0.29    3.72 ^ _1122_/X (sky130_fd_sc_hd__a22o_2)
                                         _0402_ (net)
                  0.07    0.00    3.72 ^ _1123_/B (sky130_fd_sc_hd__or2_2)
     5    0.02    0.10    0.17    3.89 ^ _1123_/X (sky130_fd_sc_hd__or2_2)
                                         _0403_ (net)
                  0.10    0.00    3.89 ^ _1325_/B1 (sky130_fd_sc_hd__o21a_2)
     2    0.01    0.06    0.16    4.05 ^ _1325_/X (sky130_fd_sc_hd__o21a_2)
                                         _0605_ (net)
                  0.06    0.00    4.05 ^ _1402_/B (sky130_fd_sc_hd__nand2_2)
     2    0.01    0.13    0.07    4.12 v _1402_/Y (sky130_fd_sc_hd__nand2_2)
                                         _0680_ (net)
                  0.13    0.00    4.12 v _1466_/B (sky130_fd_sc_hd__nor2_2)
     4    0.02    0.20    0.21    4.33 ^ _1466_/Y (sky130_fd_sc_hd__nor2_2)
                                         _0740_ (net)
                  0.20    0.00    4.33 ^ _1596_/B1 (sky130_fd_sc_hd__a32o_2)
     2    0.05    0.29    0.35    4.69 ^ _1596_/X (sky130_fd_sc_hd__a32o_2)
                                         result[1] (net)
                  0.29    0.01    4.69 ^ result[1] (out)
                                  4.69   data arrival time

                  0.15   10.00   10.00   clock clk (rise edge)
                          0.00   10.00   clock network delay (ideal)
                         -0.25    9.75   clock uncertainty
                          0.00    9.75   clock reconvergence pessimism
                         -2.00    7.75   output external delay
                                  7.75   data required time
-----------------------------------------------------------------------------
                                  7.75   data required time
                                 -4.69   data arrival time
-----------------------------------------------------------------------------
                                  3.06   slack (MET)


Startpoint: control (input port clocked by clk)
Endpoint: _1995_ (rising edge-triggered flip-flop clocked by clk)
Path Group: clk
Path Type: max

Fanout     Cap    Slew   Delay    Time   Description
-----------------------------------------------------------------------------
                  0.15    0.00    0.00   clock clk (rise edge)
                          0.00    0.00   clock network delay (ideal)
                          2.00    2.00 ^ input external delay
     8    0.03    0.14    0.11    2.11 ^ control (in)
                                         control (net)
                  0.14    0.00    2.11 ^ _0991_/D (sky130_fd_sc_hd__and4bb_2)
    10    0.03    0.22    0.40    2.51 ^ _0991_/X (sky130_fd_sc_hd__and4bb_2)
                                         _0271_ (net)
                  0.22    0.00    2.51 ^ _0992_/A (sky130_fd_sc_hd__buf_1)
    10    0.04    0.43    0.41    2.92 ^ _0992_/X (sky130_fd_sc_hd__buf_1)
                                         _0272_ (net)
                  0.43    0.00    2.92 ^ _0993_/A (sky130_fd_sc_hd__buf_1)
    10    0.05    0.55    0.51    3.43 ^ _0993_/X (sky130_fd_sc_hd__buf_1)
                                         _0273_ (net)
                  0.55    0.00    3.43 ^ _0994_/A (sky130_fd_sc_hd__buf_1)
    10    0.06    0.65    0.59    4.02 ^ _0994_/X (sky130_fd_sc_hd__buf_1)
                                         _0274_ (net)
                  0.65    0.00    4.02 ^ _0995_/A (sky130_fd_sc_hd__buf_1)
    10    0.05    0.61    0.57    4.60 ^ _0995_/X (sky130_fd_sc_hd__buf_1)
                                         _0275_ (net)
                  0.61    0.00    4.60 ^ _0996_/A (sky130_fd_sc_hd__buf_1)
    10    0.05    0.59    0.56    5.16 ^ _0996_/X (sky130_fd_sc_hd__buf_1)
                                         _0276_ (net)
                  0.59    0.00    5.16 ^ _0997_/A (sky130_fd_sc_hd__buf_1)
    10    0.04    0.45    0.45    5.61 ^ _0997_/X (sky130_fd_sc_hd__buf_1)
                                         _0277_ (net)
                  0.45    0.00    5.61 ^ _1329_/A2 (sky130_fd_sc_hd__a22o_2)
     2    0.01    0.06    0.25    5.86 ^ _1329_/X (sky130_fd_sc_hd__a22o_2)
                                         _0609_ (net)
                  0.06    0.00    5.86 ^ _1330_/A1 (sky130_fd_sc_hd__mux2_2)
     2    0.01    0.06    0.16    6.02 ^ _1330_/X (sky130_fd_sc_hd__mux2_2)
                                         _0610_ (net)
                  0.06    0.00    6.02 ^ _1401_/A1 (sky130_fd_sc_hd__mux2_2)
     2    0.01    0.06    0.16    6.18 ^ _1401_/X (sky130_fd_sc_hd__mux2_2)
                                         _0679_ (net)
                  0.06    0.00    6.18 ^ _1404_/A0 (sky130_fd_sc_hd__mux2_2)
     3    0.01    0.07    0.18    6.37 ^ _1404_/X (sky130_fd_sc_hd__mux2_2)
                                         _0682_ (net)
                  0.07    0.00    6.37 ^ _1580_/A (sky130_fd_sc_hd__and2_2)
     2    0.01    0.08    0.18    6.55 ^ _1580_/X (sky130_fd_sc_hd__and2_2)
                                         _0834_ (net)
                  0.08    0.00    6.55 ^ _1829_/B1 (sky130_fd_sc_hd__a21o_2)
     1    0.00    0.03    0.09    6.64 ^ _1829_/X (sky130_fd_sc_hd__a21o_2)
                                         _0136_ (net)
                  0.03    0.00    6.64 ^ _1995_/D (sky130_fd_sc_hd__dfrtp_2)
                                  6.64   data arrival time

                  0.15   10.00   10.00   clock clk (rise edge)
                          0.00   10.00   clock network delay (ideal)
                         -0.25    9.75   clock uncertainty
                          0.00    9.75   clock reconvergence pessimism
                                  9.75 ^ _1995_/CLK (sky130_fd_sc_hd__dfrtp_2)
                         -0.04    9.71   library setup time
                                  9.71   data required time
-----------------------------------------------------------------------------
                                  9.71   data required time
                                 -6.64   data arrival time
-----------------------------------------------------------------------------
                                  3.06   slack (MET)


Startpoint: control (input port clocked by clk)
Endpoint: result[0] (output port clocked by clk)
Path Group: clk
Path Type: max

Fanout     Cap    Slew   Delay    Time   Description
-----------------------------------------------------------------------------
                  0.15    0.00    0.00   clock clk (rise edge)
                          0.00    0.00   clock network delay (ideal)
                          2.00    2.00 v input external delay
     8    0.03    0.07    0.05    2.05 v control (in)
                                         control (net)
                  0.07    0.00    2.05 v _1008_/D (sky130_fd_sc_hd__and4b_2)
     2    0.01    0.05    0.26    2.31 v _1008_/X (sky130_fd_sc_hd__and4b_2)
                                         _0288_ (net)
                  0.05    0.00    2.31 v _1009_/A (sky130_fd_sc_hd__buf_1)
    10    0.03    0.18    0.22    2.54 v _1009_/X (sky130_fd_sc_hd__buf_1)
                                         _0289_ (net)
                  0.18    0.00    2.54 v _1036_/B (sky130_fd_sc_hd__and2_2)
     8    0.03    0.09    0.33    2.86 v _1036_/X (sky130_fd_sc_hd__and2_2)
                                         _0316_ (net)
                  0.09    0.00    2.86 v _1037_/B1 (sky130_fd_sc_hd__a211o_2)
     4    0.01    0.08    0.38    3.24 v _1037_/X (sky130_fd_sc_hd__a211o_2)
                                         _0317_ (net)
                  0.08    0.00    3.24 v _1489_/B (sky130_fd_sc_hd__or2_2)
     3    0.01    0.08    0.34    3.58 v _1489_/X (sky130_fd_sc_hd__or2_2)
                                         _0761_ (net)
                  0.08    0.00    3.58 v _1490_/B (sky130_fd_sc_hd__nor2_2)
    10    0.03    0.31    0.28    3.86 ^ _1490_/Y (sky130_fd_sc_hd__nor2_2)
                                         _0762_ (net)
                  0.31    0.00    3.86 ^ _1569_/A (sky130_fd_sc_hd__buf_1)
    10    0.04    0.42    0.41    4.27 ^ _1569_/X (sky130_fd_sc_hd__buf_1)
                                         _0825_ (net)
                  0.42    0.00    4.27 ^ _1599_/A1 (sky130_fd_sc_hd__a21o_2)
     2    0.05    0.24    0.36    4.63 ^ _1599_/X (sky130_fd_sc_hd__a21o_2)
                                         result[0] (net)
                  0.24    0.01    4.64 ^ result[0] (out)
                                  4.64   data arrival time

                  0.15   10.00   10.00   clock clk (rise edge)
                          0.00   10.00   clock network delay (ideal)
                         -0.25    9.75   clock uncertainty
                          0.00    9.75   clock reconvergence pessimism
                         -2.00    7.75   output external delay
                                  7.75   data required time
-----------------------------------------------------------------------------
                                  7.75   data required time
                                 -4.64   data arrival time
-----------------------------------------------------------------------------
                                  3.11   slack (MET)


Startpoint: control (input port clocked by clk)
Endpoint: _1994_ (rising edge-triggered flip-flop clocked by clk)
Path Group: clk
Path Type: max

Fanout     Cap    Slew   Delay    Time   Description
-----------------------------------------------------------------------------
                  0.15    0.00    0.00   clock clk (rise edge)
                          0.00    0.00   clock network delay (ideal)
                          2.00    2.00 v input external delay
     8    0.03    0.07    0.05    2.05 v control (in)
                                         control (net)
                  0.07    0.00    2.05 v _1008_/D (sky130_fd_sc_hd__and4b_2)
     2    0.01    0.05    0.26    2.31 v _1008_/X (sky130_fd_sc_hd__and4b_2)
                                         _0288_ (net)
                  0.05    0.00    2.31 v _1009_/A (sky130_fd_sc_hd__buf_1)
    10    0.03    0.18    0.22    2.54 v _1009_/X (sky130_fd_sc_hd__buf_1)
                                         _0289_ (net)
                  0.18    0.00    2.54 v _1010_/A (sky130_fd_sc_hd__buf_1)
    10    0.04    0.21    0.30    2.84 v _1010_/X (sky130_fd_sc_hd__buf_1)
                                         _0290_ (net)
                  0.21    0.00    2.84 v _1121_/A2 (sky130_fd_sc_hd__a221oi_2)
     8    0.03    0.58    0.64    3.47 ^ _1121_/Y (sky130_fd_sc_hd__a221oi_2)
                                         _0401_ (net)
                  0.58    0.00    3.48 ^ _1374_/S (sky130_fd_sc_hd__mux2_2)
     2    0.00    0.05    0.43    3.90 v _1374_/X (sky130_fd_sc_hd__mux2_2)
                                         _0653_ (net)
                  0.05    0.00    3.90 v _1425_/A1 (sky130_fd_sc_hd__mux2_2)
     2    0.01    0.07    0.30    4.21 v _1425_/X (sky130_fd_sc_hd__mux2_2)
                                         _0702_ (net)
                  0.07    0.00    4.21 v _1426_/A (sky130_fd_sc_hd__inv_2)
     1    0.00    0.02    0.05    4.25 ^ _1426_/Y (sky130_fd_sc_hd__inv_2)
                                         _0703_ (net)
                  0.02    0.00    4.25 ^ _1428_/A0 (sky130_fd_sc_hd__mux2_2)
     3    0.02    0.11    0.20    4.45 ^ _1428_/X (sky130_fd_sc_hd__mux2_2)
                                         _0705_ (net)
                  0.11    0.00    4.45 ^ _1585_/B (sky130_fd_sc_hd__nor2_2)
     2    0.01    0.04    0.06    4.52 v _1585_/Y (sky130_fd_sc_hd__nor2_2)
                                         _0838_ (net)
                  0.04    0.00    4.52 v _1830_/B1 (sky130_fd_sc_hd__a21o_2)
     1    0.00    0.03    0.18    4.70 v _1830_/X (sky130_fd_sc_hd__a21o_2)
                                         _0135_ (net)
                  0.03    0.00    4.70 v _1994_/D (sky130_fd_sc_hd__dfrtp_2)
                                  4.70   data arrival time

                  0.15   10.00   10.00   clock clk (rise edge)
                          0.00   10.00   clock network delay (ideal)
                         -0.25    9.75   clock uncertainty
                          0.00    9.75   clock reconvergence pessimism
                                  9.75 ^ _1994_/CLK (sky130_fd_sc_hd__dfrtp_2)
                         -0.09    9.66   library setup time
                                  9.66   data required time
-----------------------------------------------------------------------------
                                  9.66   data required time
                                 -4.70   data arrival time
-----------------------------------------------------------------------------
                                  4.97   slack (MET)


Startpoint: control (input port clocked by clk)
Endpoint: _1991_ (rising edge-triggered flip-flop clocked by clk)
Path Group: clk
Path Type: max

Fanout     Cap    Slew   Delay    Time   Description
-----------------------------------------------------------------------------
                  0.15    0.00    0.00   clock clk (rise edge)
                          0.00    0.00   clock network delay (ideal)
                          2.00    2.00 ^ input external delay
     8    0.03    0.14    0.11    2.11 ^ control (in)
                                         control (net)
                  0.14    0.00    2.11 ^ _0991_/D (sky130_fd_sc_hd__and4bb_2)
    10    0.03    0.22    0.40    2.51 ^ _0991_/X (sky130_fd_sc_hd__and4bb_2)
                                         _0271_ (net)
                  0.22    0.00    2.51 ^ _0992_/A (sky130_fd_sc_hd__buf_1)
    10    0.04    0.43    0.41    2.92 ^ _0992_/X (sky130_fd_sc_hd__buf_1)
                                         _0272_ (net)
                  0.43    0.00    2.92 ^ _0993_/A (sky130_fd_sc_hd__buf_1)
    10    0.05    0.55    0.51    3.43 ^ _0993_/X (sky130_fd_sc_hd__buf_1)
                                         _0273_ (net)
                  0.55    0.00    3.43 ^ _1122_/A2 (sky130_fd_sc_hd__a22o_2)
     3    0.01    0.07    0.29    3.72 ^ _1122_/X (sky130_fd_sc_hd__a22o_2)
                                         _0402_ (net)
                  0.07    0.00    3.72 ^ _1123_/B (sky130_fd_sc_hd__or2_2)
     5    0.02    0.10    0.17    3.89 ^ _1123_/X (sky130_fd_sc_hd__or2_2)
                                         _0403_ (net)
                  0.10    0.00    3.89 ^ _1325_/B1 (sky130_fd_sc_hd__o21a_2)
     2    0.01    0.06    0.16    4.05 ^ _1325_/X (sky130_fd_sc_hd__o21a_2)
                                         _0605_ (net)
                  0.06    0.00    4.05 ^ _1402_/B (sky130_fd_sc_hd__nand2_2)
     2    0.01    0.13    0.07    4.12 v _1402_/Y (sky130_fd_sc_hd__nand2_2)
                                         _0680_ (net)
                  0.13    0.00    4.12 v _1466_/B (sky130_fd_sc_hd__nor2_2)
     4    0.02    0.20    0.21    4.33 ^ _1466_/Y (sky130_fd_sc_hd__nor2_2)
                                         _0740_ (net)
                  0.20    0.00    4.33 ^ _1833_/B2 (sky130_fd_sc_hd__a22o_2)
     1    0.00    0.04    0.17    4.50 ^ _1833_/X (sky130_fd_sc_hd__a22o_2)
                                         _0132_ (net)
                  0.04    0.00    4.50 ^ _1991_/D (sky130_fd_sc_hd__dfrtp_2)
                                  4.50   data arrival time

                  0.15   10.00   10.00   clock clk (rise edge)
                          0.00   10.00   clock network delay (ideal)
                         -0.25    9.75   clock uncertainty
                          0.00    9.75   clock reconvergence pessimism
                                  9.75 ^ _1991_/CLK (sky130_fd_sc_hd__dfrtp_2)
                         -0.05    9.70   library setup time
                                  9.70   data required time
-----------------------------------------------------------------------------
                                  9.70   data required time
                                 -4.50   data arrival time
-----------------------------------------------------------------------------
                                  5.20   slack (MET)


Startpoint: control (input port clocked by clk)
Endpoint: _1990_ (rising edge-triggered flip-flop clocked by clk)
Path Group: clk
Path Type: max

Fanout     Cap    Slew   Delay    Time   Description
-----------------------------------------------------------------------------
                  0.15    0.00    0.00   clock clk (rise edge)
                          0.00    0.00   clock network delay (ideal)
                          2.00    2.00 v input external delay
     8    0.03    0.07    0.05    2.05 v control (in)
                                         control (net)
                  0.07    0.00    2.05 v _1008_/D (sky130_fd_sc_hd__and4b_2)
     2    0.01    0.05    0.26    2.31 v _1008_/X (sky130_fd_sc_hd__and4b_2)
                                         _0288_ (net)
                  0.05    0.00    2.31 v _1009_/A (sky130_fd_sc_hd__buf_1)
    10    0.03    0.18    0.22    2.54 v _1009_/X (sky130_fd_sc_hd__buf_1)
                                         _0289_ (net)
                  0.18    0.00    2.54 v _1036_/B (sky130_fd_sc_hd__and2_2)
     8    0.03    0.09    0.33    2.86 v _1036_/X (sky130_fd_sc_hd__and2_2)
                                         _0316_ (net)
                  0.09    0.00    2.86 v _1037_/B1 (sky130_fd_sc_hd__a211o_2)
     4    0.01    0.08    0.38    3.24 v _1037_/X (sky130_fd_sc_hd__a211o_2)
                                         _0317_ (net)
                  0.08    0.00    3.24 v _1489_/B (sky130_fd_sc_hd__or2_2)
     3    0.01    0.08    0.34    3.58 v _1489_/X (sky130_fd_sc_hd__or2_2)
                                         _0761_ (net)
                  0.08    0.00    3.58 v _1490_/B (sky130_fd_sc_hd__nor2_2)
    10    0.03    0.31    0.28    3.86 ^ _1490_/Y (sky130_fd_sc_hd__nor2_2)
                                         _0762_ (net)
                  0.31    0.00    3.86 ^ _1569_/A (sky130_fd_sc_hd__buf_1)
    10    0.04    0.42    0.41    4.27 ^ _1569_/X (sky130_fd_sc_hd__buf_1)
                                         _0825_ (net)
                  0.42    0.00    4.27 ^ _1834_/B1 (sky130_fd_sc_hd__a22o_2)
     1    0.00    0.04    0.22    4.48 ^ _1834_/X (sky130_fd_sc_hd__a22o_2)
                                         _0131_ (net)
                  0.04    0.00    4.48 ^ _1990_/D (sky130_fd_sc_hd__dfrtp_2)
                                  4.48   data arrival time

                  0.15   10.00   10.00   clock clk (rise edge)
                          0.00   10.00   clock network delay (ideal)
                         -0.25    9.75   clock uncertainty
                          0.00    9.75   clock reconvergence pessimism
                                  9.75 ^ _1990_/CLK (sky130_fd_sc_hd__dfrtp_2)
                         -0.05    9.70   library setup time
                                  9.70   data required time
-----------------------------------------------------------------------------
                                  9.70   data required time
                                 -4.48   data arrival time
-----------------------------------------------------------------------------
                                  5.22   slack (MET)


Startpoint: control (input port clocked by clk)
Endpoint: _2104_ (rising edge-triggered flip-flop clocked by clk)
Path Group: clk
Path Type: max

Fanout     Cap    Slew   Delay    Time   Description
-----------------------------------------------------------------------------
                  0.15    0.00    0.00   clock clk (rise edge)
                          0.00    0.00   clock network delay (ideal)
                          2.00    2.00 ^ input external delay
     8    0.03    0.14    0.11    2.11 ^ control (in)
                                         control (net)
                  0.14    0.00    2.11 ^ _1032_/C_N (sky130_fd_sc_hd__nor3b_2)
     8    0.03    0.53    0.51    2.62 ^ _1032_/Y (sky130_fd_sc_hd__nor3b_2)
                                         _0312_ (net)
                  0.53    0.00    2.62 ^ _1600_/B (sky130_fd_sc_hd__nand2_2)
     4    0.03    0.16    0.22    2.84 v _1600_/Y (sky130_fd_sc_hd__nand2_2)
                                         _0848_ (net)
                  0.16    0.00    2.84 v _1622_/A (sky130_fd_sc_hd__buf_1)
    10    0.03    0.16    0.25    3.09 v _1622_/X (sky130_fd_sc_hd__buf_1)
                                         _0860_ (net)
                  0.16    0.00    3.09 v _1629_/B (sky130_fd_sc_hd__and2_2)
     1    0.00    0.04    0.24    3.34 v _1629_/X (sky130_fd_sc_hd__and2_2)
                                         _0864_ (net)
                  0.04    0.00    3.34 v _1630_/A (sky130_fd_sc_hd__buf_1)
     1    0.00    0.02    0.08    3.42 v _1630_/X (sky130_fd_sc_hd__buf_1)
                                         _0245_ (net)
                  0.02    0.00    3.42 v _2104_/D (sky130_fd_sc_hd__dfrtp_2)
                                  3.42   data arrival time

                  0.15   10.00   10.00   clock clk (rise edge)
                          0.00   10.00   clock network delay (ideal)
                         -0.25    9.75   clock uncertainty
                          0.00    9.75   clock reconvergence pessimism
                                  9.75 ^ _2104_/CLK (sky130_fd_sc_hd__dfrtp_2)
                         -0.08    9.67   library setup time
                                  9.67   data required time
-----------------------------------------------------------------------------
                                  9.67   data required time
                                 -3.42   data arrival time
-----------------------------------------------------------------------------
                                  6.25   slack (MET)


Startpoint: control (input port clocked by clk)
Endpoint: _2107_ (rising edge-triggered flip-flop clocked by clk)
Path Group: clk
Path Type: max

Fanout     Cap    Slew   Delay    Time   Description
-----------------------------------------------------------------------------
                  0.15    0.00    0.00   clock clk (rise edge)
                          0.00    0.00   clock network delay (ideal)
                          2.00    2.00 ^ input external delay
     8    0.03    0.14    0.11    2.11 ^ control (in)
                                         control (net)
                  0.14    0.00    2.11 ^ _1032_/C_N (sky130_fd_sc_hd__nor3b_2)
     8    0.03    0.53    0.51    2.62 ^ _1032_/Y (sky130_fd_sc_hd__nor3b_2)
                                         _0312_ (net)
                  0.53    0.00    2.62 ^ _1600_/B (sky130_fd_sc_hd__nand2_2)
     4    0.03    0.16    0.22    2.84 v _1600_/Y (sky130_fd_sc_hd__nand2_2)
                                         _0848_ (net)
                  0.16    0.00    2.84 v _1622_/A (sky130_fd_sc_hd__buf_1)
    10    0.03    0.16    0.25    3.09 v _1622_/X (sky130_fd_sc_hd__buf_1)
                                         _0860_ (net)
                  0.16    0.00    3.09 v _1623_/B (sky130_fd_sc_hd__and2_2)
     1    0.00    0.04    0.24    3.34 v _1623_/X (sky130_fd_sc_hd__and2_2)
                                         _0861_ (net)
                  0.04    0.00    3.34 v _1624_/A (sky130_fd_sc_hd__buf_1)
     1    0.00    0.02    0.08    3.42 v _1624_/X (sky130_fd_sc_hd__buf_1)
                                         _0248_ (net)
                  0.02    0.00    3.42 v _2107_/D (sky130_fd_sc_hd__dfrtp_2)
                                  3.42   data arrival time

                  0.15   10.00   10.00   clock clk (rise edge)
                          0.00   10.00   clock network delay (ideal)
                         -0.25    9.75   clock uncertainty
                          0.00    9.75   clock reconvergence pessimism
                                  9.75 ^ _2107_/CLK (sky130_fd_sc_hd__dfrtp_2)
                         -0.08    9.67   library setup time
                                  9.67   data required time
-----------------------------------------------------------------------------
                                  9.67   data required time
                                 -3.42   data arrival time
-----------------------------------------------------------------------------
                                  6.25   slack (MET)


Startpoint: control (input port clocked by clk)
Endpoint: _2106_ (rising edge-triggered flip-flop clocked by clk)
Path Group: clk
Path Type: max

Fanout     Cap    Slew   Delay    Time   Description
-----------------------------------------------------------------------------
                  0.15    0.00    0.00   clock clk (rise edge)
                          0.00    0.00   clock network delay (ideal)
                          2.00    2.00 ^ input external delay
     8    0.03    0.14    0.11    2.11 ^ control (in)
                                         control (net)
                  0.14    0.00    2.11 ^ _1032_/C_N (sky130_fd_sc_hd__nor3b_2)
     8    0.03    0.53    0.51    2.62 ^ _1032_/Y (sky130_fd_sc_hd__nor3b_2)
                                         _0312_ (net)
                  0.53    0.00    2.62 ^ _1600_/B (sky130_fd_sc_hd__nand2_2)
     4    0.03    0.16    0.22    2.84 v _1600_/Y (sky130_fd_sc_hd__nand2_2)
                                         _0848_ (net)
                  0.16    0.00    2.84 v _1622_/A (sky130_fd_sc_hd__buf_1)
    10    0.03    0.16    0.25    3.09 v _1622_/X (sky130_fd_sc_hd__buf_1)
                                         _0860_ (net)
                  0.16    0.00    3.09 v _1625_/B (sky130_fd_sc_hd__and2_2)
     1    0.00    0.04    0.24    3.34 v _1625_/X (sky130_fd_sc_hd__and2_2)
                                         _0862_ (net)
                  0.04    0.00    3.34 v _1626_/A (sky130_fd_sc_hd__buf_1)
     1    0.00    0.02    0.08    3.42 v _1626_/X (sky130_fd_sc_hd__buf_1)
                                         _0247_ (net)
                  0.02    0.00    3.42 v _2106_/D (sky130_fd_sc_hd__dfrtp_2)
                                  3.42   data arrival time

                  0.15   10.00   10.00   clock clk (rise edge)
                          0.00   10.00   clock network delay (ideal)
                         -0.25    9.75   clock uncertainty
                          0.00    9.75   clock reconvergence pessimism
                                  9.75 ^ _2106_/CLK (sky130_fd_sc_hd__dfrtp_2)
                         -0.08    9.67   library setup time
                                  9.67   data required time
-----------------------------------------------------------------------------
                                  9.67   data required time
                                 -3.42   data arrival time
-----------------------------------------------------------------------------
                                  6.25   slack (MET)


Startpoint: control (input port clocked by clk)
Endpoint: _2102_ (rising edge-triggered flip-flop clocked by clk)
Path Group: clk
Path Type: max

Fanout     Cap    Slew   Delay    Time   Description
-----------------------------------------------------------------------------
                  0.15    0.00    0.00   clock clk (rise edge)
                          0.00    0.00   clock network delay (ideal)
                          2.00    2.00 ^ input external delay
     8    0.03    0.14    0.11    2.11 ^ control (in)
                                         control (net)
                  0.14    0.00    2.11 ^ _1032_/C_N (sky130_fd_sc_hd__nor3b_2)
     8    0.03    0.53    0.51    2.62 ^ _1032_/Y (sky130_fd_sc_hd__nor3b_2)
                                         _0312_ (net)
                  0.53    0.00    2.62 ^ _1600_/B (sky130_fd_sc_hd__nand2_2)
     4    0.03    0.16    0.22    2.84 v _1600_/Y (sky130_fd_sc_hd__nand2_2)
                                         _0848_ (net)
                  0.16    0.00    2.84 v _1622_/A (sky130_fd_sc_hd__buf_1)
    10    0.03    0.16    0.25    3.09 v _1622_/X (sky130_fd_sc_hd__buf_1)
                                         _0860_ (net)
                  0.16    0.00    3.09 v _1633_/B (sky130_fd_sc_hd__and2_2)
     1    0.00    0.04    0.24    3.34 v _1633_/X (sky130_fd_sc_hd__and2_2)
                                         _0866_ (net)
                  0.04    0.00    3.34 v _1634_/A (sky130_fd_sc_hd__buf_1)
     1    0.00    0.02    0.08    3.42 v _1634_/X (sky130_fd_sc_hd__buf_1)
                                         _0243_ (net)
                  0.02    0.00    3.42 v _2102_/D (sky130_fd_sc_hd__dfrtp_2)
                                  3.42   data arrival time

                  0.15   10.00   10.00   clock clk (rise edge)
                          0.00   10.00   clock network delay (ideal)
                         -0.25    9.75   clock uncertainty
                          0.00    9.75   clock reconvergence pessimism
                                  9.75 ^ _2102_/CLK (sky130_fd_sc_hd__dfrtp_2)
                         -0.08    9.67   library setup time
                                  9.67   data required time
-----------------------------------------------------------------------------
                                  9.67   data required time
                                 -3.42   data arrival time
-----------------------------------------------------------------------------
                                  6.25   slack (MET)


Startpoint: control (input port clocked by clk)
Endpoint: _2105_ (rising edge-triggered flip-flop clocked by clk)
Path Group: clk
Path Type: max

Fanout     Cap    Slew   Delay    Time   Description
-----------------------------------------------------------------------------
                  0.15    0.00    0.00   clock clk (rise edge)
                          0.00    0.00   clock network delay (ideal)
                          2.00    2.00 ^ input external delay
     8    0.03    0.14    0.11    2.11 ^ control (in)
                                         control (net)
                  0.14    0.00    2.11 ^ _1032_/C_N (sky130_fd_sc_hd__nor3b_2)
     8    0.03    0.53    0.51    2.62 ^ _1032_/Y (sky130_fd_sc_hd__nor3b_2)
                                         _0312_ (net)
                  0.53    0.00    2.62 ^ _1600_/B (sky130_fd_sc_hd__nand2_2)
     4    0.03    0.16    0.22    2.84 v _1600_/Y (sky130_fd_sc_hd__nand2_2)
                                         _0848_ (net)
                  0.16    0.00    2.84 v _1622_/A (sky130_fd_sc_hd__buf_1)
    10    0.03    0.16    0.25    3.09 v _1622_/X (sky130_fd_sc_hd__buf_1)
                                         _0860_ (net)
                  0.16    0.00    3.09 v _1627_/B (sky130_fd_sc_hd__and2_2)
     1    0.00    0.04    0.24    3.34 v _1627_/X (sky130_fd_sc_hd__and2_2)
                                         _0863_ (net)
                  0.04    0.00    3.34 v _1628_/A (sky130_fd_sc_hd__buf_1)
     1    0.00    0.02    0.08    3.42 v _1628_/X (sky130_fd_sc_hd__buf_1)
                                         _0246_ (net)
                  0.02    0.00    3.42 v _2105_/D (sky130_fd_sc_hd__dfrtp_2)
                                  3.42   data arrival time

                  0.15   10.00   10.00   clock clk (rise edge)
                          0.00   10.00   clock network delay (ideal)
                         -0.25    9.75   clock uncertainty
                          0.00    9.75   clock reconvergence pessimism
                                  9.75 ^ _2105_/CLK (sky130_fd_sc_hd__dfrtp_2)
                         -0.08    9.67   library setup time
                                  9.67   data required time
-----------------------------------------------------------------------------
                                  9.67   data required time
                                 -3.42   data arrival time
-----------------------------------------------------------------------------
                                  6.25   slack (MET)


Startpoint: control (input port clocked by clk)
Endpoint: _2098_ (rising edge-triggered flip-flop clocked by clk)
Path Group: clk
Path Type: max

Fanout     Cap    Slew   Delay    Time   Description
-----------------------------------------------------------------------------
                  0.15    0.00    0.00   clock clk (rise edge)
                          0.00    0.00   clock network delay (ideal)
                          2.00    2.00 ^ input external delay
     8    0.03    0.14    0.11    2.11 ^ control (in)
                                         control (net)
                  0.14    0.00    2.11 ^ _1032_/C_N (sky130_fd_sc_hd__nor3b_2)
     8    0.03    0.53    0.51    2.62 ^ _1032_/Y (sky130_fd_sc_hd__nor3b_2)
                                         _0312_ (net)
                  0.53    0.00    2.62 ^ _1600_/B (sky130_fd_sc_hd__nand2_2)
     4    0.03    0.16    0.22    2.84 v _1600_/Y (sky130_fd_sc_hd__nand2_2)
                                         _0848_ (net)
                  0.16    0.00    2.84 v _1622_/A (sky130_fd_sc_hd__buf_1)
    10    0.03    0.16    0.25    3.09 v _1622_/X (sky130_fd_sc_hd__buf_1)
                                         _0860_ (net)
                  0.16    0.00    3.09 v _1641_/B (sky130_fd_sc_hd__and2_2)
     1    0.00    0.04    0.24    3.34 v _1641_/X (sky130_fd_sc_hd__and2_2)
                                         _0870_ (net)
                  0.04    0.00    3.34 v _1642_/A (sky130_fd_sc_hd__buf_1)
     1    0.00    0.02    0.08    3.42 v _1642_/X (sky130_fd_sc_hd__buf_1)
                                         _0239_ (net)
                  0.02    0.00    3.42 v _2098_/D (sky130_fd_sc_hd__dfrtp_2)
                                  3.42   data arrival time

                  0.15   10.00   10.00   clock clk (rise edge)
                          0.00   10.00   clock network delay (ideal)
                         -0.25    9.75   clock uncertainty
                          0.00    9.75   clock reconvergence pessimism
                                  9.75 ^ _2098_/CLK (sky130_fd_sc_hd__dfrtp_2)
                         -0.08    9.67   library setup time
                                  9.67   data required time
-----------------------------------------------------------------------------
                                  9.67   data required time
                                 -3.42   data arrival time
-----------------------------------------------------------------------------
                                  6.25   slack (MET)


Startpoint: control (input port clocked by clk)
Endpoint: _2099_ (rising edge-triggered flip-flop clocked by clk)
Path Group: clk
Path Type: max

Fanout     Cap    Slew   Delay    Time   Description
-----------------------------------------------------------------------------
                  0.15    0.00    0.00   clock clk (rise edge)
                          0.00    0.00   clock network delay (ideal)
                          2.00    2.00 ^ input external delay
     8    0.03    0.14    0.11    2.11 ^ control (in)
                                         control (net)
                  0.14    0.00    2.11 ^ _1032_/C_N (sky130_fd_sc_hd__nor3b_2)
     8    0.03    0.53    0.51    2.62 ^ _1032_/Y (sky130_fd_sc_hd__nor3b_2)
                                         _0312_ (net)
                  0.53    0.00    2.62 ^ _1600_/B (sky130_fd_sc_hd__nand2_2)
     4    0.03    0.16    0.22    2.84 v _1600_/Y (sky130_fd_sc_hd__nand2_2)
                                         _0848_ (net)
                  0.16    0.00    2.84 v _1622_/A (sky130_fd_sc_hd__buf_1)
    10    0.03    0.16    0.25    3.09 v _1622_/X (sky130_fd_sc_hd__buf_1)
                                         _0860_ (net)
                  0.16    0.00    3.09 v _1639_/B (sky130_fd_sc_hd__and2_2)
     1    0.00    0.04    0.24    3.34 v _1639_/X (sky130_fd_sc_hd__and2_2)
                                         _0869_ (net)
                  0.04    0.00    3.34 v _1640_/A (sky130_fd_sc_hd__buf_1)
     1    0.00    0.02    0.08    3.42 v _1640_/X (sky130_fd_sc_hd__buf_1)
                                         _0240_ (net)
                  0.02    0.00    3.42 v _2099_/D (sky130_fd_sc_hd__dfrtp_2)
                                  3.42   data arrival time

                  0.15   10.00   10.00   clock clk (rise edge)
                          0.00   10.00   clock network delay (ideal)
                         -0.25    9.75   clock uncertainty
                          0.00    9.75   clock reconvergence pessimism
                                  9.75 ^ _2099_/CLK (sky130_fd_sc_hd__dfrtp_2)
                         -0.08    9.67   library setup time
                                  9.67   data required time
-----------------------------------------------------------------------------
                                  9.67   data required time
                                 -3.42   data arrival time
-----------------------------------------------------------------------------
                                  6.25   slack (MET)


Startpoint: control (input port clocked by clk)
Endpoint: _2101_ (rising edge-triggered flip-flop clocked by clk)
Path Group: clk
Path Type: max

Fanout     Cap    Slew   Delay    Time   Description
-----------------------------------------------------------------------------
                  0.15    0.00    0.00   clock clk (rise edge)
                          0.00    0.00   clock network delay (ideal)
                          2.00    2.00 ^ input external delay
     8    0.03    0.14    0.11    2.11 ^ control (in)
                                         control (net)
                  0.14    0.00    2.11 ^ _1032_/C_N (sky130_fd_sc_hd__nor3b_2)
     8    0.03    0.53    0.51    2.62 ^ _1032_/Y (sky130_fd_sc_hd__nor3b_2)
                                         _0312_ (net)
                  0.53    0.00    2.62 ^ _1600_/B (sky130_fd_sc_hd__nand2_2)
     4    0.03    0.16    0.22    2.84 v _1600_/Y (sky130_fd_sc_hd__nand2_2)
                                         _0848_ (net)
                  0.16    0.00    2.84 v _1622_/A (sky130_fd_sc_hd__buf_1)
    10    0.03    0.16    0.25    3.09 v _1622_/X (sky130_fd_sc_hd__buf_1)
                                         _0860_ (net)
                  0.16    0.00    3.09 v _1635_/B (sky130_fd_sc_hd__and2_2)
     1    0.00    0.04    0.24    3.34 v _1635_/X (sky130_fd_sc_hd__and2_2)
                                         _0867_ (net)
                  0.04    0.00    3.34 v _1636_/A (sky130_fd_sc_hd__buf_1)
     1    0.00    0.02    0.08    3.42 v _1636_/X (sky130_fd_sc_hd__buf_1)
                                         _0242_ (net)
                  0.02    0.00    3.42 v _2101_/D (sky130_fd_sc_hd__dfrtp_2)
                                  3.42   data arrival time

                  0.15   10.00   10.00   clock clk (rise edge)
                          0.00   10.00   clock network delay (ideal)
                         -0.25    9.75   clock uncertainty
                          0.00    9.75   clock reconvergence pessimism
                                  9.75 ^ _2101_/CLK (sky130_fd_sc_hd__dfrtp_2)
                         -0.08    9.67   library setup time
                                  9.67   data required time
-----------------------------------------------------------------------------
                                  9.67   data required time
                                 -3.42   data arrival time
-----------------------------------------------------------------------------
                                  6.25   slack (MET)


Startpoint: control (input port clocked by clk)
Endpoint: _2103_ (rising edge-triggered flip-flop clocked by clk)
Path Group: clk
Path Type: max

Fanout     Cap    Slew   Delay    Time   Description
-----------------------------------------------------------------------------
                  0.15    0.00    0.00   clock clk (rise edge)
                          0.00    0.00   clock network delay (ideal)
                          2.00    2.00 ^ input external delay
     8    0.03    0.14    0.11    2.11 ^ control (in)
                                         control (net)
                  0.14    0.00    2.11 ^ _1032_/C_N (sky130_fd_sc_hd__nor3b_2)
     8    0.03    0.53    0.51    2.62 ^ _1032_/Y (sky130_fd_sc_hd__nor3b_2)
                                         _0312_ (net)
                  0.53    0.00    2.62 ^ _1600_/B (sky130_fd_sc_hd__nand2_2)
     4    0.03    0.16    0.22    2.84 v _1600_/Y (sky130_fd_sc_hd__nand2_2)
                                         _0848_ (net)
                  0.16    0.00    2.84 v _1622_/A (sky130_fd_sc_hd__buf_1)
    10    0.03    0.16    0.25    3.09 v _1622_/X (sky130_fd_sc_hd__buf_1)
                                         _0860_ (net)
                  0.16    0.00    3.09 v _1631_/B (sky130_fd_sc_hd__and2_2)
     1    0.00    0.04    0.24    3.34 v _1631_/X (sky130_fd_sc_hd__and2_2)
                                         _0865_ (net)
                  0.04    0.00    3.34 v _1632_/A (sky130_fd_sc_hd__buf_1)
     1    0.00    0.02    0.08    3.42 v _1632_/X (sky130_fd_sc_hd__buf_1)
                                         _0244_ (net)
                  0.02    0.00    3.42 v _2103_/D (sky130_fd_sc_hd__dfrtp_2)
                                  3.42   data arrival time

                  0.15   10.00   10.00   clock clk (rise edge)
                          0.00   10.00   clock network delay (ideal)
                         -0.25    9.75   clock uncertainty
                          0.00    9.75   clock reconvergence pessimism
                                  9.75 ^ _2103_/CLK (sky130_fd_sc_hd__dfrtp_2)
                         -0.08    9.67   library setup time
                                  9.67   data required time
-----------------------------------------------------------------------------
                                  9.67   data required time
                                 -3.42   data arrival time
-----------------------------------------------------------------------------
                                  6.25   slack (MET)


Startpoint: control (input port clocked by clk)
Endpoint: _2100_ (rising edge-triggered flip-flop clocked by clk)
Path Group: clk
Path Type: max

Fanout     Cap    Slew   Delay    Time   Description
-----------------------------------------------------------------------------
                  0.15    0.00    0.00   clock clk (rise edge)
                          0.00    0.00   clock network delay (ideal)
                          2.00    2.00 ^ input external delay
     8    0.03    0.14    0.11    2.11 ^ control (in)
                                         control (net)
                  0.14    0.00    2.11 ^ _1032_/C_N (sky130_fd_sc_hd__nor3b_2)
     8    0.03    0.53    0.51    2.62 ^ _1032_/Y (sky130_fd_sc_hd__nor3b_2)
                                         _0312_ (net)
                  0.53    0.00    2.62 ^ _1600_/B (sky130_fd_sc_hd__nand2_2)
     4    0.03    0.16    0.22    2.84 v _1600_/Y (sky130_fd_sc_hd__nand2_2)
                                         _0848_ (net)
                  0.16    0.00    2.84 v _1622_/A (sky130_fd_sc_hd__buf_1)
    10    0.03    0.16    0.25    3.09 v _1622_/X (sky130_fd_sc_hd__buf_1)
                                         _0860_ (net)
                  0.16    0.00    3.09 v _1637_/B (sky130_fd_sc_hd__and2_2)
     1    0.00    0.04    0.24    3.34 v _1637_/X (sky130_fd_sc_hd__and2_2)
                                         _0868_ (net)
                  0.04    0.00    3.34 v _1638_/A (sky130_fd_sc_hd__buf_1)
     1    0.00    0.02    0.08    3.42 v _1638_/X (sky130_fd_sc_hd__buf_1)
                                         _0241_ (net)
                  0.02    0.00    3.42 v _2100_/D (sky130_fd_sc_hd__dfrtp_2)
                                  3.42   data arrival time

                  0.15   10.00   10.00   clock clk (rise edge)
                          0.00   10.00   clock network delay (ideal)
                         -0.25    9.75   clock uncertainty
                          0.00    9.75   clock reconvergence pessimism
                                  9.75 ^ _2100_/CLK (sky130_fd_sc_hd__dfrtp_2)
                         -0.08    9.67   library setup time
                                  9.67   data required time
-----------------------------------------------------------------------------
                                  9.67   data required time
                                 -3.42   data arrival time
-----------------------------------------------------------------------------
                                  6.25   slack (MET)


Startpoint: control (input port clocked by clk)
Endpoint: _2076_ (rising edge-triggered flip-flop clocked by clk)
Path Group: clk
Path Type: max

Fanout     Cap    Slew   Delay    Time   Description
-----------------------------------------------------------------------------
                  0.15    0.00    0.00   clock clk (rise edge)
                          0.00    0.00   clock network delay (ideal)
                          2.00    2.00 ^ input external delay
     8    0.03    0.14    0.11    2.11 ^ control (in)
                                         control (net)
                  0.14    0.00    2.11 ^ _1032_/C_N (sky130_fd_sc_hd__nor3b_2)
     8    0.03    0.53    0.51    2.62 ^ _1032_/Y (sky130_fd_sc_hd__nor3b_2)
                                         _0312_ (net)
                  0.53    0.00    2.62 ^ _1667_/B (sky130_fd_sc_hd__nand2_2)
     3    0.02    0.15    0.20    2.82 v _1667_/Y (sky130_fd_sc_hd__nand2_2)
                                         _0883_ (net)
                  0.15    0.00    2.82 v _1668_/A (sky130_fd_sc_hd__buf_1)
    10    0.03    0.17    0.25    3.08 v _1668_/X (sky130_fd_sc_hd__buf_1)
                                         _0884_ (net)
                  0.17    0.00    3.08 v _1687_/B (sky130_fd_sc_hd__and2_2)
     1    0.00    0.04    0.25    3.33 v _1687_/X (sky130_fd_sc_hd__and2_2)
                                         _0894_ (net)
                  0.04    0.00    3.33 v _1688_/A (sky130_fd_sc_hd__buf_1)
     1    0.00    0.02    0.08    3.41 v _1688_/X (sky130_fd_sc_hd__buf_1)
                                         _0217_ (net)
                  0.02    0.00    3.41 v _2076_/D (sky130_fd_sc_hd__dfrtp_2)
                                  3.41   data arrival time

                  0.15   10.00   10.00   clock clk (rise edge)
                          0.00   10.00   clock network delay (ideal)
                         -0.25    9.75   clock uncertainty
                          0.00    9.75   clock reconvergence pessimism
                                  9.75 ^ _2076_/CLK (sky130_fd_sc_hd__dfrtp_2)
                         -0.08    9.67   library setup time
                                  9.67   data required time
-----------------------------------------------------------------------------
                                  9.67   data required time
                                 -3.41   data arrival time
-----------------------------------------------------------------------------
                                  6.25   slack (MET)


Startpoint: control (input port clocked by clk)
Endpoint: _2078_ (rising edge-triggered flip-flop clocked by clk)
Path Group: clk
Path Type: max

Fanout     Cap    Slew   Delay    Time   Description
-----------------------------------------------------------------------------
                  0.15    0.00    0.00   clock clk (rise edge)
                          0.00    0.00   clock network delay (ideal)
                          2.00    2.00 ^ input external delay
     8    0.03    0.14    0.11    2.11 ^ control (in)
                                         control (net)
                  0.14    0.00    2.11 ^ _1032_/C_N (sky130_fd_sc_hd__nor3b_2)
     8    0.03    0.53    0.51    2.62 ^ _1032_/Y (sky130_fd_sc_hd__nor3b_2)
                                         _0312_ (net)
                  0.53    0.00    2.62 ^ _1667_/B (sky130_fd_sc_hd__nand2_2)
     3    0.02    0.15    0.20    2.82 v _1667_/Y (sky130_fd_sc_hd__nand2_2)
                                         _0883_ (net)
                  0.15    0.00    2.82 v _1668_/A (sky130_fd_sc_hd__buf_1)
    10    0.03    0.17    0.25    3.08 v _1668_/X (sky130_fd_sc_hd__buf_1)
                                         _0884_ (net)
                  0.17    0.00    3.08 v _1683_/B (sky130_fd_sc_hd__and2_2)
     1    0.00    0.04    0.25    3.33 v _1683_/X (sky130_fd_sc_hd__and2_2)
                                         _0892_ (net)
                  0.04    0.00    3.33 v _1684_/A (sky130_fd_sc_hd__buf_1)
     1    0.00    0.02    0.08    3.41 v _1684_/X (sky130_fd_sc_hd__buf_1)
                                         _0219_ (net)
                  0.02    0.00    3.41 v _2078_/D (sky130_fd_sc_hd__dfrtp_2)
                                  3.41   data arrival time

                  0.15   10.00   10.00   clock clk (rise edge)
                          0.00   10.00   clock network delay (ideal)
                         -0.25    9.75   clock uncertainty
                          0.00    9.75   clock reconvergence pessimism
                                  9.75 ^ _2078_/CLK (sky130_fd_sc_hd__dfrtp_2)
                         -0.08    9.67   library setup time
                                  9.67   data required time
-----------------------------------------------------------------------------
                                  9.67   data required time
                                 -3.41   data arrival time
-----------------------------------------------------------------------------
                                  6.26   slack (MET)


Startpoint: control (input port clocked by clk)
Endpoint: _2080_ (rising edge-triggered flip-flop clocked by clk)
Path Group: clk
Path Type: max

Fanout     Cap    Slew   Delay    Time   Description
-----------------------------------------------------------------------------
                  0.15    0.00    0.00   clock clk (rise edge)
                          0.00    0.00   clock network delay (ideal)
                          2.00    2.00 ^ input external delay
     8    0.03    0.14    0.11    2.11 ^ control (in)
                                         control (net)
                  0.14    0.00    2.11 ^ _1032_/C_N (sky130_fd_sc_hd__nor3b_2)
     8    0.03    0.53    0.51    2.62 ^ _1032_/Y (sky130_fd_sc_hd__nor3b_2)
                                         _0312_ (net)
                  0.53    0.00    2.62 ^ _1667_/B (sky130_fd_sc_hd__nand2_2)
     3    0.02    0.15    0.20    2.82 v _1667_/Y (sky130_fd_sc_hd__nand2_2)
                                         _0883_ (net)
                  0.15    0.00    2.82 v _1668_/A (sky130_fd_sc_hd__buf_1)
    10    0.03    0.17    0.25    3.08 v _1668_/X (sky130_fd_sc_hd__buf_1)
                                         _0884_ (net)
                  0.17    0.00    3.08 v _1679_/B (sky130_fd_sc_hd__and2_2)
     1    0.00    0.04    0.25    3.33 v _1679_/X (sky130_fd_sc_hd__and2_2)
                                         _0890_ (net)
                  0.04    0.00    3.33 v _1680_/A (sky130_fd_sc_hd__buf_1)
     1    0.00    0.02    0.08    3.41 v _1680_/X (sky130_fd_sc_hd__buf_1)
                                         _0221_ (net)
                  0.02    0.00    3.41 v _2080_/D (sky130_fd_sc_hd__dfrtp_2)
                                  3.41   data arrival time

                  0.15   10.00   10.00   clock clk (rise edge)
                          0.00   10.00   clock network delay (ideal)
                         -0.25    9.75   clock uncertainty
                          0.00    9.75   clock reconvergence pessimism
                                  9.75 ^ _2080_/CLK (sky130_fd_sc_hd__dfrtp_2)
                         -0.08    9.67   library setup time
                                  9.67   data required time
-----------------------------------------------------------------------------
                                  9.67   data required time
                                 -3.41   data arrival time
-----------------------------------------------------------------------------
                                  6.26   slack (MET)


Startpoint: control (input port clocked by clk)
Endpoint: _2077_ (rising edge-triggered flip-flop clocked by clk)
Path Group: clk
Path Type: max

Fanout     Cap    Slew   Delay    Time   Description
-----------------------------------------------------------------------------
                  0.15    0.00    0.00   clock clk (rise edge)
                          0.00    0.00   clock network delay (ideal)
                          2.00    2.00 ^ input external delay
     8    0.03    0.14    0.11    2.11 ^ control (in)
                                         control (net)
                  0.14    0.00    2.11 ^ _1032_/C_N (sky130_fd_sc_hd__nor3b_2)
     8    0.03    0.53    0.51    2.62 ^ _1032_/Y (sky130_fd_sc_hd__nor3b_2)
                                         _0312_ (net)
                  0.53    0.00    2.62 ^ _1667_/B (sky130_fd_sc_hd__nand2_2)
     3    0.02    0.15    0.20    2.82 v _1667_/Y (sky130_fd_sc_hd__nand2_2)
                                         _0883_ (net)
                  0.15    0.00    2.82 v _1668_/A (sky130_fd_sc_hd__buf_1)
    10    0.03    0.17    0.25    3.08 v _1668_/X (sky130_fd_sc_hd__buf_1)
                                         _0884_ (net)
                  0.17    0.00    3.08 v _1685_/B (sky130_fd_sc_hd__and2_2)
     1    0.00    0.04    0.25    3.33 v _1685_/X (sky130_fd_sc_hd__and2_2)
                                         _0893_ (net)
                  0.04    0.00    3.33 v _1686_/A (sky130_fd_sc_hd__buf_1)
     1    0.00    0.02    0.08    3.41 v _1686_/X (sky130_fd_sc_hd__buf_1)
                                         _0218_ (net)
                  0.02    0.00    3.41 v _2077_/D (sky130_fd_sc_hd__dfrtp_2)
                                  3.41   data arrival time

                  0.15   10.00   10.00   clock clk (rise edge)
                          0.00   10.00   clock network delay (ideal)
                         -0.25    9.75   clock uncertainty
                          0.00    9.75   clock reconvergence pessimism
                                  9.75 ^ _2077_/CLK (sky130_fd_sc_hd__dfrtp_2)
                         -0.08    9.67   library setup time
                                  9.67   data required time
-----------------------------------------------------------------------------
                                  9.67   data required time
                                 -3.41   data arrival time
-----------------------------------------------------------------------------
                                  6.26   slack (MET)


Startpoint: control (input port clocked by clk)
Endpoint: _2081_ (rising edge-triggered flip-flop clocked by clk)
Path Group: clk
Path Type: max

Fanout     Cap    Slew   Delay    Time   Description
-----------------------------------------------------------------------------
                  0.15    0.00    0.00   clock clk (rise edge)
                          0.00    0.00   clock network delay (ideal)
                          2.00    2.00 ^ input external delay
     8    0.03    0.14    0.11    2.11 ^ control (in)
                                         control (net)
                  0.14    0.00    2.11 ^ _1032_/C_N (sky130_fd_sc_hd__nor3b_2)
     8    0.03    0.53    0.51    2.62 ^ _1032_/Y (sky130_fd_sc_hd__nor3b_2)
                                         _0312_ (net)
                  0.53    0.00    2.62 ^ _1667_/B (sky130_fd_sc_hd__nand2_2)
     3    0.02    0.15    0.20    2.82 v _1667_/Y (sky130_fd_sc_hd__nand2_2)
                                         _0883_ (net)
                  0.15    0.00    2.82 v _1668_/A (sky130_fd_sc_hd__buf_1)
    10    0.03    0.17    0.25    3.08 v _1668_/X (sky130_fd_sc_hd__buf_1)
                                         _0884_ (net)
                  0.17    0.00    3.08 v _1677_/B (sky130_fd_sc_hd__and2_2)
     1    0.00    0.04    0.25    3.33 v _1677_/X (sky130_fd_sc_hd__and2_2)
                                         _0889_ (net)
                  0.04    0.00    3.33 v _1678_/A (sky130_fd_sc_hd__buf_1)
     1    0.00    0.02    0.08    3.41 v _1678_/X (sky130_fd_sc_hd__buf_1)
                                         _0222_ (net)
                  0.02    0.00    3.41 v _2081_/D (sky130_fd_sc_hd__dfrtp_2)
                                  3.41   data arrival time

                  0.15   10.00   10.00   clock clk (rise edge)
                          0.00   10.00   clock network delay (ideal)
                         -0.25    9.75   clock uncertainty
                          0.00    9.75   clock reconvergence pessimism
                                  9.75 ^ _2081_/CLK (sky130_fd_sc_hd__dfrtp_2)
                         -0.08    9.67   library setup time
                                  9.67   data required time
-----------------------------------------------------------------------------
                                  9.67   data required time
                                 -3.41   data arrival time
-----------------------------------------------------------------------------
                                  6.26   slack (MET)


Startpoint: control (input port clocked by clk)
Endpoint: _2082_ (rising edge-triggered flip-flop clocked by clk)
Path Group: clk
Path Type: max

Fanout     Cap    Slew   Delay    Time   Description
-----------------------------------------------------------------------------
                  0.15    0.00    0.00   clock clk (rise edge)
                          0.00    0.00   clock network delay (ideal)
                          2.00    2.00 ^ input external delay
     8    0.03    0.14    0.11    2.11 ^ control (in)
                                         control (net)
                  0.14    0.00    2.11 ^ _1032_/C_N (sky130_fd_sc_hd__nor3b_2)
     8    0.03    0.53    0.51    2.62 ^ _1032_/Y (sky130_fd_sc_hd__nor3b_2)
                                         _0312_ (net)
                  0.53    0.00    2.62 ^ _1667_/B (sky130_fd_sc_hd__nand2_2)
     3    0.02    0.15    0.20    2.82 v _1667_/Y (sky130_fd_sc_hd__nand2_2)
                                         _0883_ (net)
                  0.15    0.00    2.82 v _1668_/A (sky130_fd_sc_hd__buf_1)
    10    0.03    0.17    0.25    3.08 v _1668_/X (sky130_fd_sc_hd__buf_1)
                                         _0884_ (net)
                  0.17    0.00    3.08 v _1675_/B (sky130_fd_sc_hd__and2_2)
     1    0.00    0.04    0.25    3.33 v _1675_/X (sky130_fd_sc_hd__and2_2)
                                         _0888_ (net)
                  0.04    0.00    3.33 v _1676_/A (sky130_fd_sc_hd__buf_1)
     1    0.00    0.02    0.08    3.41 v _1676_/X (sky130_fd_sc_hd__buf_1)
                                         _0223_ (net)
                  0.02    0.00    3.41 v _2082_/D (sky130_fd_sc_hd__dfrtp_2)
                                  3.41   data arrival time

                  0.15   10.00   10.00   clock clk (rise edge)
                          0.00   10.00   clock network delay (ideal)
                         -0.25    9.75   clock uncertainty
                          0.00    9.75   clock reconvergence pessimism
                                  9.75 ^ _2082_/CLK (sky130_fd_sc_hd__dfrtp_2)
                         -0.08    9.67   library setup time
                                  9.67   data required time
-----------------------------------------------------------------------------
                                  9.67   data required time
                                 -3.41   data arrival time
-----------------------------------------------------------------------------
                                  6.26   slack (MET)


Startpoint: control (input port clocked by clk)
Endpoint: _2083_ (rising edge-triggered flip-flop clocked by clk)
Path Group: clk
Path Type: max

Fanout     Cap    Slew   Delay    Time   Description
-----------------------------------------------------------------------------
                  0.15    0.00    0.00   clock clk (rise edge)
                          0.00    0.00   clock network delay (ideal)
                          2.00    2.00 ^ input external delay
     8    0.03    0.14    0.11    2.11 ^ control (in)
                                         control (net)
                  0.14    0.00    2.11 ^ _1032_/C_N (sky130_fd_sc_hd__nor3b_2)
     8    0.03    0.53    0.51    2.62 ^ _1032_/Y (sky130_fd_sc_hd__nor3b_2)
                                         _0312_ (net)
                  0.53    0.00    2.62 ^ _1667_/B (sky130_fd_sc_hd__nand2_2)
     3    0.02    0.15    0.20    2.82 v _1667_/Y (sky130_fd_sc_hd__nand2_2)
                                         _0883_ (net)
                  0.15    0.00    2.82 v _1668_/A (sky130_fd_sc_hd__buf_1)
    10    0.03    0.17    0.25    3.08 v _1668_/X (sky130_fd_sc_hd__buf_1)
                                         _0884_ (net)
                  0.17    0.00    3.08 v _1673_/B (sky130_fd_sc_hd__and2_2)
     1    0.00    0.04    0.25    3.33 v _1673_/X (sky130_fd_sc_hd__and2_2)
                                         _0887_ (net)
                  0.04    0.00    3.33 v _1674_/A (sky130_fd_sc_hd__buf_1)
     1    0.00    0.02    0.08    3.41 v _1674_/X (sky130_fd_sc_hd__buf_1)
                                         _0224_ (net)
                  0.02    0.00    3.41 v _2083_/D (sky130_fd_sc_hd__dfrtp_2)
                                  3.41   data arrival time

                  0.15   10.00   10.00   clock clk (rise edge)
                          0.00   10.00   clock network delay (ideal)
                         -0.25    9.75   clock uncertainty
                          0.00    9.75   clock reconvergence pessimism
                                  9.75 ^ _2083_/CLK (sky130_fd_sc_hd__dfrtp_2)
                         -0.08    9.67   library setup time
                                  9.67   data required time
-----------------------------------------------------------------------------
                                  9.67   data required time
                                 -3.41   data arrival time
-----------------------------------------------------------------------------
                                  6.26   slack (MET)


Startpoint: control (input port clocked by clk)
Endpoint: _2079_ (rising edge-triggered flip-flop clocked by clk)
Path Group: clk
Path Type: max

Fanout     Cap    Slew   Delay    Time   Description
-----------------------------------------------------------------------------
                  0.15    0.00    0.00   clock clk (rise edge)
                          0.00    0.00   clock network delay (ideal)
                          2.00    2.00 ^ input external delay
     8    0.03    0.14    0.11    2.11 ^ control (in)
                                         control (net)
                  0.14    0.00    2.11 ^ _1032_/C_N (sky130_fd_sc_hd__nor3b_2)
     8    0.03    0.53    0.51    2.62 ^ _1032_/Y (sky130_fd_sc_hd__nor3b_2)
                                         _0312_ (net)
                  0.53    0.00    2.62 ^ _1667_/B (sky130_fd_sc_hd__nand2_2)
     3    0.02    0.15    0.20    2.82 v _1667_/Y (sky130_fd_sc_hd__nand2_2)
                                         _0883_ (net)
                  0.15    0.00    2.82 v _1668_/A (sky130_fd_sc_hd__buf_1)
    10    0.03    0.17    0.25    3.08 v _1668_/X (sky130_fd_sc_hd__buf_1)
                                         _0884_ (net)
                  0.17    0.00    3.08 v _1681_/B (sky130_fd_sc_hd__and2_2)
     1    0.00    0.04    0.25    3.33 v _1681_/X (sky130_fd_sc_hd__and2_2)
                                         _0891_ (net)
                  0.04    0.00    3.33 v _1682_/A (sky130_fd_sc_hd__buf_1)
     1    0.00    0.02    0.08    3.41 v _1682_/X (sky130_fd_sc_hd__buf_1)
                                         _0220_ (net)
                  0.02    0.00    3.41 v _2079_/D (sky130_fd_sc_hd__dfrtp_2)
                                  3.41   data arrival time

                  0.15   10.00   10.00   clock clk (rise edge)
                          0.00   10.00   clock network delay (ideal)
                         -0.25    9.75   clock uncertainty
                          0.00    9.75   clock reconvergence pessimism
                                  9.75 ^ _2079_/CLK (sky130_fd_sc_hd__dfrtp_2)
                         -0.08    9.67   library setup time
                                  9.67   data required time
-----------------------------------------------------------------------------
                                  9.67   data required time
                                 -3.41   data arrival time
-----------------------------------------------------------------------------
                                  6.26   slack (MET)


Startpoint: control (input port clocked by clk)
Endpoint: _2084_ (rising edge-triggered flip-flop clocked by clk)
Path Group: clk
Path Type: max

Fanout     Cap    Slew   Delay    Time   Description
-----------------------------------------------------------------------------
                  0.15    0.00    0.00   clock clk (rise edge)
                          0.00    0.00   clock network delay (ideal)
                          2.00    2.00 ^ input external delay
     8    0.03    0.14    0.11    2.11 ^ control (in)
                                         control (net)
                  0.14    0.00    2.11 ^ _1032_/C_N (sky130_fd_sc_hd__nor3b_2)
     8    0.03    0.53    0.51    2.62 ^ _1032_/Y (sky130_fd_sc_hd__nor3b_2)
                                         _0312_ (net)
                  0.53    0.00    2.62 ^ _1667_/B (sky130_fd_sc_hd__nand2_2)
     3    0.02    0.15    0.20    2.82 v _1667_/Y (sky130_fd_sc_hd__nand2_2)
                                         _0883_ (net)
                  0.15    0.00    2.82 v _1668_/A (sky130_fd_sc_hd__buf_1)
    10    0.03    0.17    0.25    3.08 v _1668_/X (sky130_fd_sc_hd__buf_1)
                                         _0884_ (net)
                  0.17    0.00    3.08 v _1671_/B (sky130_fd_sc_hd__and2_2)
     1    0.00    0.04    0.25    3.33 v _1671_/X (sky130_fd_sc_hd__and2_2)
                                         _0886_ (net)
                  0.04    0.00    3.33 v _1672_/A (sky130_fd_sc_hd__buf_1)
     1    0.00    0.02    0.08    3.41 v _1672_/X (sky130_fd_sc_hd__buf_1)
                                         _0225_ (net)
                  0.02    0.00    3.41 v _2084_/D (sky130_fd_sc_hd__dfrtp_2)
                                  3.41   data arrival time

                  0.15   10.00   10.00   clock clk (rise edge)
                          0.00   10.00   clock network delay (ideal)
                         -0.25    9.75   clock uncertainty
                          0.00    9.75   clock reconvergence pessimism
                                  9.75 ^ _2084_/CLK (sky130_fd_sc_hd__dfrtp_2)
                         -0.08    9.67   library setup time
                                  9.67   data required time
-----------------------------------------------------------------------------
                                  9.67   data required time
                                 -3.41   data arrival time
-----------------------------------------------------------------------------
                                  6.26   slack (MET)


Startpoint: control (input port clocked by clk)
Endpoint: _2085_ (rising edge-triggered flip-flop clocked by clk)
Path Group: clk
Path Type: max

Fanout     Cap    Slew   Delay    Time   Description
-----------------------------------------------------------------------------
                  0.15    0.00    0.00   clock clk (rise edge)
                          0.00    0.00   clock network delay (ideal)
                          2.00    2.00 ^ input external delay
     8    0.03    0.14    0.11    2.11 ^ control (in)
                                         control (net)
                  0.14    0.00    2.11 ^ _1032_/C_N (sky130_fd_sc_hd__nor3b_2)
     8    0.03    0.53    0.51    2.62 ^ _1032_/Y (sky130_fd_sc_hd__nor3b_2)
                                         _0312_ (net)
                  0.53    0.00    2.62 ^ _1667_/B (sky130_fd_sc_hd__nand2_2)
     3    0.02    0.15    0.20    2.82 v _1667_/Y (sky130_fd_sc_hd__nand2_2)
                                         _0883_ (net)
                  0.15    0.00    2.82 v _1668_/A (sky130_fd_sc_hd__buf_1)
    10    0.03    0.17    0.25    3.08 v _1668_/X (sky130_fd_sc_hd__buf_1)
                                         _0884_ (net)
                  0.17    0.00    3.08 v _1669_/B (sky130_fd_sc_hd__and2_2)
     1    0.00    0.04    0.25    3.33 v _1669_/X (sky130_fd_sc_hd__and2_2)
                                         _0885_ (net)
                  0.04    0.00    3.33 v _1670_/A (sky130_fd_sc_hd__buf_1)
     1    0.00    0.02    0.08    3.41 v _1670_/X (sky130_fd_sc_hd__buf_1)
                                         _0226_ (net)
                  0.02    0.00    3.41 v _2085_/D (sky130_fd_sc_hd__dfrtp_2)
                                  3.41   data arrival time

                  0.15   10.00   10.00   clock clk (rise edge)
                          0.00   10.00   clock network delay (ideal)
                         -0.25    9.75   clock uncertainty
                          0.00    9.75   clock reconvergence pessimism
                                  9.75 ^ _2085_/CLK (sky130_fd_sc_hd__dfrtp_2)
                         -0.08    9.67   library setup time
                                  9.67   data required time
-----------------------------------------------------------------------------
                                  9.67   data required time
                                 -3.41   data arrival time
-----------------------------------------------------------------------------
                                  6.26   slack (MET)


Startpoint: control (input port clocked by clk)
Endpoint: _2115_ (rising edge-triggered flip-flop clocked by clk)
Path Group: clk
Path Type: max

Fanout     Cap    Slew   Delay    Time   Description
-----------------------------------------------------------------------------
                  0.15    0.00    0.00   clock clk (rise edge)
                          0.00    0.00   clock network delay (ideal)
                          2.00    2.00 ^ input external delay
     8    0.03    0.14    0.11    2.11 ^ control (in)
                                         control (net)
                  0.14    0.00    2.11 ^ _1032_/C_N (sky130_fd_sc_hd__nor3b_2)
     8    0.03    0.53    0.51    2.62 ^ _1032_/Y (sky130_fd_sc_hd__nor3b_2)
                                         _0312_ (net)
                  0.53    0.00    2.62 ^ _1600_/B (sky130_fd_sc_hd__nand2_2)
     4    0.03    0.16    0.22    2.84 v _1600_/Y (sky130_fd_sc_hd__nand2_2)
                                         _0848_ (net)
                  0.16    0.00    2.84 v _1601_/A (sky130_fd_sc_hd__buf_1)
    10    0.02    0.15    0.24    3.08 v _1601_/X (sky130_fd_sc_hd__buf_1)
                                         _0849_ (net)
                  0.15    0.00    3.09 v _1606_/B (sky130_fd_sc_hd__and2_2)
     1    0.00    0.04    0.24    3.32 v _1606_/X (sky130_fd_sc_hd__and2_2)
                                         _0852_ (net)
                  0.04    0.00    3.32 v _1607_/A (sky130_fd_sc_hd__buf_1)
     1    0.00    0.02    0.09    3.41 v _1607_/X (sky130_fd_sc_hd__buf_1)
                                         _0256_ (net)
                  0.02    0.00    3.41 v _2115_/D (sky130_fd_sc_hd__dfrtp_2)
                                  3.41   data arrival time

                  0.15   10.00   10.00   clock clk (rise edge)
                          0.00   10.00   clock network delay (ideal)
                         -0.25    9.75   clock uncertainty
                          0.00    9.75   clock reconvergence pessimism
                                  9.75 ^ _2115_/CLK (sky130_fd_sc_hd__dfrtp_2)
                         -0.08    9.67   library setup time
                                  9.67   data required time
-----------------------------------------------------------------------------
                                  9.67   data required time
                                 -3.41   data arrival time
-----------------------------------------------------------------------------
                                  6.26   slack (MET)


Startpoint: control (input port clocked by clk)
Endpoint: _2117_ (rising edge-triggered flip-flop clocked by clk)
Path Group: clk
Path Type: max

Fanout     Cap    Slew   Delay    Time   Description
-----------------------------------------------------------------------------
                  0.15    0.00    0.00   clock clk (rise edge)
                          0.00    0.00   clock network delay (ideal)
                          2.00    2.00 ^ input external delay
     8    0.03    0.14    0.11    2.11 ^ control (in)
                                         control (net)
                  0.14    0.00    2.11 ^ _1032_/C_N (sky130_fd_sc_hd__nor3b_2)
     8    0.03    0.53    0.51    2.62 ^ _1032_/Y (sky130_fd_sc_hd__nor3b_2)
                                         _0312_ (net)
                  0.53    0.00    2.62 ^ _1600_/B (sky130_fd_sc_hd__nand2_2)
     4    0.03    0.16    0.22    2.84 v _1600_/Y (sky130_fd_sc_hd__nand2_2)
                                         _0848_ (net)
                  0.16    0.00    2.84 v _1601_/A (sky130_fd_sc_hd__buf_1)
    10    0.02    0.15    0.24    3.08 v _1601_/X (sky130_fd_sc_hd__buf_1)
                                         _0849_ (net)
                  0.15    0.00    3.09 v _1602_/B (sky130_fd_sc_hd__and2_2)
     1    0.00    0.04    0.24    3.32 v _1602_/X (sky130_fd_sc_hd__and2_2)
                                         _0850_ (net)
                  0.04    0.00    3.32 v _1603_/A (sky130_fd_sc_hd__buf_1)
     1    0.00    0.02    0.09    3.41 v _1603_/X (sky130_fd_sc_hd__buf_1)
                                         _0258_ (net)
                  0.02    0.00    3.41 v _2117_/D (sky130_fd_sc_hd__dfrtp_2)
                                  3.41   data arrival time

                  0.15   10.00   10.00   clock clk (rise edge)
                          0.00   10.00   clock network delay (ideal)
                         -0.25    9.75   clock uncertainty
                          0.00    9.75   clock reconvergence pessimism
                                  9.75 ^ _2117_/CLK (sky130_fd_sc_hd__dfrtp_2)
                         -0.08    9.67   library setup time
                                  9.67   data required time
-----------------------------------------------------------------------------
                                  9.67   data required time
                                 -3.41   data arrival time
-----------------------------------------------------------------------------
                                  6.26   slack (MET)


Startpoint: control (input port clocked by clk)
Endpoint: _2114_ (rising edge-triggered flip-flop clocked by clk)
Path Group: clk
Path Type: max

Fanout     Cap    Slew   Delay    Time   Description
-----------------------------------------------------------------------------
                  0.15    0.00    0.00   clock clk (rise edge)
                          0.00    0.00   clock network delay (ideal)
                          2.00    2.00 ^ input external delay
     8    0.03    0.14    0.11    2.11 ^ control (in)
                                         control (net)
                  0.14    0.00    2.11 ^ _1032_/C_N (sky130_fd_sc_hd__nor3b_2)
     8    0.03    0.53    0.51    2.62 ^ _1032_/Y (sky130_fd_sc_hd__nor3b_2)
                                         _0312_ (net)
                  0.53    0.00    2.62 ^ _1600_/B (sky130_fd_sc_hd__nand2_2)
     4    0.03    0.16    0.22    2.84 v _1600_/Y (sky130_fd_sc_hd__nand2_2)
                                         _0848_ (net)
                  0.16    0.00    2.84 v _1601_/A (sky130_fd_sc_hd__buf_1)
    10    0.02    0.15    0.24    3.08 v _1601_/X (sky130_fd_sc_hd__buf_1)
                                         _0849_ (net)
                  0.15    0.00    3.09 v _1608_/B (sky130_fd_sc_hd__and2_2)
     1    0.00    0.04    0.24    3.32 v _1608_/X (sky130_fd_sc_hd__and2_2)
                                         _0853_ (net)
                  0.04    0.00    3.32 v _1609_/A (sky130_fd_sc_hd__buf_1)
     1    0.00    0.02    0.09    3.41 v _1609_/X (sky130_fd_sc_hd__buf_1)
                                         _0255_ (net)
                  0.02    0.00    3.41 v _2114_/D (sky130_fd_sc_hd__dfrtp_2)
                                  3.41   data arrival time

                  0.15   10.00   10.00   clock clk (rise edge)
                          0.00   10.00   clock network delay (ideal)
                         -0.25    9.75   clock uncertainty
                          0.00    9.75   clock reconvergence pessimism
                                  9.75 ^ _2114_/CLK (sky130_fd_sc_hd__dfrtp_2)
                         -0.08    9.67   library setup time
                                  9.67   data required time
-----------------------------------------------------------------------------
                                  9.67   data required time
                                 -3.41   data arrival time
-----------------------------------------------------------------------------
                                  6.26   slack (MET)


Startpoint: control (input port clocked by clk)
Endpoint: _2116_ (rising edge-triggered flip-flop clocked by clk)
Path Group: clk
Path Type: max

Fanout     Cap    Slew   Delay    Time   Description
-----------------------------------------------------------------------------
                  0.15    0.00    0.00   clock clk (rise edge)
                          0.00    0.00   clock network delay (ideal)
                          2.00    2.00 ^ input external delay
     8    0.03    0.14    0.11    2.11 ^ control (in)
                                         control (net)
                  0.14    0.00    2.11 ^ _1032_/C_N (sky130_fd_sc_hd__nor3b_2)
     8    0.03    0.53    0.51    2.62 ^ _1032_/Y (sky130_fd_sc_hd__nor3b_2)
                                         _0312_ (net)
                  0.53    0.00    2.62 ^ _1600_/B (sky130_fd_sc_hd__nand2_2)
     4    0.03    0.16    0.22    2.84 v _1600_/Y (sky130_fd_sc_hd__nand2_2)
                                         _0848_ (net)
                  0.16    0.00    2.84 v _1601_/A (sky130_fd_sc_hd__buf_1)
    10    0.02    0.15    0.24    3.08 v _1601_/X (sky130_fd_sc_hd__buf_1)
                                         _0849_ (net)
                  0.15    0.00    3.09 v _1604_/B (sky130_fd_sc_hd__and2_2)
     1    0.00    0.04    0.24    3.32 v _1604_/X (sky130_fd_sc_hd__and2_2)
                                         _0851_ (net)
                  0.04    0.00    3.32 v _1605_/A (sky130_fd_sc_hd__buf_1)
     1    0.00    0.02    0.09    3.41 v _1605_/X (sky130_fd_sc_hd__buf_1)
                                         _0257_ (net)
                  0.02    0.00    3.41 v _2116_/D (sky130_fd_sc_hd__dfrtp_2)
                                  3.41   data arrival time

                  0.15   10.00   10.00   clock clk (rise edge)
                          0.00   10.00   clock network delay (ideal)
                         -0.25    9.75   clock uncertainty
                          0.00    9.75   clock reconvergence pessimism
                                  9.75 ^ _2116_/CLK (sky130_fd_sc_hd__dfrtp_2)
                         -0.08    9.67   library setup time
                                  9.67   data required time
-----------------------------------------------------------------------------
                                  9.67   data required time
                                 -3.41   data arrival time
-----------------------------------------------------------------------------
                                  6.26   slack (MET)


Startpoint: control (input port clocked by clk)
Endpoint: _2113_ (rising edge-triggered flip-flop clocked by clk)
Path Group: clk
Path Type: max

Fanout     Cap    Slew   Delay    Time   Description
-----------------------------------------------------------------------------
                  0.15    0.00    0.00   clock clk (rise edge)
                          0.00    0.00   clock network delay (ideal)
                          2.00    2.00 ^ input external delay
     8    0.03    0.14    0.11    2.11 ^ control (in)
                                         control (net)
                  0.14    0.00    2.11 ^ _1032_/C_N (sky130_fd_sc_hd__nor3b_2)
     8    0.03    0.53    0.51    2.62 ^ _1032_/Y (sky130_fd_sc_hd__nor3b_2)
                                         _0312_ (net)
                  0.53    0.00    2.62 ^ _1600_/B (sky130_fd_sc_hd__nand2_2)
     4    0.03    0.16    0.22    2.84 v _1600_/Y (sky130_fd_sc_hd__nand2_2)
                                         _0848_ (net)
                  0.16    0.00    2.84 v _1601_/A (sky130_fd_sc_hd__buf_1)
    10    0.02    0.15    0.24    3.08 v _1601_/X (sky130_fd_sc_hd__buf_1)
                                         _0849_ (net)
                  0.15    0.00    3.08 v _1610_/B (sky130_fd_sc_hd__and2_2)
     1    0.00    0.04    0.24    3.32 v _1610_/X (sky130_fd_sc_hd__and2_2)
                                         _0854_ (net)
                  0.04    0.00    3.32 v _1611_/A (sky130_fd_sc_hd__buf_1)
     1    0.00    0.02    0.09    3.41 v _1611_/X (sky130_fd_sc_hd__buf_1)
                                         _0254_ (net)
                  0.02    0.00    3.41 v _2113_/D (sky130_fd_sc_hd__dfrtp_2)
                                  3.41   data arrival time

                  0.15   10.00   10.00   clock clk (rise edge)
                          0.00   10.00   clock network delay (ideal)
                         -0.25    9.75   clock uncertainty
                          0.00    9.75   clock reconvergence pessimism
                                  9.75 ^ _2113_/CLK (sky130_fd_sc_hd__dfrtp_2)
                         -0.08    9.67   library setup time
                                  9.67   data required time
-----------------------------------------------------------------------------
                                  9.67   data required time
                                 -3.41   data arrival time
-----------------------------------------------------------------------------
                                  6.26   slack (MET)


Startpoint: control (input port clocked by clk)
Endpoint: _2112_ (rising edge-triggered flip-flop clocked by clk)
Path Group: clk
Path Type: max

Fanout     Cap    Slew   Delay    Time   Description
-----------------------------------------------------------------------------
                  0.15    0.00    0.00   clock clk (rise edge)
                          0.00    0.00   clock network delay (ideal)
                          2.00    2.00 ^ input external delay
     8    0.03    0.14    0.11    2.11 ^ control (in)
                                         control (net)
                  0.14    0.00    2.11 ^ _1032_/C_N (sky130_fd_sc_hd__nor3b_2)
     8    0.03    0.53    0.51    2.62 ^ _1032_/Y (sky130_fd_sc_hd__nor3b_2)
                                         _0312_ (net)
                  0.53    0.00    2.62 ^ _1600_/B (sky130_fd_sc_hd__nand2_2)
     4    0.03    0.16    0.22    2.84 v _1600_/Y (sky130_fd_sc_hd__nand2_2)
                                         _0848_ (net)
                  0.16    0.00    2.84 v _1601_/A (sky130_fd_sc_hd__buf_1)
    10    0.02    0.15    0.24    3.08 v _1601_/X (sky130_fd_sc_hd__buf_1)
                                         _0849_ (net)
                  0.15    0.00    3.08 v _1612_/B (sky130_fd_sc_hd__and2_2)
     1    0.00    0.04    0.24    3.32 v _1612_/X (sky130_fd_sc_hd__and2_2)
                                         _0855_ (net)
                  0.04    0.00    3.32 v _1613_/A (sky130_fd_sc_hd__buf_1)
     1    0.00    0.02    0.08    3.41 v _1613_/X (sky130_fd_sc_hd__buf_1)
                                         _0253_ (net)
                  0.02    0.00    3.41 v _2112_/D (sky130_fd_sc_hd__dfrtp_2)
                                  3.41   data arrival time

                  0.15   10.00   10.00   clock clk (rise edge)
                          0.00   10.00   clock network delay (ideal)
                         -0.25    9.75   clock uncertainty
                          0.00    9.75   clock reconvergence pessimism
                                  9.75 ^ _2112_/CLK (sky130_fd_sc_hd__dfrtp_2)
                         -0.08    9.67   library setup time
                                  9.67   data required time
-----------------------------------------------------------------------------
                                  9.67   data required time
                                 -3.41   data arrival time
-----------------------------------------------------------------------------
                                  6.26   slack (MET)


Startpoint: control (input port clocked by clk)
Endpoint: _2110_ (rising edge-triggered flip-flop clocked by clk)
Path Group: clk
Path Type: max

Fanout     Cap    Slew   Delay    Time   Description
-----------------------------------------------------------------------------
                  0.15    0.00    0.00   clock clk (rise edge)
                          0.00    0.00   clock network delay (ideal)
                          2.00    2.00 ^ input external delay
     8    0.03    0.14    0.11    2.11 ^ control (in)
                                         control (net)
                  0.14    0.00    2.11 ^ _1032_/C_N (sky130_fd_sc_hd__nor3b_2)
     8    0.03    0.53    0.51    2.62 ^ _1032_/Y (sky130_fd_sc_hd__nor3b_2)
                                         _0312_ (net)
                  0.53    0.00    2.62 ^ _1600_/B (sky130_fd_sc_hd__nand2_2)
     4    0.03    0.16    0.22    2.84 v _1600_/Y (sky130_fd_sc_hd__nand2_2)
                                         _0848_ (net)
                  0.16    0.00    2.84 v _1601_/A (sky130_fd_sc_hd__buf_1)
    10    0.02    0.15    0.24    3.08 v _1601_/X (sky130_fd_sc_hd__buf_1)
                                         _0849_ (net)
                  0.15    0.00    3.08 v _1616_/B (sky130_fd_sc_hd__and2_2)
     1    0.00    0.04    0.24    3.32 v _1616_/X (sky130_fd_sc_hd__and2_2)
                                         _0857_ (net)
                  0.04    0.00    3.32 v _1617_/A (sky130_fd_sc_hd__buf_1)
     1    0.00    0.02    0.08    3.41 v _1617_/X (sky130_fd_sc_hd__buf_1)
                                         _0251_ (net)
                  0.02    0.00    3.41 v _2110_/D (sky130_fd_sc_hd__dfrtp_2)
                                  3.41   data arrival time

                  0.15   10.00   10.00   clock clk (rise edge)
                          0.00   10.00   clock network delay (ideal)
                         -0.25    9.75   clock uncertainty
                          0.00    9.75   clock reconvergence pessimism
                                  9.75 ^ _2110_/CLK (sky130_fd_sc_hd__dfrtp_2)
                         -0.08    9.67   library setup time
                                  9.67   data required time
-----------------------------------------------------------------------------
                                  9.67   data required time
                                 -3.41   data arrival time
-----------------------------------------------------------------------------
                                  6.26   slack (MET)


Startpoint: control (input port clocked by clk)
Endpoint: _2111_ (rising edge-triggered flip-flop clocked by clk)
Path Group: clk
Path Type: max

Fanout     Cap    Slew   Delay    Time   Description
-----------------------------------------------------------------------------
                  0.15    0.00    0.00   clock clk (rise edge)
                          0.00    0.00   clock network delay (ideal)
                          2.00    2.00 ^ input external delay
     8    0.03    0.14    0.11    2.11 ^ control (in)
                                         control (net)
                  0.14    0.00    2.11 ^ _1032_/C_N (sky130_fd_sc_hd__nor3b_2)
     8    0.03    0.53    0.51    2.62 ^ _1032_/Y (sky130_fd_sc_hd__nor3b_2)
                                         _0312_ (net)
                  0.53    0.00    2.62 ^ _1600_/B (sky130_fd_sc_hd__nand2_2)
     4    0.03    0.16    0.22    2.84 v _1600_/Y (sky130_fd_sc_hd__nand2_2)
                                         _0848_ (net)
                  0.16    0.00    2.84 v _1601_/A (sky130_fd_sc_hd__buf_1)
    10    0.02    0.15    0.24    3.08 v _1601_/X (sky130_fd_sc_hd__buf_1)
                                         _0849_ (net)
                  0.15    0.00    3.08 v _1614_/B (sky130_fd_sc_hd__and2_2)
     1    0.00    0.04    0.24    3.32 v _1614_/X (sky130_fd_sc_hd__and2_2)
                                         _0856_ (net)
                  0.04    0.00    3.32 v _1615_/A (sky130_fd_sc_hd__buf_1)
     1    0.00    0.02    0.08    3.41 v _1615_/X (sky130_fd_sc_hd__buf_1)
                                         _0252_ (net)
                  0.02    0.00    3.41 v _2111_/D (sky130_fd_sc_hd__dfrtp_2)
                                  3.41   data arrival time

                  0.15   10.00   10.00   clock clk (rise edge)
                          0.00   10.00   clock network delay (ideal)
                         -0.25    9.75   clock uncertainty
                          0.00    9.75   clock reconvergence pessimism
                                  9.75 ^ _2111_/CLK (sky130_fd_sc_hd__dfrtp_2)
                         -0.08    9.67   library setup time
                                  9.67   data required time
-----------------------------------------------------------------------------
                                  9.67   data required time
                                 -3.41   data arrival time
-----------------------------------------------------------------------------
                                  6.26   slack (MET)


Startpoint: control (input port clocked by clk)
Endpoint: _2109_ (rising edge-triggered flip-flop clocked by clk)
Path Group: clk
Path Type: max

Fanout     Cap    Slew   Delay    Time   Description
-----------------------------------------------------------------------------
                  0.15    0.00    0.00   clock clk (rise edge)
                          0.00    0.00   clock network delay (ideal)
                          2.00    2.00 ^ input external delay
     8    0.03    0.14    0.11    2.11 ^ control (in)
                                         control (net)
                  0.14    0.00    2.11 ^ _1032_/C_N (sky130_fd_sc_hd__nor3b_2)
     8    0.03    0.53    0.51    2.62 ^ _1032_/Y (sky130_fd_sc_hd__nor3b_2)
                                         _0312_ (net)
                  0.53    0.00    2.62 ^ _1600_/B (sky130_fd_sc_hd__nand2_2)
     4    0.03    0.16    0.22    2.84 v _1600_/Y (sky130_fd_sc_hd__nand2_2)
                                         _0848_ (net)
                  0.16    0.00    2.84 v _1601_/A (sky130_fd_sc_hd__buf_1)
    10    0.02    0.15    0.24    3.08 v _1601_/X (sky130_fd_sc_hd__buf_1)
                                         _0849_ (net)
                  0.15    0.00    3.08 v _1618_/B (sky130_fd_sc_hd__and2_2)
     1    0.00    0.04    0.24    3.32 v _1618_/X (sky130_fd_sc_hd__and2_2)
                                         _0858_ (net)
                  0.04    0.00    3.32 v _1619_/A (sky130_fd_sc_hd__buf_1)
     1    0.00    0.02    0.08    3.41 v _1619_/X (sky130_fd_sc_hd__buf_1)
                                         _0250_ (net)
                  0.02    0.00    3.41 v _2109_/D (sky130_fd_sc_hd__dfrtp_2)
                                  3.41   data arrival time

                  0.15   10.00   10.00   clock clk (rise edge)
                          0.00   10.00   clock network delay (ideal)
                         -0.25    9.75   clock uncertainty
                          0.00    9.75   clock reconvergence pessimism
                                  9.75 ^ _2109_/CLK (sky130_fd_sc_hd__dfrtp_2)
                         -0.08    9.67   library setup time
                                  9.67   data required time
-----------------------------------------------------------------------------
                                  9.67   data required time
                                 -3.41   data arrival time
-----------------------------------------------------------------------------
                                  6.26   slack (MET)


Startpoint: control (input port clocked by clk)
Endpoint: _2108_ (rising edge-triggered flip-flop clocked by clk)
Path Group: clk
Path Type: max

Fanout     Cap    Slew   Delay    Time   Description
-----------------------------------------------------------------------------
                  0.15    0.00    0.00   clock clk (rise edge)
                          0.00    0.00   clock network delay (ideal)
                          2.00    2.00 ^ input external delay
     8    0.03    0.14    0.11    2.11 ^ control (in)
                                         control (net)
                  0.14    0.00    2.11 ^ _1032_/C_N (sky130_fd_sc_hd__nor3b_2)
     8    0.03    0.53    0.51    2.62 ^ _1032_/Y (sky130_fd_sc_hd__nor3b_2)
                                         _0312_ (net)
                  0.53    0.00    2.62 ^ _1600_/B (sky130_fd_sc_hd__nand2_2)
     4    0.03    0.16    0.22    2.84 v _1600_/Y (sky130_fd_sc_hd__nand2_2)
                                         _0848_ (net)
                  0.16    0.00    2.84 v _1601_/A (sky130_fd_sc_hd__buf_1)
    10    0.02    0.15    0.24    3.08 v _1601_/X (sky130_fd_sc_hd__buf_1)
                                         _0849_ (net)
                  0.15    0.00    3.08 v _1620_/B (sky130_fd_sc_hd__and2_2)
     1    0.00    0.04    0.24    3.32 v _1620_/X (sky130_fd_sc_hd__and2_2)
                                         _0859_ (net)
                  0.04    0.00    3.32 v _1621_/A (sky130_fd_sc_hd__buf_1)
     1    0.00    0.02    0.08    3.41 v _1621_/X (sky130_fd_sc_hd__buf_1)
                                         _0249_ (net)
                  0.02    0.00    3.41 v _2108_/D (sky130_fd_sc_hd__dfrtp_2)
                                  3.41   data arrival time

                  0.15   10.00   10.00   clock clk (rise edge)
                          0.00   10.00   clock network delay (ideal)
                         -0.25    9.75   clock uncertainty
                          0.00    9.75   clock reconvergence pessimism
                                  9.75 ^ _2108_/CLK (sky130_fd_sc_hd__dfrtp_2)
                         -0.08    9.67   library setup time
                                  9.67   data required time
-----------------------------------------------------------------------------
                                  9.67   data required time
                                 -3.41   data arrival time
-----------------------------------------------------------------------------
                                  6.26   slack (MET)


Startpoint: control (input port clocked by clk)
Endpoint: _2072_ (rising edge-triggered flip-flop clocked by clk)
Path Group: clk
Path Type: max

Fanout     Cap    Slew   Delay    Time   Description
-----------------------------------------------------------------------------
                  0.15    0.00    0.00   clock clk (rise edge)
                          0.00    0.00   clock network delay (ideal)
                          2.00    2.00 ^ input external delay
     8    0.03    0.14    0.11    2.11 ^ control (in)
                                         control (net)
                  0.14    0.00    2.11 ^ _1032_/C_N (sky130_fd_sc_hd__nor3b_2)
     8    0.03    0.53    0.51    2.62 ^ _1032_/Y (sky130_fd_sc_hd__nor3b_2)
                                         _0312_ (net)
                  0.53    0.00    2.62 ^ _1667_/B (sky130_fd_sc_hd__nand2_2)
     3    0.02    0.15    0.20    2.82 v _1667_/Y (sky130_fd_sc_hd__nand2_2)
                                         _0883_ (net)
                  0.15    0.00    2.82 v _1689_/A (sky130_fd_sc_hd__buf_1)
    10    0.03    0.16    0.25    3.07 v _1689_/X (sky130_fd_sc_hd__buf_1)
                                         _0895_ (net)
                  0.16    0.00    3.07 v _1696_/B (sky130_fd_sc_hd__and2_2)
     1    0.00    0.04    0.25    3.32 v _1696_/X (sky130_fd_sc_hd__and2_2)
                                         _0899_ (net)
                  0.04    0.00    3.32 v _1697_/A (sky130_fd_sc_hd__buf_1)
     1    0.00    0.02    0.08    3.40 v _1697_/X (sky130_fd_sc_hd__buf_1)
                                         _0213_ (net)
                  0.02    0.00    3.40 v _2072_/D (sky130_fd_sc_hd__dfrtp_2)
                                  3.40   data arrival time

                  0.15   10.00   10.00   clock clk (rise edge)
                          0.00   10.00   clock network delay (ideal)
                         -0.25    9.75   clock uncertainty
                          0.00    9.75   clock reconvergence pessimism
                                  9.75 ^ _2072_/CLK (sky130_fd_sc_hd__dfrtp_2)
                         -0.08    9.67   library setup time
                                  9.67   data required time
-----------------------------------------------------------------------------
                                  9.67   data required time
                                 -3.40   data arrival time
-----------------------------------------------------------------------------
                                  6.26   slack (MET)


Startpoint: control (input port clocked by clk)
Endpoint: _2070_ (rising edge-triggered flip-flop clocked by clk)
Path Group: clk
Path Type: max

Fanout     Cap    Slew   Delay    Time   Description
-----------------------------------------------------------------------------
                  0.15    0.00    0.00   clock clk (rise edge)
                          0.00    0.00   clock network delay (ideal)
                          2.00    2.00 ^ input external delay
     8    0.03    0.14    0.11    2.11 ^ control (in)
                                         control (net)
                  0.14    0.00    2.11 ^ _1032_/C_N (sky130_fd_sc_hd__nor3b_2)
     8    0.03    0.53    0.51    2.62 ^ _1032_/Y (sky130_fd_sc_hd__nor3b_2)
                                         _0312_ (net)
                  0.53    0.00    2.62 ^ _1667_/B (sky130_fd_sc_hd__nand2_2)
     3    0.02    0.15    0.20    2.82 v _1667_/Y (sky130_fd_sc_hd__nand2_2)
                                         _0883_ (net)
                  0.15    0.00    2.82 v _1689_/A (sky130_fd_sc_hd__buf_1)
    10    0.03    0.16    0.25    3.07 v _1689_/X (sky130_fd_sc_hd__buf_1)
                                         _0895_ (net)
                  0.16    0.00    3.07 v _1700_/B (sky130_fd_sc_hd__and2_2)
     1    0.00    0.04    0.25    3.32 v _1700_/X (sky130_fd_sc_hd__and2_2)
                                         _0901_ (net)
                  0.04    0.00    3.32 v _1701_/A (sky130_fd_sc_hd__buf_1)
     1    0.00    0.02    0.08    3.40 v _1701_/X (sky130_fd_sc_hd__buf_1)
                                         _0211_ (net)
                  0.02    0.00    3.40 v _2070_/D (sky130_fd_sc_hd__dfrtp_2)
                                  3.40   data arrival time

                  0.15   10.00   10.00   clock clk (rise edge)
                          0.00   10.00   clock network delay (ideal)
                         -0.25    9.75   clock uncertainty
                          0.00    9.75   clock reconvergence pessimism
                                  9.75 ^ _2070_/CLK (sky130_fd_sc_hd__dfrtp_2)
                         -0.08    9.67   library setup time
                                  9.67   data required time
-----------------------------------------------------------------------------
                                  9.67   data required time
                                 -3.40   data arrival time
-----------------------------------------------------------------------------
                                  6.26   slack (MET)


Startpoint: control (input port clocked by clk)
Endpoint: _2074_ (rising edge-triggered flip-flop clocked by clk)
Path Group: clk
Path Type: max

Fanout     Cap    Slew   Delay    Time   Description
-----------------------------------------------------------------------------
                  0.15    0.00    0.00   clock clk (rise edge)
                          0.00    0.00   clock network delay (ideal)
                          2.00    2.00 ^ input external delay
     8    0.03    0.14    0.11    2.11 ^ control (in)
                                         control (net)
                  0.14    0.00    2.11 ^ _1032_/C_N (sky130_fd_sc_hd__nor3b_2)
     8    0.03    0.53    0.51    2.62 ^ _1032_/Y (sky130_fd_sc_hd__nor3b_2)
                                         _0312_ (net)
                  0.53    0.00    2.62 ^ _1667_/B (sky130_fd_sc_hd__nand2_2)
     3    0.02    0.15    0.20    2.82 v _1667_/Y (sky130_fd_sc_hd__nand2_2)
                                         _0883_ (net)
                  0.15    0.00    2.82 v _1689_/A (sky130_fd_sc_hd__buf_1)
    10    0.03    0.16    0.25    3.07 v _1689_/X (sky130_fd_sc_hd__buf_1)
                                         _0895_ (net)
                  0.16    0.00    3.07 v _1692_/B (sky130_fd_sc_hd__and2_2)
     1    0.00    0.04    0.25    3.32 v _1692_/X (sky130_fd_sc_hd__and2_2)
                                         _0897_ (net)
                  0.04    0.00    3.32 v _1693_/A (sky130_fd_sc_hd__buf_1)
     1    0.00    0.02    0.08    3.40 v _1693_/X (sky130_fd_sc_hd__buf_1)
                                         _0215_ (net)
                  0.02    0.00    3.40 v _2074_/D (sky130_fd_sc_hd__dfrtp_2)
                                  3.40   data arrival time

                  0.15   10.00   10.00   clock clk (rise edge)
                          0.00   10.00   clock network delay (ideal)
                         -0.25    9.75   clock uncertainty
                          0.00    9.75   clock reconvergence pessimism
                                  9.75 ^ _2074_/CLK (sky130_fd_sc_hd__dfrtp_2)
                         -0.08    9.67   library setup time
                                  9.67   data required time
-----------------------------------------------------------------------------
                                  9.67   data required time
                                 -3.40   data arrival time
-----------------------------------------------------------------------------
                                  6.26   slack (MET)


Startpoint: control (input port clocked by clk)
Endpoint: _2068_ (rising edge-triggered flip-flop clocked by clk)
Path Group: clk
Path Type: max

Fanout     Cap    Slew   Delay    Time   Description
-----------------------------------------------------------------------------
                  0.15    0.00    0.00   clock clk (rise edge)
                          0.00    0.00   clock network delay (ideal)
                          2.00    2.00 ^ input external delay
     8    0.03    0.14    0.11    2.11 ^ control (in)
                                         control (net)
                  0.14    0.00    2.11 ^ _1032_/C_N (sky130_fd_sc_hd__nor3b_2)
     8    0.03    0.53    0.51    2.62 ^ _1032_/Y (sky130_fd_sc_hd__nor3b_2)
                                         _0312_ (net)
                  0.53    0.00    2.62 ^ _1667_/B (sky130_fd_sc_hd__nand2_2)
     3    0.02    0.15    0.20    2.82 v _1667_/Y (sky130_fd_sc_hd__nand2_2)
                                         _0883_ (net)
                  0.15    0.00    2.82 v _1689_/A (sky130_fd_sc_hd__buf_1)
    10    0.03    0.16    0.25    3.07 v _1689_/X (sky130_fd_sc_hd__buf_1)
                                         _0895_ (net)
                  0.16    0.00    3.07 v _1704_/B (sky130_fd_sc_hd__and2_2)
     1    0.00    0.04    0.25    3.32 v _1704_/X (sky130_fd_sc_hd__and2_2)
                                         _0903_ (net)
                  0.04    0.00    3.32 v _1705_/A (sky130_fd_sc_hd__buf_1)
     1    0.00    0.02    0.08    3.40 v _1705_/X (sky130_fd_sc_hd__buf_1)
                                         _0209_ (net)
                  0.02    0.00    3.40 v _2068_/D (sky130_fd_sc_hd__dfrtp_2)
                                  3.40   data arrival time

                  0.15   10.00   10.00   clock clk (rise edge)
                          0.00   10.00   clock network delay (ideal)
                         -0.25    9.75   clock uncertainty
                          0.00    9.75   clock reconvergence pessimism
                                  9.75 ^ _2068_/CLK (sky130_fd_sc_hd__dfrtp_2)
                         -0.08    9.67   library setup time
                                  9.67   data required time
-----------------------------------------------------------------------------
                                  9.67   data required time
                                 -3.40   data arrival time
-----------------------------------------------------------------------------
                                  6.26   slack (MET)


Startpoint: control (input port clocked by clk)
Endpoint: _2066_ (rising edge-triggered flip-flop clocked by clk)
Path Group: clk
Path Type: max

Fanout     Cap    Slew   Delay    Time   Description
-----------------------------------------------------------------------------
                  0.15    0.00    0.00   clock clk (rise edge)
                          0.00    0.00   clock network delay (ideal)
                          2.00    2.00 ^ input external delay
     8    0.03    0.14    0.11    2.11 ^ control (in)
                                         control (net)
                  0.14    0.00    2.11 ^ _1032_/C_N (sky130_fd_sc_hd__nor3b_2)
     8    0.03    0.53    0.51    2.62 ^ _1032_/Y (sky130_fd_sc_hd__nor3b_2)
                                         _0312_ (net)
                  0.53    0.00    2.62 ^ _1667_/B (sky130_fd_sc_hd__nand2_2)
     3    0.02    0.15    0.20    2.82 v _1667_/Y (sky130_fd_sc_hd__nand2_2)
                                         _0883_ (net)
                  0.15    0.00    2.82 v _1689_/A (sky130_fd_sc_hd__buf_1)
    10    0.03    0.16    0.25    3.07 v _1689_/X (sky130_fd_sc_hd__buf_1)
                                         _0895_ (net)
                  0.16    0.00    3.07 v _1708_/B (sky130_fd_sc_hd__and2_2)
     1    0.00    0.04    0.25    3.32 v _1708_/X (sky130_fd_sc_hd__and2_2)
                                         _0905_ (net)
                  0.04    0.00    3.32 v _1709_/A (sky130_fd_sc_hd__buf_1)
     1    0.00    0.02    0.08    3.40 v _1709_/X (sky130_fd_sc_hd__buf_1)
                                         _0207_ (net)
                  0.02    0.00    3.40 v _2066_/D (sky130_fd_sc_hd__dfrtp_2)
                                  3.40   data arrival time

                  0.15   10.00   10.00   clock clk (rise edge)
                          0.00   10.00   clock network delay (ideal)
                         -0.25    9.75   clock uncertainty
                          0.00    9.75   clock reconvergence pessimism
                                  9.75 ^ _2066_/CLK (sky130_fd_sc_hd__dfrtp_2)
                         -0.08    9.67   library setup time
                                  9.67   data required time
-----------------------------------------------------------------------------
                                  9.67   data required time
                                 -3.40   data arrival time
-----------------------------------------------------------------------------
                                  6.27   slack (MET)


Startpoint: control (input port clocked by clk)
Endpoint: _2067_ (rising edge-triggered flip-flop clocked by clk)
Path Group: clk
Path Type: max

Fanout     Cap    Slew   Delay    Time   Description
-----------------------------------------------------------------------------
                  0.15    0.00    0.00   clock clk (rise edge)
                          0.00    0.00   clock network delay (ideal)
                          2.00    2.00 ^ input external delay
     8    0.03    0.14    0.11    2.11 ^ control (in)
                                         control (net)
                  0.14    0.00    2.11 ^ _1032_/C_N (sky130_fd_sc_hd__nor3b_2)
     8    0.03    0.53    0.51    2.62 ^ _1032_/Y (sky130_fd_sc_hd__nor3b_2)
                                         _0312_ (net)
                  0.53    0.00    2.62 ^ _1667_/B (sky130_fd_sc_hd__nand2_2)
     3    0.02    0.15    0.20    2.82 v _1667_/Y (sky130_fd_sc_hd__nand2_2)
                                         _0883_ (net)
                  0.15    0.00    2.82 v _1689_/A (sky130_fd_sc_hd__buf_1)
    10    0.03    0.16    0.25    3.07 v _1689_/X (sky130_fd_sc_hd__buf_1)
                                         _0895_ (net)
                  0.16    0.00    3.07 v _1706_/B (sky130_fd_sc_hd__and2_2)
     1    0.00    0.04    0.25    3.32 v _1706_/X (sky130_fd_sc_hd__and2_2)
                                         _0904_ (net)
                  0.04    0.00    3.32 v _1707_/A (sky130_fd_sc_hd__buf_1)
     1    0.00    0.02    0.08    3.40 v _1707_/X (sky130_fd_sc_hd__buf_1)
                                         _0208_ (net)
                  0.02    0.00    3.40 v _2067_/D (sky130_fd_sc_hd__dfrtp_2)
                                  3.40   data arrival time

                  0.15   10.00   10.00   clock clk (rise edge)
                          0.00   10.00   clock network delay (ideal)
                         -0.25    9.75   clock uncertainty
                          0.00    9.75   clock reconvergence pessimism
                                  9.75 ^ _2067_/CLK (sky130_fd_sc_hd__dfrtp_2)
                         -0.08    9.67   library setup time
                                  9.67   data required time
-----------------------------------------------------------------------------
                                  9.67   data required time
                                 -3.40   data arrival time
-----------------------------------------------------------------------------
                                  6.27   slack (MET)


Startpoint: control (input port clocked by clk)
Endpoint: _2075_ (rising edge-triggered flip-flop clocked by clk)
Path Group: clk
Path Type: max

Fanout     Cap    Slew   Delay    Time   Description
-----------------------------------------------------------------------------
                  0.15    0.00    0.00   clock clk (rise edge)
                          0.00    0.00   clock network delay (ideal)
                          2.00    2.00 ^ input external delay
     8    0.03    0.14    0.11    2.11 ^ control (in)
                                         control (net)
                  0.14    0.00    2.11 ^ _1032_/C_N (sky130_fd_sc_hd__nor3b_2)
     8    0.03    0.53    0.51    2.62 ^ _1032_/Y (sky130_fd_sc_hd__nor3b_2)
                                         _0312_ (net)
                  0.53    0.00    2.62 ^ _1667_/B (sky130_fd_sc_hd__nand2_2)
     3    0.02    0.15    0.20    2.82 v _1667_/Y (sky130_fd_sc_hd__nand2_2)
                                         _0883_ (net)
                  0.15    0.00    2.82 v _1689_/A (sky130_fd_sc_hd__buf_1)
    10    0.03    0.16    0.25    3.07 v _1689_/X (sky130_fd_sc_hd__buf_1)
                                         _0895_ (net)
                  0.16    0.00    3.07 v _1690_/B (sky130_fd_sc_hd__and2_2)
     1    0.00    0.04    0.24    3.32 v _1690_/X (sky130_fd_sc_hd__and2_2)
                                         _0896_ (net)
                  0.04    0.00    3.32 v _1691_/A (sky130_fd_sc_hd__buf_1)
     1    0.00    0.02    0.08    3.40 v _1691_/X (sky130_fd_sc_hd__buf_1)
                                         _0216_ (net)
                  0.02    0.00    3.40 v _2075_/D (sky130_fd_sc_hd__dfrtp_2)
                                  3.40   data arrival time

                  0.15   10.00   10.00   clock clk (rise edge)
                          0.00   10.00   clock network delay (ideal)
                         -0.25    9.75   clock uncertainty
                          0.00    9.75   clock reconvergence pessimism
                                  9.75 ^ _2075_/CLK (sky130_fd_sc_hd__dfrtp_2)
                         -0.08    9.67   library setup time
                                  9.67   data required time
-----------------------------------------------------------------------------
                                  9.67   data required time
                                 -3.40   data arrival time
-----------------------------------------------------------------------------
                                  6.27   slack (MET)


Startpoint: control (input port clocked by clk)
Endpoint: _2071_ (rising edge-triggered flip-flop clocked by clk)
Path Group: clk
Path Type: max

Fanout     Cap    Slew   Delay    Time   Description
-----------------------------------------------------------------------------
                  0.15    0.00    0.00   clock clk (rise edge)
                          0.00    0.00   clock network delay (ideal)
                          2.00    2.00 ^ input external delay
     8    0.03    0.14    0.11    2.11 ^ control (in)
                                         control (net)
                  0.14    0.00    2.11 ^ _1032_/C_N (sky130_fd_sc_hd__nor3b_2)
     8    0.03    0.53    0.51    2.62 ^ _1032_/Y (sky130_fd_sc_hd__nor3b_2)
                                         _0312_ (net)
                  0.53    0.00    2.62 ^ _1667_/B (sky130_fd_sc_hd__nand2_2)
     3    0.02    0.15    0.20    2.82 v _1667_/Y (sky130_fd_sc_hd__nand2_2)
                                         _0883_ (net)
                  0.15    0.00    2.82 v _1689_/A (sky130_fd_sc_hd__buf_1)
    10    0.03    0.16    0.25    3.07 v _1689_/X (sky130_fd_sc_hd__buf_1)
                                         _0895_ (net)
                  0.16    0.00    3.07 v _1698_/B (sky130_fd_sc_hd__and2_2)
     1    0.00    0.04    0.24    3.32 v _1698_/X (sky130_fd_sc_hd__and2_2)
                                         _0900_ (net)
                  0.04    0.00    3.32 v _1699_/A (sky130_fd_sc_hd__buf_1)
     1    0.00    0.02    0.08    3.40 v _1699_/X (sky130_fd_sc_hd__buf_1)
                                         _0212_ (net)
                  0.02    0.00    3.40 v _2071_/D (sky130_fd_sc_hd__dfrtp_2)
                                  3.40   data arrival time

                  0.15   10.00   10.00   clock clk (rise edge)
                          0.00   10.00   clock network delay (ideal)
                         -0.25    9.75   clock uncertainty
                          0.00    9.75   clock reconvergence pessimism
                                  9.75 ^ _2071_/CLK (sky130_fd_sc_hd__dfrtp_2)
                         -0.08    9.67   library setup time
                                  9.67   data required time
-----------------------------------------------------------------------------
                                  9.67   data required time
                                 -3.40   data arrival time
-----------------------------------------------------------------------------
                                  6.27   slack (MET)


Startpoint: control (input port clocked by clk)
Endpoint: _2069_ (rising edge-triggered flip-flop clocked by clk)
Path Group: clk
Path Type: max

Fanout     Cap    Slew   Delay    Time   Description
-----------------------------------------------------------------------------
                  0.15    0.00    0.00   clock clk (rise edge)
                          0.00    0.00   clock network delay (ideal)
                          2.00    2.00 ^ input external delay
     8    0.03    0.14    0.11    2.11 ^ control (in)
                                         control (net)
                  0.14    0.00    2.11 ^ _1032_/C_N (sky130_fd_sc_hd__nor3b_2)
     8    0.03    0.53    0.51    2.62 ^ _1032_/Y (sky130_fd_sc_hd__nor3b_2)
                                         _0312_ (net)
                  0.53    0.00    2.62 ^ _1667_/B (sky130_fd_sc_hd__nand2_2)
     3    0.02    0.15    0.20    2.82 v _1667_/Y (sky130_fd_sc_hd__nand2_2)
                                         _0883_ (net)
                  0.15    0.00    2.82 v _1689_/A (sky130_fd_sc_hd__buf_1)
    10    0.03    0.16    0.25    3.07 v _1689_/X (sky130_fd_sc_hd__buf_1)
                                         _0895_ (net)
                  0.16    0.00    3.07 v _1702_/B (sky130_fd_sc_hd__and2_2)
     1    0.00    0.04    0.25    3.32 v _1702_/X (sky130_fd_sc_hd__and2_2)
                                         _0902_ (net)
                  0.04    0.00    3.32 v _1703_/A (sky130_fd_sc_hd__buf_1)
     1    0.00    0.02    0.08    3.40 v _1703_/X (sky130_fd_sc_hd__buf_1)
                                         _0210_ (net)
                  0.02    0.00    3.40 v _2069_/D (sky130_fd_sc_hd__dfrtp_2)
                                  3.40   data arrival time

                  0.15   10.00   10.00   clock clk (rise edge)
                          0.00   10.00   clock network delay (ideal)
                         -0.25    9.75   clock uncertainty
                          0.00    9.75   clock reconvergence pessimism
                                  9.75 ^ _2069_/CLK (sky130_fd_sc_hd__dfrtp_2)
                         -0.08    9.67   library setup time
                                  9.67   data required time
-----------------------------------------------------------------------------
                                  9.67   data required time
                                 -3.40   data arrival time
-----------------------------------------------------------------------------
                                  6.27   slack (MET)


Startpoint: control (input port clocked by clk)
Endpoint: _2073_ (rising edge-triggered flip-flop clocked by clk)
Path Group: clk
Path Type: max

Fanout     Cap    Slew   Delay    Time   Description
-----------------------------------------------------------------------------
                  0.15    0.00    0.00   clock clk (rise edge)
                          0.00    0.00   clock network delay (ideal)
                          2.00    2.00 ^ input external delay
     8    0.03    0.14    0.11    2.11 ^ control (in)
                                         control (net)
                  0.14    0.00    2.11 ^ _1032_/C_N (sky130_fd_sc_hd__nor3b_2)
     8    0.03    0.53    0.51    2.62 ^ _1032_/Y (sky130_fd_sc_hd__nor3b_2)
                                         _0312_ (net)
                  0.53    0.00    2.62 ^ _1667_/B (sky130_fd_sc_hd__nand2_2)
     3    0.02    0.15    0.20    2.82 v _1667_/Y (sky130_fd_sc_hd__nand2_2)
                                         _0883_ (net)
                  0.15    0.00    2.82 v _1689_/A (sky130_fd_sc_hd__buf_1)
    10    0.03    0.16    0.25    3.07 v _1689_/X (sky130_fd_sc_hd__buf_1)
                                         _0895_ (net)
                  0.16    0.00    3.07 v _1694_/B (sky130_fd_sc_hd__and2_2)
     1    0.00    0.04    0.25    3.32 v _1694_/X (sky130_fd_sc_hd__and2_2)
                                         _0898_ (net)
                  0.04    0.00    3.32 v _1695_/A (sky130_fd_sc_hd__buf_1)
     1    0.00    0.02    0.08    3.40 v _1695_/X (sky130_fd_sc_hd__buf_1)
                                         _0214_ (net)
                  0.02    0.00    3.40 v _2073_/D (sky130_fd_sc_hd__dfrtp_2)
                                  3.40   data arrival time

                  0.15   10.00   10.00   clock clk (rise edge)
                          0.00   10.00   clock network delay (ideal)
                         -0.25    9.75   clock uncertainty
                          0.00    9.75   clock reconvergence pessimism
                                  9.75 ^ _2073_/CLK (sky130_fd_sc_hd__dfrtp_2)
                         -0.08    9.67   library setup time
                                  9.67   data required time
-----------------------------------------------------------------------------
                                  9.67   data required time
                                 -3.40   data arrival time
-----------------------------------------------------------------------------
                                  6.27   slack (MET)


Startpoint: control (input port clocked by clk)
Endpoint: _2088_ (rising edge-triggered flip-flop clocked by clk)
Path Group: clk
Path Type: max

Fanout     Cap    Slew   Delay    Time   Description
-----------------------------------------------------------------------------
                  0.15    0.00    0.00   clock clk (rise edge)
                          0.00    0.00   clock network delay (ideal)
                          2.00    2.00 ^ input external delay
     8    0.03    0.14    0.11    2.11 ^ control (in)
                                         control (net)
                  0.14    0.00    2.11 ^ _1032_/C_N (sky130_fd_sc_hd__nor3b_2)
     8    0.03    0.53    0.51    2.62 ^ _1032_/Y (sky130_fd_sc_hd__nor3b_2)
                                         _0312_ (net)
                  0.53    0.00    2.62 ^ _1600_/B (sky130_fd_sc_hd__nand2_2)
     4    0.03    0.16    0.22    2.84 v _1600_/Y (sky130_fd_sc_hd__nand2_2)
                                         _0848_ (net)
                  0.16    0.00    2.84 v _1643_/A (sky130_fd_sc_hd__buf_1)
    10    0.02    0.13    0.23    3.07 v _1643_/X (sky130_fd_sc_hd__buf_1)
                                         _0871_ (net)
                  0.13    0.00    3.07 v _1662_/B (sky130_fd_sc_hd__and2_2)
     1    0.00    0.04    0.23    3.30 v _1662_/X (sky130_fd_sc_hd__and2_2)
                                         _0881_ (net)
                  0.04    0.00    3.30 v _1663_/A (sky130_fd_sc_hd__buf_1)
     1    0.00    0.02    0.08    3.39 v _1663_/X (sky130_fd_sc_hd__buf_1)
                                         _0229_ (net)
                  0.02    0.00    3.39 v _2088_/D (sky130_fd_sc_hd__dfrtp_2)
                                  3.39   data arrival time

                  0.15   10.00   10.00   clock clk (rise edge)
                          0.00   10.00   clock network delay (ideal)
                         -0.25    9.75   clock uncertainty
                          0.00    9.75   clock reconvergence pessimism
                                  9.75 ^ _2088_/CLK (sky130_fd_sc_hd__dfrtp_2)
                         -0.08    9.67   library setup time
                                  9.67   data required time
-----------------------------------------------------------------------------
                                  9.67   data required time
                                 -3.39   data arrival time
-----------------------------------------------------------------------------
                                  6.28   slack (MET)


Startpoint: control (input port clocked by clk)
Endpoint: _2094_ (rising edge-triggered flip-flop clocked by clk)
Path Group: clk
Path Type: max

Fanout     Cap    Slew   Delay    Time   Description
-----------------------------------------------------------------------------
                  0.15    0.00    0.00   clock clk (rise edge)
                          0.00    0.00   clock network delay (ideal)
                          2.00    2.00 ^ input external delay
     8    0.03    0.14    0.11    2.11 ^ control (in)
                                         control (net)
                  0.14    0.00    2.11 ^ _1032_/C_N (sky130_fd_sc_hd__nor3b_2)
     8    0.03    0.53    0.51    2.62 ^ _1032_/Y (sky130_fd_sc_hd__nor3b_2)
                                         _0312_ (net)
                  0.53    0.00    2.62 ^ _1600_/B (sky130_fd_sc_hd__nand2_2)
     4    0.03    0.16    0.22    2.84 v _1600_/Y (sky130_fd_sc_hd__nand2_2)
                                         _0848_ (net)
                  0.16    0.00    2.84 v _1643_/A (sky130_fd_sc_hd__buf_1)
    10    0.02    0.13    0.23    3.07 v _1643_/X (sky130_fd_sc_hd__buf_1)
                                         _0871_ (net)
                  0.13    0.00    3.07 v _1650_/B (sky130_fd_sc_hd__and2_2)
     1    0.00    0.04    0.23    3.30 v _1650_/X (sky130_fd_sc_hd__and2_2)
                                         _0875_ (net)
                  0.04    0.00    3.30 v _1651_/A (sky130_fd_sc_hd__buf_1)
     1    0.00    0.02    0.08    3.39 v _1651_/X (sky130_fd_sc_hd__buf_1)
                                         _0235_ (net)
                  0.02    0.00    3.39 v _2094_/D (sky130_fd_sc_hd__dfrtp_2)
                                  3.39   data arrival time

                  0.15   10.00   10.00   clock clk (rise edge)
                          0.00   10.00   clock network delay (ideal)
                         -0.25    9.75   clock uncertainty
                          0.00    9.75   clock reconvergence pessimism
                                  9.75 ^ _2094_/CLK (sky130_fd_sc_hd__dfrtp_2)
                         -0.08    9.67   library setup time
                                  9.67   data required time
-----------------------------------------------------------------------------
                                  9.67   data required time
                                 -3.39   data arrival time
-----------------------------------------------------------------------------
                                  6.28   slack (MET)


Startpoint: control (input port clocked by clk)
Endpoint: _2092_ (rising edge-triggered flip-flop clocked by clk)
Path Group: clk
Path Type: max

Fanout     Cap    Slew   Delay    Time   Description
-----------------------------------------------------------------------------
                  0.15    0.00    0.00   clock clk (rise edge)
                          0.00    0.00   clock network delay (ideal)
                          2.00    2.00 ^ input external delay
     8    0.03    0.14    0.11    2.11 ^ control (in)
                                         control (net)
                  0.14    0.00    2.11 ^ _1032_/C_N (sky130_fd_sc_hd__nor3b_2)
     8    0.03    0.53    0.51    2.62 ^ _1032_/Y (sky130_fd_sc_hd__nor3b_2)
                                         _0312_ (net)
                  0.53    0.00    2.62 ^ _1600_/B (sky130_fd_sc_hd__nand2_2)
     4    0.03    0.16    0.22    2.84 v _1600_/Y (sky130_fd_sc_hd__nand2_2)
                                         _0848_ (net)
                  0.16    0.00    2.84 v _1643_/A (sky130_fd_sc_hd__buf_1)
    10    0.02    0.13    0.23    3.07 v _1643_/X (sky130_fd_sc_hd__buf_1)
                                         _0871_ (net)
                  0.13    0.00    3.07 v _1654_/B (sky130_fd_sc_hd__and2_2)
     1    0.00    0.04    0.23    3.30 v _1654_/X (sky130_fd_sc_hd__and2_2)
                                         _0877_ (net)
                  0.04    0.00    3.30 v _1655_/A (sky130_fd_sc_hd__buf_1)
     1    0.00    0.02    0.08    3.39 v _1655_/X (sky130_fd_sc_hd__buf_1)
                                         _0233_ (net)
                  0.02    0.00    3.39 v _2092_/D (sky130_fd_sc_hd__dfrtp_2)
                                  3.39   data arrival time

                  0.15   10.00   10.00   clock clk (rise edge)
                          0.00   10.00   clock network delay (ideal)
                         -0.25    9.75   clock uncertainty
                          0.00    9.75   clock reconvergence pessimism
                                  9.75 ^ _2092_/CLK (sky130_fd_sc_hd__dfrtp_2)
                         -0.08    9.67   library setup time
                                  9.67   data required time
-----------------------------------------------------------------------------
                                  9.67   data required time
                                 -3.39   data arrival time
-----------------------------------------------------------------------------
                                  6.28   slack (MET)


Startpoint: control (input port clocked by clk)
Endpoint: _2089_ (rising edge-triggered flip-flop clocked by clk)
Path Group: clk
Path Type: max

Fanout     Cap    Slew   Delay    Time   Description
-----------------------------------------------------------------------------
                  0.15    0.00    0.00   clock clk (rise edge)
                          0.00    0.00   clock network delay (ideal)
                          2.00    2.00 ^ input external delay
     8    0.03    0.14    0.11    2.11 ^ control (in)
                                         control (net)
                  0.14    0.00    2.11 ^ _1032_/C_N (sky130_fd_sc_hd__nor3b_2)
     8    0.03    0.53    0.51    2.62 ^ _1032_/Y (sky130_fd_sc_hd__nor3b_2)
                                         _0312_ (net)
                  0.53    0.00    2.62 ^ _1600_/B (sky130_fd_sc_hd__nand2_2)
     4    0.03    0.16    0.22    2.84 v _1600_/Y (sky130_fd_sc_hd__nand2_2)
                                         _0848_ (net)
                  0.16    0.00    2.84 v _1643_/A (sky130_fd_sc_hd__buf_1)
    10    0.02    0.13    0.23    3.07 v _1643_/X (sky130_fd_sc_hd__buf_1)
                                         _0871_ (net)
                  0.13    0.00    3.07 v _1660_/B (sky130_fd_sc_hd__and2_2)
     1    0.00    0.04    0.23    3.30 v _1660_/X (sky130_fd_sc_hd__and2_2)
                                         _0880_ (net)
                  0.04    0.00    3.30 v _1661_/A (sky130_fd_sc_hd__buf_1)
     1    0.00    0.02    0.08    3.39 v _1661_/X (sky130_fd_sc_hd__buf_1)
                                         _0230_ (net)
                  0.02    0.00    3.39 v _2089_/D (sky130_fd_sc_hd__dfrtp_2)
                                  3.39   data arrival time

                  0.15   10.00   10.00   clock clk (rise edge)
                          0.00   10.00   clock network delay (ideal)
                         -0.25    9.75   clock uncertainty
                          0.00    9.75   clock reconvergence pessimism
                                  9.75 ^ _2089_/CLK (sky130_fd_sc_hd__dfrtp_2)
                         -0.08    9.67   library setup time
                                  9.67   data required time
-----------------------------------------------------------------------------
                                  9.67   data required time
                                 -3.39   data arrival time
-----------------------------------------------------------------------------
                                  6.28   slack (MET)


Startpoint: control (input port clocked by clk)
Endpoint: _2091_ (rising edge-triggered flip-flop clocked by clk)
Path Group: clk
Path Type: max

Fanout     Cap    Slew   Delay    Time   Description
-----------------------------------------------------------------------------
                  0.15    0.00    0.00   clock clk (rise edge)
                          0.00    0.00   clock network delay (ideal)
                          2.00    2.00 ^ input external delay
     8    0.03    0.14    0.11    2.11 ^ control (in)
                                         control (net)
                  0.14    0.00    2.11 ^ _1032_/C_N (sky130_fd_sc_hd__nor3b_2)
     8    0.03    0.53    0.51    2.62 ^ _1032_/Y (sky130_fd_sc_hd__nor3b_2)
                                         _0312_ (net)
                  0.53    0.00    2.62 ^ _1600_/B (sky130_fd_sc_hd__nand2_2)
     4    0.03    0.16    0.22    2.84 v _1600_/Y (sky130_fd_sc_hd__nand2_2)
                                         _0848_ (net)
                  0.16    0.00    2.84 v _1643_/A (sky130_fd_sc_hd__buf_1)
    10    0.02    0.13    0.23    3.07 v _1643_/X (sky130_fd_sc_hd__buf_1)
                                         _0871_ (net)
                  0.13    0.00    3.07 v _1656_/B (sky130_fd_sc_hd__and2_2)
     1    0.00    0.04    0.23    3.30 v _1656_/X (sky130_fd_sc_hd__and2_2)
                                         _0878_ (net)
                  0.04    0.00    3.30 v _1657_/A (sky130_fd_sc_hd__buf_1)
     1    0.00    0.02    0.08    3.39 v _1657_/X (sky130_fd_sc_hd__buf_1)
                                         _0232_ (net)
                  0.02    0.00    3.39 v _2091_/D (sky130_fd_sc_hd__dfrtp_2)
                                  3.39   data arrival time

                  0.15   10.00   10.00   clock clk (rise edge)
                          0.00   10.00   clock network delay (ideal)
                         -0.25    9.75   clock uncertainty
                          0.00    9.75   clock reconvergence pessimism
                                  9.75 ^ _2091_/CLK (sky130_fd_sc_hd__dfrtp_2)
                         -0.08    9.67   library setup time
                                  9.67   data required time
-----------------------------------------------------------------------------
                                  9.67   data required time
                                 -3.39   data arrival time
-----------------------------------------------------------------------------
                                  6.28   slack (MET)


Startpoint: control (input port clocked by clk)
Endpoint: _2095_ (rising edge-triggered flip-flop clocked by clk)
Path Group: clk
Path Type: max

Fanout     Cap    Slew   Delay    Time   Description
-----------------------------------------------------------------------------
                  0.15    0.00    0.00   clock clk (rise edge)
                          0.00    0.00   clock network delay (ideal)
                          2.00    2.00 ^ input external delay
     8    0.03    0.14    0.11    2.11 ^ control (in)
                                         control (net)
                  0.14    0.00    2.11 ^ _1032_/C_N (sky130_fd_sc_hd__nor3b_2)
     8    0.03    0.53    0.51    2.62 ^ _1032_/Y (sky130_fd_sc_hd__nor3b_2)
                                         _0312_ (net)
                  0.53    0.00    2.62 ^ _1600_/B (sky130_fd_sc_hd__nand2_2)
     4    0.03    0.16    0.22    2.84 v _1600_/Y (sky130_fd_sc_hd__nand2_2)
                                         _0848_ (net)
                  0.16    0.00    2.84 v _1643_/A (sky130_fd_sc_hd__buf_1)
    10    0.02    0.13    0.23    3.07 v _1643_/X (sky130_fd_sc_hd__buf_1)
                                         _0871_ (net)
                  0.13    0.00    3.07 v _1648_/B (sky130_fd_sc_hd__and2_2)
     1    0.00    0.04    0.23    3.30 v _1648_/X (sky130_fd_sc_hd__and2_2)
                                         _0874_ (net)
                  0.04    0.00    3.30 v _1649_/A (sky130_fd_sc_hd__buf_1)
     1    0.00    0.02    0.08    3.39 v _1649_/X (sky130_fd_sc_hd__buf_1)
                                         _0236_ (net)
                  0.02    0.00    3.39 v _2095_/D (sky130_fd_sc_hd__dfrtp_2)
                                  3.39   data arrival time

                  0.15   10.00   10.00   clock clk (rise edge)
                          0.00   10.00   clock network delay (ideal)
                         -0.25    9.75   clock uncertainty
                          0.00    9.75   clock reconvergence pessimism
                                  9.75 ^ _2095_/CLK (sky130_fd_sc_hd__dfrtp_2)
                         -0.08    9.67   library setup time
                                  9.67   data required time
-----------------------------------------------------------------------------
                                  9.67   data required time
                                 -3.39   data arrival time
-----------------------------------------------------------------------------
                                  6.28   slack (MET)


Startpoint: control (input port clocked by clk)
Endpoint: _2093_ (rising edge-triggered flip-flop clocked by clk)
Path Group: clk
Path Type: max

Fanout     Cap    Slew   Delay    Time   Description
-----------------------------------------------------------------------------
                  0.15    0.00    0.00   clock clk (rise edge)
                          0.00    0.00   clock network delay (ideal)
                          2.00    2.00 ^ input external delay
     8    0.03    0.14    0.11    2.11 ^ control (in)
                                         control (net)
                  0.14    0.00    2.11 ^ _1032_/C_N (sky130_fd_sc_hd__nor3b_2)
     8    0.03    0.53    0.51    2.62 ^ _1032_/Y (sky130_fd_sc_hd__nor3b_2)
                                         _0312_ (net)
                  0.53    0.00    2.62 ^ _1600_/B (sky130_fd_sc_hd__nand2_2)
     4    0.03    0.16    0.22    2.84 v _1600_/Y (sky130_fd_sc_hd__nand2_2)
                                         _0848_ (net)
                  0.16    0.00    2.84 v _1643_/A (sky130_fd_sc_hd__buf_1)
    10    0.02    0.13    0.23    3.07 v _1643_/X (sky130_fd_sc_hd__buf_1)
                                         _0871_ (net)
                  0.13    0.00    3.07 v _1652_/B (sky130_fd_sc_hd__and2_2)
     1    0.00    0.04    0.23    3.30 v _1652_/X (sky130_fd_sc_hd__and2_2)
                                         _0876_ (net)
                  0.04    0.00    3.30 v _1653_/A (sky130_fd_sc_hd__buf_1)
     1    0.00    0.02    0.08    3.39 v _1653_/X (sky130_fd_sc_hd__buf_1)
                                         _0234_ (net)
                  0.02    0.00    3.39 v _2093_/D (sky130_fd_sc_hd__dfrtp_2)
                                  3.39   data arrival time

                  0.15   10.00   10.00   clock clk (rise edge)
                          0.00   10.00   clock network delay (ideal)
                         -0.25    9.75   clock uncertainty
                          0.00    9.75   clock reconvergence pessimism
                                  9.75 ^ _2093_/CLK (sky130_fd_sc_hd__dfrtp_2)
                         -0.08    9.67   library setup time
                                  9.67   data required time
-----------------------------------------------------------------------------
                                  9.67   data required time
                                 -3.39   data arrival time
-----------------------------------------------------------------------------
                                  6.28   slack (MET)


Startpoint: control (input port clocked by clk)
Endpoint: _2090_ (rising edge-triggered flip-flop clocked by clk)
Path Group: clk
Path Type: max

Fanout     Cap    Slew   Delay    Time   Description
-----------------------------------------------------------------------------
                  0.15    0.00    0.00   clock clk (rise edge)
                          0.00    0.00   clock network delay (ideal)
                          2.00    2.00 ^ input external delay
     8    0.03    0.14    0.11    2.11 ^ control (in)
                                         control (net)
                  0.14    0.00    2.11 ^ _1032_/C_N (sky130_fd_sc_hd__nor3b_2)
     8    0.03    0.53    0.51    2.62 ^ _1032_/Y (sky130_fd_sc_hd__nor3b_2)
                                         _0312_ (net)
                  0.53    0.00    2.62 ^ _1600_/B (sky130_fd_sc_hd__nand2_2)
     4    0.03    0.16    0.22    2.84 v _1600_/Y (sky130_fd_sc_hd__nand2_2)
                                         _0848_ (net)
                  0.16    0.00    2.84 v _1643_/A (sky130_fd_sc_hd__buf_1)
    10    0.02    0.13    0.23    3.07 v _1643_/X (sky130_fd_sc_hd__buf_1)
                                         _0871_ (net)
                  0.13    0.00    3.07 v _1658_/B (sky130_fd_sc_hd__and2_2)
     1    0.00    0.04    0.23    3.30 v _1658_/X (sky130_fd_sc_hd__and2_2)
                                         _0879_ (net)
                  0.04    0.00    3.30 v _1659_/A (sky130_fd_sc_hd__buf_1)
     1    0.00    0.02    0.08    3.39 v _1659_/X (sky130_fd_sc_hd__buf_1)
                                         _0231_ (net)
                  0.02    0.00    3.39 v _2090_/D (sky130_fd_sc_hd__dfrtp_2)
                                  3.39   data arrival time

                  0.15   10.00   10.00   clock clk (rise edge)
                          0.00   10.00   clock network delay (ideal)
                         -0.25    9.75   clock uncertainty
                          0.00    9.75   clock reconvergence pessimism
                                  9.75 ^ _2090_/CLK (sky130_fd_sc_hd__dfrtp_2)
                         -0.08    9.67   library setup time
                                  9.67   data required time
-----------------------------------------------------------------------------
                                  9.67   data required time
                                 -3.39   data arrival time
-----------------------------------------------------------------------------
                                  6.28   slack (MET)


Startpoint: control (input port clocked by clk)
Endpoint: _2096_ (rising edge-triggered flip-flop clocked by clk)
Path Group: clk
Path Type: max

Fanout     Cap    Slew   Delay    Time   Description
-----------------------------------------------------------------------------
                  0.15    0.00    0.00   clock clk (rise edge)
                          0.00    0.00   clock network delay (ideal)
                          2.00    2.00 ^ input external delay
     8    0.03    0.14    0.11    2.11 ^ control (in)
                                         control (net)
                  0.14    0.00    2.11 ^ _1032_/C_N (sky130_fd_sc_hd__nor3b_2)
     8    0.03    0.53    0.51    2.62 ^ _1032_/Y (sky130_fd_sc_hd__nor3b_2)
                                         _0312_ (net)
                  0.53    0.00    2.62 ^ _1600_/B (sky130_fd_sc_hd__nand2_2)
     4    0.03    0.16    0.22    2.84 v _1600_/Y (sky130_fd_sc_hd__nand2_2)
                                         _0848_ (net)
                  0.16    0.00    2.84 v _1643_/A (sky130_fd_sc_hd__buf_1)
    10    0.02    0.13    0.23    3.07 v _1643_/X (sky130_fd_sc_hd__buf_1)
                                         _0871_ (net)
                  0.13    0.00    3.07 v _1646_/B (sky130_fd_sc_hd__and2_2)
     1    0.00    0.04    0.23    3.30 v _1646_/X (sky130_fd_sc_hd__and2_2)
                                         _0873_ (net)
                  0.04    0.00    3.30 v _1647_/A (sky130_fd_sc_hd__buf_1)
     1    0.00    0.02    0.08    3.39 v _1647_/X (sky130_fd_sc_hd__buf_1)
                                         _0237_ (net)
                  0.02    0.00    3.39 v _2096_/D (sky130_fd_sc_hd__dfrtp_2)
                                  3.39   data arrival time

                  0.15   10.00   10.00   clock clk (rise edge)
                          0.00   10.00   clock network delay (ideal)
                         -0.25    9.75   clock uncertainty
                          0.00    9.75   clock reconvergence pessimism
                                  9.75 ^ _2096_/CLK (sky130_fd_sc_hd__dfrtp_2)
                         -0.08    9.67   library setup time
                                  9.67   data required time
-----------------------------------------------------------------------------
                                  9.67   data required time
                                 -3.39   data arrival time
-----------------------------------------------------------------------------
                                  6.28   slack (MET)


Startpoint: control (input port clocked by clk)
Endpoint: _2097_ (rising edge-triggered flip-flop clocked by clk)
Path Group: clk
Path Type: max

Fanout     Cap    Slew   Delay    Time   Description
-----------------------------------------------------------------------------
                  0.15    0.00    0.00   clock clk (rise edge)
                          0.00    0.00   clock network delay (ideal)
                          2.00    2.00 ^ input external delay
     8    0.03    0.14    0.11    2.11 ^ control (in)
                                         control (net)
                  0.14    0.00    2.11 ^ _1032_/C_N (sky130_fd_sc_hd__nor3b_2)
     8    0.03    0.53    0.51    2.62 ^ _1032_/Y (sky130_fd_sc_hd__nor3b_2)
                                         _0312_ (net)
                  0.53    0.00    2.62 ^ _1600_/B (sky130_fd_sc_hd__nand2_2)
     4    0.03    0.16    0.22    2.84 v _1600_/Y (sky130_fd_sc_hd__nand2_2)
                                         _0848_ (net)
                  0.16    0.00    2.84 v _1643_/A (sky130_fd_sc_hd__buf_1)
    10    0.02    0.13    0.23    3.07 v _1643_/X (sky130_fd_sc_hd__buf_1)
                                         _0871_ (net)
                  0.13    0.00    3.07 v _1644_/B (sky130_fd_sc_hd__and2_2)
     1    0.00    0.04    0.23    3.30 v _1644_/X (sky130_fd_sc_hd__and2_2)
                                         _0872_ (net)
                  0.04    0.00    3.30 v _1645_/A (sky130_fd_sc_hd__buf_1)
     1    0.00    0.02    0.08    3.38 v _1645_/X (sky130_fd_sc_hd__buf_1)
                                         _0238_ (net)
                  0.02    0.00    3.38 v _2097_/D (sky130_fd_sc_hd__dfrtp_2)
                                  3.38   data arrival time

                  0.15   10.00   10.00   clock clk (rise edge)
                          0.00   10.00   clock network delay (ideal)
                         -0.25    9.75   clock uncertainty
                          0.00    9.75   clock reconvergence pessimism
                                  9.75 ^ _2097_/CLK (sky130_fd_sc_hd__dfrtp_2)
                         -0.08    9.67   library setup time
                                  9.67   data required time
-----------------------------------------------------------------------------
                                  9.67   data required time
                                 -3.38   data arrival time
-----------------------------------------------------------------------------
                                  6.28   slack (MET)


Startpoint: control (input port clocked by clk)
Endpoint: _2061_ (rising edge-triggered flip-flop clocked by clk)
Path Group: clk
Path Type: max

Fanout     Cap    Slew   Delay    Time   Description
-----------------------------------------------------------------------------
                  0.15    0.00    0.00   clock clk (rise edge)
                          0.00    0.00   clock network delay (ideal)
                          2.00    2.00 ^ input external delay
     8    0.03    0.14    0.11    2.11 ^ control (in)
                                         control (net)
                  0.14    0.00    2.11 ^ _1032_/C_N (sky130_fd_sc_hd__nor3b_2)
     8    0.03    0.53    0.51    2.62 ^ _1032_/Y (sky130_fd_sc_hd__nor3b_2)
                                         _0312_ (net)
                  0.53    0.00    2.62 ^ _1667_/B (sky130_fd_sc_hd__nand2_2)
     3    0.02    0.15    0.20    2.82 v _1667_/Y (sky130_fd_sc_hd__nand2_2)
                                         _0883_ (net)
                  0.15    0.00    2.82 v _1710_/A (sky130_fd_sc_hd__buf_1)
    10    0.02    0.13    0.22    3.05 v _1710_/X (sky130_fd_sc_hd__buf_1)
                                         _0906_ (net)
                  0.13    0.00    3.05 v _1719_/B (sky130_fd_sc_hd__and2_2)
     1    0.00    0.04    0.23    3.27 v _1719_/X (sky130_fd_sc_hd__and2_2)
                                         _0911_ (net)
                  0.04    0.00    3.27 v _1720_/A (sky130_fd_sc_hd__buf_1)
     1    0.00    0.02    0.08    3.36 v _1720_/X (sky130_fd_sc_hd__buf_1)
                                         _0202_ (net)
                  0.02    0.00    3.36 v _2061_/D (sky130_fd_sc_hd__dfrtp_2)
                                  3.36   data arrival time

                  0.15   10.00   10.00   clock clk (rise edge)
                          0.00   10.00   clock network delay (ideal)
                         -0.25    9.75   clock uncertainty
                          0.00    9.75   clock reconvergence pessimism
                                  9.75 ^ _2061_/CLK (sky130_fd_sc_hd__dfrtp_2)
                         -0.08    9.67   library setup time
                                  9.67   data required time
-----------------------------------------------------------------------------
                                  9.67   data required time
                                 -3.36   data arrival time
-----------------------------------------------------------------------------
                                  6.31   slack (MET)


Startpoint: control (input port clocked by clk)
Endpoint: _2054_ (rising edge-triggered flip-flop clocked by clk)
Path Group: clk
Path Type: max

Fanout     Cap    Slew   Delay    Time   Description
-----------------------------------------------------------------------------
                  0.15    0.00    0.00   clock clk (rise edge)
                          0.00    0.00   clock network delay (ideal)
                          2.00    2.00 ^ input external delay
     8    0.03    0.14    0.11    2.11 ^ control (in)
                                         control (net)
                  0.14    0.00    2.11 ^ _1032_/C_N (sky130_fd_sc_hd__nor3b_2)
     8    0.03    0.53    0.51    2.62 ^ _1032_/Y (sky130_fd_sc_hd__nor3b_2)
                                         _0312_ (net)
                  0.53    0.00    2.62 ^ _1667_/B (sky130_fd_sc_hd__nand2_2)
     3    0.02    0.15    0.20    2.82 v _1667_/Y (sky130_fd_sc_hd__nand2_2)
                                         _0883_ (net)
                  0.15    0.00    2.82 v _1710_/A (sky130_fd_sc_hd__buf_1)
    10    0.02    0.13    0.22    3.05 v _1710_/X (sky130_fd_sc_hd__buf_1)
                                         _0906_ (net)
                  0.13    0.00    3.05 v _1731_/B (sky130_fd_sc_hd__and2_2)
     1    0.00    0.04    0.23    3.27 v _1731_/X (sky130_fd_sc_hd__and2_2)
                                         _0916_ (net)
                  0.04    0.00    3.27 v _1732_/A (sky130_fd_sc_hd__buf_1)
     1    0.00    0.02    0.08    3.36 v _1732_/X (sky130_fd_sc_hd__buf_1)
                                         _0195_ (net)
                  0.02    0.00    3.36 v _2054_/D (sky130_fd_sc_hd__dfrtp_2)
                                  3.36   data arrival time

                  0.15   10.00   10.00   clock clk (rise edge)
                          0.00   10.00   clock network delay (ideal)
                         -0.25    9.75   clock uncertainty
                          0.00    9.75   clock reconvergence pessimism
                                  9.75 ^ _2054_/CLK (sky130_fd_sc_hd__dfrtp_2)
                         -0.08    9.67   library setup time
                                  9.67   data required time
-----------------------------------------------------------------------------
                                  9.67   data required time
                                 -3.36   data arrival time
-----------------------------------------------------------------------------
                                  6.31   slack (MET)


Startpoint: control (input port clocked by clk)
Endpoint: _2058_ (rising edge-triggered flip-flop clocked by clk)
Path Group: clk
Path Type: max

Fanout     Cap    Slew   Delay    Time   Description
-----------------------------------------------------------------------------
                  0.15    0.00    0.00   clock clk (rise edge)
                          0.00    0.00   clock network delay (ideal)
                          2.00    2.00 ^ input external delay
     8    0.03    0.14    0.11    2.11 ^ control (in)
                                         control (net)
                  0.14    0.00    2.11 ^ _1032_/C_N (sky130_fd_sc_hd__nor3b_2)
     8    0.03    0.53    0.51    2.62 ^ _1032_/Y (sky130_fd_sc_hd__nor3b_2)
                                         _0312_ (net)
                  0.53    0.00    2.62 ^ _1667_/B (sky130_fd_sc_hd__nand2_2)
     3    0.02    0.15    0.20    2.82 v _1667_/Y (sky130_fd_sc_hd__nand2_2)
                                         _0883_ (net)
                  0.15    0.00    2.82 v _1710_/A (sky130_fd_sc_hd__buf_1)
    10    0.02    0.13    0.22    3.05 v _1710_/X (sky130_fd_sc_hd__buf_1)
                                         _0906_ (net)
                  0.13    0.00    3.05 v _1725_/B (sky130_fd_sc_hd__and2_2)
     1    0.00    0.04    0.23    3.27 v _1725_/X (sky130_fd_sc_hd__and2_2)
                                         _0914_ (net)
                  0.04    0.00    3.27 v _1726_/A (sky130_fd_sc_hd__buf_1)
     1    0.00    0.02    0.08    3.36 v _1726_/X (sky130_fd_sc_hd__buf_1)
                                         _0199_ (net)
                  0.02    0.00    3.36 v _2058_/D (sky130_fd_sc_hd__dfrtp_2)
                                  3.36   data arrival time

                  0.15   10.00   10.00   clock clk (rise edge)
                          0.00   10.00   clock network delay (ideal)
                         -0.25    9.75   clock uncertainty
                          0.00    9.75   clock reconvergence pessimism
                                  9.75 ^ _2058_/CLK (sky130_fd_sc_hd__dfrtp_2)
                         -0.08    9.67   library setup time
                                  9.67   data required time
-----------------------------------------------------------------------------
                                  9.67   data required time
                                 -3.36   data arrival time
-----------------------------------------------------------------------------
                                  6.31   slack (MET)


Startpoint: control (input port clocked by clk)
Endpoint: _2063_ (rising edge-triggered flip-flop clocked by clk)
Path Group: clk
Path Type: max

Fanout     Cap    Slew   Delay    Time   Description
-----------------------------------------------------------------------------
                  0.15    0.00    0.00   clock clk (rise edge)
                          0.00    0.00   clock network delay (ideal)
                          2.00    2.00 ^ input external delay
     8    0.03    0.14    0.11    2.11 ^ control (in)
                                         control (net)
                  0.14    0.00    2.11 ^ _1032_/C_N (sky130_fd_sc_hd__nor3b_2)
     8    0.03    0.53    0.51    2.62 ^ _1032_/Y (sky130_fd_sc_hd__nor3b_2)
                                         _0312_ (net)
                  0.53    0.00    2.62 ^ _1667_/B (sky130_fd_sc_hd__nand2_2)
     3    0.02    0.15    0.20    2.82 v _1667_/Y (sky130_fd_sc_hd__nand2_2)
                                         _0883_ (net)
                  0.15    0.00    2.82 v _1710_/A (sky130_fd_sc_hd__buf_1)
    10    0.02    0.13    0.22    3.05 v _1710_/X (sky130_fd_sc_hd__buf_1)
                                         _0906_ (net)
                  0.13    0.00    3.05 v _1715_/B (sky130_fd_sc_hd__and2_2)
     1    0.00    0.04    0.23    3.27 v _1715_/X (sky130_fd_sc_hd__and2_2)
                                         _0909_ (net)
                  0.04    0.00    3.27 v _1716_/A (sky130_fd_sc_hd__buf_1)
     1    0.00    0.02    0.08    3.36 v _1716_/X (sky130_fd_sc_hd__buf_1)
                                         _0204_ (net)
                  0.02    0.00    3.36 v _2063_/D (sky130_fd_sc_hd__dfrtp_2)
                                  3.36   data arrival time

                  0.15   10.00   10.00   clock clk (rise edge)
                          0.00   10.00   clock network delay (ideal)
                         -0.25    9.75   clock uncertainty
                          0.00    9.75   clock reconvergence pessimism
                                  9.75 ^ _2063_/CLK (sky130_fd_sc_hd__dfrtp_2)
                         -0.08    9.67   library setup time
                                  9.67   data required time
-----------------------------------------------------------------------------
                                  9.67   data required time
                                 -3.36   data arrival time
-----------------------------------------------------------------------------
                                  6.31   slack (MET)


Startpoint: control (input port clocked by clk)
Endpoint: _2060_ (rising edge-triggered flip-flop clocked by clk)
Path Group: clk
Path Type: max

Fanout     Cap    Slew   Delay    Time   Description
-----------------------------------------------------------------------------
                  0.15    0.00    0.00   clock clk (rise edge)
                          0.00    0.00   clock network delay (ideal)
                          2.00    2.00 ^ input external delay
     8    0.03    0.14    0.11    2.11 ^ control (in)
                                         control (net)
                  0.14    0.00    2.11 ^ _1032_/C_N (sky130_fd_sc_hd__nor3b_2)
     8    0.03    0.53    0.51    2.62 ^ _1032_/Y (sky130_fd_sc_hd__nor3b_2)
                                         _0312_ (net)
                  0.53    0.00    2.62 ^ _1667_/B (sky130_fd_sc_hd__nand2_2)
     3    0.02    0.15    0.20    2.82 v _1667_/Y (sky130_fd_sc_hd__nand2_2)
                                         _0883_ (net)
                  0.15    0.00    2.82 v _1710_/A (sky130_fd_sc_hd__buf_1)
    10    0.02    0.13    0.22    3.05 v _1710_/X (sky130_fd_sc_hd__buf_1)
                                         _0906_ (net)
                  0.13    0.00    3.05 v _1721_/B (sky130_fd_sc_hd__and2_2)
     1    0.00    0.04    0.23    3.27 v _1721_/X (sky130_fd_sc_hd__and2_2)
                                         _0912_ (net)
                  0.04    0.00    3.27 v _1722_/A (sky130_fd_sc_hd__buf_1)
     1    0.00    0.02    0.08    3.36 v _1722_/X (sky130_fd_sc_hd__buf_1)
                                         _0201_ (net)
                  0.02    0.00    3.36 v _2060_/D (sky130_fd_sc_hd__dfrtp_2)
                                  3.36   data arrival time

                  0.15   10.00   10.00   clock clk (rise edge)
                          0.00   10.00   clock network delay (ideal)
                         -0.25    9.75   clock uncertainty
                          0.00    9.75   clock reconvergence pessimism
                                  9.75 ^ _2060_/CLK (sky130_fd_sc_hd__dfrtp_2)
                         -0.08    9.67   library setup time
                                  9.67   data required time
-----------------------------------------------------------------------------
                                  9.67   data required time
                                 -3.36   data arrival time
-----------------------------------------------------------------------------
                                  6.31   slack (MET)


Startpoint: control (input port clocked by clk)
Endpoint: _2059_ (rising edge-triggered flip-flop clocked by clk)
Path Group: clk
Path Type: max

Fanout     Cap    Slew   Delay    Time   Description
-----------------------------------------------------------------------------
                  0.15    0.00    0.00   clock clk (rise edge)
                          0.00    0.00   clock network delay (ideal)
                          2.00    2.00 ^ input external delay
     8    0.03    0.14    0.11    2.11 ^ control (in)
                                         control (net)
                  0.14    0.00    2.11 ^ _1032_/C_N (sky130_fd_sc_hd__nor3b_2)
     8    0.03    0.53    0.51    2.62 ^ _1032_/Y (sky130_fd_sc_hd__nor3b_2)
                                         _0312_ (net)
                  0.53    0.00    2.62 ^ _1667_/B (sky130_fd_sc_hd__nand2_2)
     3    0.02    0.15    0.20    2.82 v _1667_/Y (sky130_fd_sc_hd__nand2_2)
                                         _0883_ (net)
                  0.15    0.00    2.82 v _1710_/A (sky130_fd_sc_hd__buf_1)
    10    0.02    0.13    0.22    3.05 v _1710_/X (sky130_fd_sc_hd__buf_1)
                                         _0906_ (net)
                  0.13    0.00    3.05 v _1723_/B (sky130_fd_sc_hd__and2_2)
     1    0.00    0.04    0.23    3.27 v _1723_/X (sky130_fd_sc_hd__and2_2)
                                         _0913_ (net)
                  0.04    0.00    3.27 v _1724_/A (sky130_fd_sc_hd__buf_1)
     1    0.00    0.02    0.08    3.36 v _1724_/X (sky130_fd_sc_hd__buf_1)
                                         _0200_ (net)
                  0.02    0.00    3.36 v _2059_/D (sky130_fd_sc_hd__dfrtp_2)
                                  3.36   data arrival time

                  0.15   10.00   10.00   clock clk (rise edge)
                          0.00   10.00   clock network delay (ideal)
                         -0.25    9.75   clock uncertainty
                          0.00    9.75   clock reconvergence pessimism
                                  9.75 ^ _2059_/CLK (sky130_fd_sc_hd__dfrtp_2)
                         -0.08    9.67   library setup time
                                  9.67   data required time
-----------------------------------------------------------------------------
                                  9.67   data required time
                                 -3.36   data arrival time
-----------------------------------------------------------------------------
                                  6.31   slack (MET)


Startpoint: control (input port clocked by clk)
Endpoint: _2064_ (rising edge-triggered flip-flop clocked by clk)
Path Group: clk
Path Type: max

Fanout     Cap    Slew   Delay    Time   Description
-----------------------------------------------------------------------------
                  0.15    0.00    0.00   clock clk (rise edge)
                          0.00    0.00   clock network delay (ideal)
                          2.00    2.00 ^ input external delay
     8    0.03    0.14    0.11    2.11 ^ control (in)
                                         control (net)
                  0.14    0.00    2.11 ^ _1032_/C_N (sky130_fd_sc_hd__nor3b_2)
     8    0.03    0.53    0.51    2.62 ^ _1032_/Y (sky130_fd_sc_hd__nor3b_2)
                                         _0312_ (net)
                  0.53    0.00    2.62 ^ _1667_/B (sky130_fd_sc_hd__nand2_2)
     3    0.02    0.15    0.20    2.82 v _1667_/Y (sky130_fd_sc_hd__nand2_2)
                                         _0883_ (net)
                  0.15    0.00    2.82 v _1710_/A (sky130_fd_sc_hd__buf_1)
    10    0.02    0.13    0.22    3.05 v _1710_/X (sky130_fd_sc_hd__buf_1)
                                         _0906_ (net)
                  0.13    0.00    3.05 v _1713_/B (sky130_fd_sc_hd__and2_2)
     1    0.00    0.04    0.23    3.27 v _1713_/X (sky130_fd_sc_hd__and2_2)
                                         _0908_ (net)
                  0.04    0.00    3.27 v _1714_/A (sky130_fd_sc_hd__buf_1)
     1    0.00    0.02    0.08    3.36 v _1714_/X (sky130_fd_sc_hd__buf_1)
                                         _0205_ (net)
                  0.02    0.00    3.36 v _2064_/D (sky130_fd_sc_hd__dfrtp_2)
                                  3.36   data arrival time

                  0.15   10.00   10.00   clock clk (rise edge)
                          0.00   10.00   clock network delay (ideal)
                         -0.25    9.75   clock uncertainty
                          0.00    9.75   clock reconvergence pessimism
                                  9.75 ^ _2064_/CLK (sky130_fd_sc_hd__dfrtp_2)
                         -0.08    9.67   library setup time
                                  9.67   data required time
-----------------------------------------------------------------------------
                                  9.67   data required time
                                 -3.36   data arrival time
-----------------------------------------------------------------------------
                                  6.31   slack (MET)


Startpoint: control (input port clocked by clk)
Endpoint: _2065_ (rising edge-triggered flip-flop clocked by clk)
Path Group: clk
Path Type: max

Fanout     Cap    Slew   Delay    Time   Description
-----------------------------------------------------------------------------
                  0.15    0.00    0.00   clock clk (rise edge)
                          0.00    0.00   clock network delay (ideal)
                          2.00    2.00 ^ input external delay
     8    0.03    0.14    0.11    2.11 ^ control (in)
                                         control (net)
                  0.14    0.00    2.11 ^ _1032_/C_N (sky130_fd_sc_hd__nor3b_2)
     8    0.03    0.53    0.51    2.62 ^ _1032_/Y (sky130_fd_sc_hd__nor3b_2)
                                         _0312_ (net)
                  0.53    0.00    2.62 ^ _1667_/B (sky130_fd_sc_hd__nand2_2)
     3    0.02    0.15    0.20    2.82 v _1667_/Y (sky130_fd_sc_hd__nand2_2)
                                         _0883_ (net)
                  0.15    0.00    2.82 v _1710_/A (sky130_fd_sc_hd__buf_1)
    10    0.02    0.13    0.22    3.05 v _1710_/X (sky130_fd_sc_hd__buf_1)
                                         _0906_ (net)
                  0.13    0.00    3.05 v _1711_/B (sky130_fd_sc_hd__and2_2)
     1    0.00    0.04    0.23    3.27 v _1711_/X (sky130_fd_sc_hd__and2_2)
                                         _0907_ (net)
                  0.04    0.00    3.27 v _1712_/A (sky130_fd_sc_hd__buf_1)
     1    0.00    0.02    0.08    3.36 v _1712_/X (sky130_fd_sc_hd__buf_1)
                                         _0206_ (net)
                  0.02    0.00    3.36 v _2065_/D (sky130_fd_sc_hd__dfrtp_2)
                                  3.36   data arrival time

                  0.15   10.00   10.00   clock clk (rise edge)
                          0.00   10.00   clock network delay (ideal)
                         -0.25    9.75   clock uncertainty
                          0.00    9.75   clock reconvergence pessimism
                                  9.75 ^ _2065_/CLK (sky130_fd_sc_hd__dfrtp_2)
                         -0.08    9.67   library setup time
                                  9.67   data required time
-----------------------------------------------------------------------------
                                  9.67   data required time
                                 -3.36   data arrival time
-----------------------------------------------------------------------------
                                  6.31   slack (MET)


Startpoint: control (input port clocked by clk)
Endpoint: _2056_ (rising edge-triggered flip-flop clocked by clk)
Path Group: clk
Path Type: max

Fanout     Cap    Slew   Delay    Time   Description
-----------------------------------------------------------------------------
                  0.15    0.00    0.00   clock clk (rise edge)
                          0.00    0.00   clock network delay (ideal)
                          2.00    2.00 ^ input external delay
     8    0.03    0.14    0.11    2.11 ^ control (in)
                                         control (net)
                  0.14    0.00    2.11 ^ _1032_/C_N (sky130_fd_sc_hd__nor3b_2)
     8    0.03    0.53    0.51    2.62 ^ _1032_/Y (sky130_fd_sc_hd__nor3b_2)
                                         _0312_ (net)
                  0.53    0.00    2.62 ^ _1667_/B (sky130_fd_sc_hd__nand2_2)
     3    0.02    0.15    0.20    2.82 v _1667_/Y (sky130_fd_sc_hd__nand2_2)
                                         _0883_ (net)
                  0.15    0.00    2.82 v _1710_/A (sky130_fd_sc_hd__buf_1)
    10    0.02    0.13    0.22    3.05 v _1710_/X (sky130_fd_sc_hd__buf_1)
                                         _0906_ (net)
                  0.13    0.00    3.05 v _1728_/B (sky130_fd_sc_hd__and2_2)
     1    0.00    0.04    0.23    3.27 v _1728_/X (sky130_fd_sc_hd__and2_2)
                                         _0915_ (net)
                  0.04    0.00    3.27 v _1729_/A (sky130_fd_sc_hd__buf_1)
     1    0.00    0.02    0.08    3.36 v _1729_/X (sky130_fd_sc_hd__buf_1)
                                         _0197_ (net)
                  0.02    0.00    3.36 v _2056_/D (sky130_fd_sc_hd__dfrtp_2)
                                  3.36   data arrival time

                  0.15   10.00   10.00   clock clk (rise edge)
                          0.00   10.00   clock network delay (ideal)
                         -0.25    9.75   clock uncertainty
                          0.00    9.75   clock reconvergence pessimism
                                  9.75 ^ _2056_/CLK (sky130_fd_sc_hd__dfrtp_2)
                         -0.08    9.67   library setup time
                                  9.67   data required time
-----------------------------------------------------------------------------
                                  9.67   data required time
                                 -3.36   data arrival time
-----------------------------------------------------------------------------
                                  6.31   slack (MET)


Startpoint: control (input port clocked by clk)
Endpoint: _2062_ (rising edge-triggered flip-flop clocked by clk)
Path Group: clk
Path Type: max

Fanout     Cap    Slew   Delay    Time   Description
-----------------------------------------------------------------------------
                  0.15    0.00    0.00   clock clk (rise edge)
                          0.00    0.00   clock network delay (ideal)
                          2.00    2.00 ^ input external delay
     8    0.03    0.14    0.11    2.11 ^ control (in)
                                         control (net)
                  0.14    0.00    2.11 ^ _1032_/C_N (sky130_fd_sc_hd__nor3b_2)
     8    0.03    0.53    0.51    2.62 ^ _1032_/Y (sky130_fd_sc_hd__nor3b_2)
                                         _0312_ (net)
                  0.53    0.00    2.62 ^ _1667_/B (sky130_fd_sc_hd__nand2_2)
     3    0.02    0.15    0.20    2.82 v _1667_/Y (sky130_fd_sc_hd__nand2_2)
                                         _0883_ (net)
                  0.15    0.00    2.82 v _1710_/A (sky130_fd_sc_hd__buf_1)
    10    0.02    0.13    0.22    3.05 v _1710_/X (sky130_fd_sc_hd__buf_1)
                                         _0906_ (net)
                  0.13    0.00    3.05 v _1717_/B (sky130_fd_sc_hd__and2_2)
     1    0.00    0.04    0.23    3.27 v _1717_/X (sky130_fd_sc_hd__and2_2)
                                         _0910_ (net)
                  0.04    0.00    3.27 v _1718_/A (sky130_fd_sc_hd__buf_1)
     1    0.00    0.02    0.08    3.36 v _1718_/X (sky130_fd_sc_hd__buf_1)
                                         _0203_ (net)
                  0.02    0.00    3.36 v _2062_/D (sky130_fd_sc_hd__dfrtp_2)
                                  3.36   data arrival time

                  0.15   10.00   10.00   clock clk (rise edge)
                          0.00   10.00   clock network delay (ideal)
                         -0.25    9.75   clock uncertainty
                          0.00    9.75   clock reconvergence pessimism
                                  9.75 ^ _2062_/CLK (sky130_fd_sc_hd__dfrtp_2)
                         -0.08    9.67   library setup time
                                  9.67   data required time
-----------------------------------------------------------------------------
                                  9.67   data required time
                                 -3.36   data arrival time
-----------------------------------------------------------------------------
                                  6.31   slack (MET)


Startpoint: control (input port clocked by clk)
Endpoint: _2086_ (rising edge-triggered flip-flop clocked by clk)
Path Group: clk
Path Type: max

Fanout     Cap    Slew   Delay    Time   Description
-----------------------------------------------------------------------------
                  0.15    0.00    0.00   clock clk (rise edge)
                          0.00    0.00   clock network delay (ideal)
                          2.00    2.00 ^ input external delay
     8    0.03    0.14    0.11    2.11 ^ control (in)
                                         control (net)
                  0.14    0.00    2.11 ^ _1032_/C_N (sky130_fd_sc_hd__nor3b_2)
     8    0.03    0.53    0.51    2.62 ^ _1032_/Y (sky130_fd_sc_hd__nor3b_2)
                                         _0312_ (net)
                  0.53    0.00    2.62 ^ _1600_/B (sky130_fd_sc_hd__nand2_2)
     4    0.03    0.16    0.22    2.84 v _1600_/Y (sky130_fd_sc_hd__nand2_2)
                                         _0848_ (net)
                  0.16    0.00    2.84 v _1665_/B (sky130_fd_sc_hd__and2_2)
     1    0.00    0.04    0.25    3.09 v _1665_/X (sky130_fd_sc_hd__and2_2)
                                         _0882_ (net)
                  0.04    0.00    3.09 v _1666_/A (sky130_fd_sc_hd__buf_1)
     1    0.00    0.02    0.08    3.17 v _1666_/X (sky130_fd_sc_hd__buf_1)
                                         _0227_ (net)
                  0.02    0.00    3.17 v _2086_/D (sky130_fd_sc_hd__dfrtp_2)
                                  3.17   data arrival time

                  0.15   10.00   10.00   clock clk (rise edge)
                          0.00   10.00   clock network delay (ideal)
                         -0.25    9.75   clock uncertainty
                          0.00    9.75   clock reconvergence pessimism
                                  9.75 ^ _2086_/CLK (sky130_fd_sc_hd__dfrtp_2)
                         -0.08    9.67   library setup time
                                  9.67   data required time
-----------------------------------------------------------------------------
                                  9.67   data required time
                                 -3.17   data arrival time
-----------------------------------------------------------------------------
                                  6.50   slack (MET)


Startpoint: control (input port clocked by clk)
Endpoint: _2120_ (rising edge-triggered flip-flop clocked by clk)
Path Group: clk
Path Type: max

Fanout     Cap    Slew   Delay    Time   Description
-----------------------------------------------------------------------------
                  0.15    0.00    0.00   clock clk (rise edge)
                          0.00    0.00   clock network delay (ideal)
                          2.00    2.00 v input external delay
     8    0.03    0.07    0.05    2.05 v control (in)
                                         control (net)
                  0.07    0.00    2.05 v _0980_/B (sky130_fd_sc_hd__and3b_2)
     6    0.02    0.07    0.26    2.31 v _0980_/X (sky130_fd_sc_hd__and3b_2)
                                         _0263_ (net)
                  0.07    0.00    2.31 v _0981_/B (sky130_fd_sc_hd__nand2_2)
     5    0.02    0.11    0.13    2.43 ^ _0981_/Y (sky130_fd_sc_hd__nand2_2)
                                         _0264_ (net)
                  0.11    0.00    2.43 ^ _0982_/A (sky130_fd_sc_hd__buf_1)
    10    0.05    0.63    0.53    2.96 ^ _0982_/X (sky130_fd_sc_hd__buf_1)
                                         _0265_ (net)
                  0.63    0.00    2.96 ^ _0986_/A (sky130_fd_sc_hd__nand2_2)
     1    0.00    0.10    0.06    3.03 v _0986_/Y (sky130_fd_sc_hd__nand2_2)
                                         _0261_ (net)
                  0.10    0.00    3.03 v _2120_/D (sky130_fd_sc_hd__dfrtp_2)
                                  3.03   data arrival time

                  0.15   10.00   10.00   clock clk (rise edge)
                          0.00   10.00   clock network delay (ideal)
                         -0.25    9.75   clock uncertainty
                          0.00    9.75   clock reconvergence pessimism
                                  9.75 ^ _2120_/CLK (sky130_fd_sc_hd__dfrtp_2)
                         -0.11    9.64   library setup time
                                  9.64   data required time
-----------------------------------------------------------------------------
                                  9.64   data required time
                                 -3.03   data arrival time
-----------------------------------------------------------------------------
                                  6.61   slack (MET)


Startpoint: control (input port clocked by clk)
Endpoint: _2057_ (rising edge-triggered flip-flop clocked by clk)
Path Group: clk
Path Type: max

Fanout     Cap    Slew   Delay    Time   Description
-----------------------------------------------------------------------------
                  0.15    0.00    0.00   clock clk (rise edge)
                          0.00    0.00   clock network delay (ideal)
                          2.00    2.00 ^ input external delay
     8    0.03    0.14    0.11    2.11 ^ control (in)
                                         control (net)
                  0.14    0.00    2.11 ^ _1032_/C_N (sky130_fd_sc_hd__nor3b_2)
     8    0.03    0.53    0.51    2.62 ^ _1032_/Y (sky130_fd_sc_hd__nor3b_2)
                                         _0312_ (net)
                  0.53    0.00    2.62 ^ _1727_/A2 (sky130_fd_sc_hd__a21o_2)
     1    0.00    0.04    0.22    2.84 ^ _1727_/X (sky130_fd_sc_hd__a21o_2)
                                         _0198_ (net)
                  0.04    0.00    2.84 ^ _2057_/D (sky130_fd_sc_hd__dfrtp_2)
                                  2.84   data arrival time

                  0.15   10.00   10.00   clock clk (rise edge)
                          0.00   10.00   clock network delay (ideal)
                         -0.25    9.75   clock uncertainty
                          0.00    9.75   clock reconvergence pessimism
                                  9.75 ^ _2057_/CLK (sky130_fd_sc_hd__dfrtp_2)
                         -0.05    9.70   library setup time
                                  9.70   data required time
-----------------------------------------------------------------------------
                                  9.70   data required time
                                 -2.84   data arrival time
-----------------------------------------------------------------------------
                                  6.86   slack (MET)


Startpoint: control (input port clocked by clk)
Endpoint: _2055_ (rising edge-triggered flip-flop clocked by clk)
Path Group: clk
Path Type: max

Fanout     Cap    Slew   Delay    Time   Description
-----------------------------------------------------------------------------
                  0.15    0.00    0.00   clock clk (rise edge)
                          0.00    0.00   clock network delay (ideal)
                          2.00    2.00 ^ input external delay
     8    0.03    0.14    0.11    2.11 ^ control (in)
                                         control (net)
                  0.14    0.00    2.11 ^ _1032_/C_N (sky130_fd_sc_hd__nor3b_2)
     8    0.03    0.53    0.51    2.62 ^ _1032_/Y (sky130_fd_sc_hd__nor3b_2)
                                         _0312_ (net)
                  0.53    0.00    2.62 ^ _1730_/A2 (sky130_fd_sc_hd__a21o_2)
     1    0.00    0.03    0.22    2.84 ^ _1730_/X (sky130_fd_sc_hd__a21o_2)
                                         _0196_ (net)
                  0.03    0.00    2.84 ^ _2055_/D (sky130_fd_sc_hd__dfrtp_2)
                                  2.84   data arrival time

                  0.15   10.00   10.00   clock clk (rise edge)
                          0.00   10.00   clock network delay (ideal)
                         -0.25    9.75   clock uncertainty
                          0.00    9.75   clock reconvergence pessimism
                                  9.75 ^ _2055_/CLK (sky130_fd_sc_hd__dfrtp_2)
                         -0.05    9.70   library setup time
                                  9.70   data required time
-----------------------------------------------------------------------------
                                  9.70   data required time
                                 -2.84   data arrival time
-----------------------------------------------------------------------------
                                  6.87   slack (MET)


Startpoint: control (input port clocked by clk)
Endpoint: _2087_ (rising edge-triggered flip-flop clocked by clk)
Path Group: clk
Path Type: max

Fanout     Cap    Slew   Delay    Time   Description
-----------------------------------------------------------------------------
                  0.15    0.00    0.00   clock clk (rise edge)
                          0.00    0.00   clock network delay (ideal)
                          2.00    2.00 ^ input external delay
     8    0.03    0.14    0.11    2.11 ^ control (in)
                                         control (net)
                  0.14    0.00    2.11 ^ _1032_/C_N (sky130_fd_sc_hd__nor3b_2)
     8    0.03    0.53    0.51    2.62 ^ _1032_/Y (sky130_fd_sc_hd__nor3b_2)
                                         _0312_ (net)
                  0.53    0.00    2.62 ^ _1664_/A2 (sky130_fd_sc_hd__a21o_2)
     1    0.00    0.03    0.22    2.84 ^ _1664_/X (sky130_fd_sc_hd__a21o_2)
                                         _0228_ (net)
                  0.03    0.00    2.84 ^ _2087_/D (sky130_fd_sc_hd__dfrtp_2)
                                  2.84   data arrival time

                  0.15   10.00   10.00   clock clk (rise edge)
                          0.00   10.00   clock network delay (ideal)
                         -0.25    9.75   clock uncertainty
                          0.00    9.75   clock reconvergence pessimism
                                  9.75 ^ _2087_/CLK (sky130_fd_sc_hd__dfrtp_2)
                         -0.05    9.70   library setup time
                                  9.70   data required time
-----------------------------------------------------------------------------
                                  9.70   data required time
                                 -2.84   data arrival time
-----------------------------------------------------------------------------
                                  6.87   slack (MET)


Startpoint: reset (input port clocked by clk)
Endpoint: _2006_ (recovery check against rising-edge clock clk)
Path Group: asynchronous
Path Type: max

Fanout     Cap    Slew   Delay    Time   Description
-----------------------------------------------------------------------------
                  0.15    0.00    0.00   clock clk (rise edge)
                          0.00    0.00   clock network delay (ideal)
                          2.00    2.00 v input external delay
     1    0.01    0.03    0.02    2.02 v reset (in)
                                         reset (net)
                  0.03    0.00    2.02 v _1835_/A (sky130_fd_sc_hd__buf_1)
     4    0.02    0.12    0.16    2.18 v _1835_/X (sky130_fd_sc_hd__buf_1)
                                         _0955_ (net)
                  0.12    0.00    2.19 v _1836_/A (sky130_fd_sc_hd__buf_1)
     3    0.01    0.08    0.17    2.36 v _1836_/X (sky130_fd_sc_hd__buf_1)
                                         _0956_ (net)
                  0.08    0.00    2.36 v _1837_/A (sky130_fd_sc_hd__buf_1)
     5    0.02    0.14    0.20    2.56 v _1837_/X (sky130_fd_sc_hd__buf_1)
                                         _0957_ (net)
                  0.14    0.00    2.56 v _1847_/A (sky130_fd_sc_hd__buf_1)
    10    0.05    0.30    0.35    2.92 v _1847_/X (sky130_fd_sc_hd__buf_1)
                                         _0959_ (net)
                  0.30    0.00    2.92 v _1856_/A (sky130_fd_sc_hd__inv_2)
     1    0.00    0.07    0.12    3.04 ^ _1856_/Y (sky130_fd_sc_hd__inv_2)
                                         _0016_ (net)
                  0.07    0.00    3.04 ^ _2006_/RESET_B (sky130_fd_sc_hd__dfrtp_2)
                                  3.04   data arrival time

                  0.15   10.00   10.00   clock clk (rise edge)
                          0.00   10.00   clock network delay (ideal)
                         -0.25    9.75   clock uncertainty
                          0.00    9.75   clock reconvergence pessimism
                                  9.75 ^ _2006_/CLK (sky130_fd_sc_hd__dfrtp_2)
                          0.24    9.99   library recovery time
                                  9.99   data required time
-----------------------------------------------------------------------------
                                  9.99   data required time
                                 -3.04   data arrival time
-----------------------------------------------------------------------------
                                  6.96   slack (MET)


Startpoint: reset (input port clocked by clk)
Endpoint: _2007_ (recovery check against rising-edge clock clk)
Path Group: asynchronous
Path Type: max

Fanout     Cap    Slew   Delay    Time   Description
-----------------------------------------------------------------------------
                  0.15    0.00    0.00   clock clk (rise edge)
                          0.00    0.00   clock network delay (ideal)
                          2.00    2.00 v input external delay
     1    0.01    0.03    0.02    2.02 v reset (in)
                                         reset (net)
                  0.03    0.00    2.02 v _1835_/A (sky130_fd_sc_hd__buf_1)
     4    0.02    0.12    0.16    2.18 v _1835_/X (sky130_fd_sc_hd__buf_1)
                                         _0955_ (net)
                  0.12    0.00    2.19 v _1836_/A (sky130_fd_sc_hd__buf_1)
     3    0.01    0.08    0.17    2.36 v _1836_/X (sky130_fd_sc_hd__buf_1)
                                         _0956_ (net)
                  0.08    0.00    2.36 v _1837_/A (sky130_fd_sc_hd__buf_1)
     5    0.02    0.14    0.20    2.56 v _1837_/X (sky130_fd_sc_hd__buf_1)
                                         _0957_ (net)
                  0.14    0.00    2.56 v _1847_/A (sky130_fd_sc_hd__buf_1)
    10    0.05    0.30    0.35    2.92 v _1847_/X (sky130_fd_sc_hd__buf_1)
                                         _0959_ (net)
                  0.30    0.00    2.92 v _1857_/A (sky130_fd_sc_hd__inv_2)
     1    0.00    0.07    0.12    3.03 ^ _1857_/Y (sky130_fd_sc_hd__inv_2)
                                         _0017_ (net)
                  0.07    0.00    3.03 ^ _2007_/RESET_B (sky130_fd_sc_hd__dfrtp_2)
                                  3.03   data arrival time

                  0.15   10.00   10.00   clock clk (rise edge)
                          0.00   10.00   clock network delay (ideal)
                         -0.25    9.75   clock uncertainty
                          0.00    9.75   clock reconvergence pessimism
                                  9.75 ^ _2007_/CLK (sky130_fd_sc_hd__dfrtp_2)
                          0.24    9.99   library recovery time
                                  9.99   data required time
-----------------------------------------------------------------------------
                                  9.99   data required time
                                 -3.03   data arrival time
-----------------------------------------------------------------------------
                                  6.96   slack (MET)


Startpoint: reset (input port clocked by clk)
Endpoint: _2005_ (recovery check against rising-edge clock clk)
Path Group: asynchronous
Path Type: max

Fanout     Cap    Slew   Delay    Time   Description
-----------------------------------------------------------------------------
                  0.15    0.00    0.00   clock clk (rise edge)
                          0.00    0.00   clock network delay (ideal)
                          2.00    2.00 v input external delay
     1    0.01    0.03    0.02    2.02 v reset (in)
                                         reset (net)
                  0.03    0.00    2.02 v _1835_/A (sky130_fd_sc_hd__buf_1)
     4    0.02    0.12    0.16    2.18 v _1835_/X (sky130_fd_sc_hd__buf_1)
                                         _0955_ (net)
                  0.12    0.00    2.19 v _1836_/A (sky130_fd_sc_hd__buf_1)
     3    0.01    0.08    0.17    2.36 v _1836_/X (sky130_fd_sc_hd__buf_1)
                                         _0956_ (net)
                  0.08    0.00    2.36 v _1837_/A (sky130_fd_sc_hd__buf_1)
     5    0.02    0.14    0.20    2.56 v _1837_/X (sky130_fd_sc_hd__buf_1)
                                         _0957_ (net)
                  0.14    0.00    2.56 v _1847_/A (sky130_fd_sc_hd__buf_1)
    10    0.05    0.30    0.35    2.92 v _1847_/X (sky130_fd_sc_hd__buf_1)
                                         _0959_ (net)
                  0.30    0.00    2.92 v _1855_/A (sky130_fd_sc_hd__inv_2)
     1    0.00    0.07    0.12    3.03 ^ _1855_/Y (sky130_fd_sc_hd__inv_2)
                                         _0015_ (net)
                  0.07    0.00    3.03 ^ _2005_/RESET_B (sky130_fd_sc_hd__dfrtp_2)
                                  3.03   data arrival time

                  0.15   10.00   10.00   clock clk (rise edge)
                          0.00   10.00   clock network delay (ideal)
                         -0.25    9.75   clock uncertainty
                          0.00    9.75   clock reconvergence pessimism
                                  9.75 ^ _2005_/CLK (sky130_fd_sc_hd__dfrtp_2)
                          0.24    9.99   library recovery time
                                  9.99   data required time
-----------------------------------------------------------------------------
                                  9.99   data required time
                                 -3.03   data arrival time
-----------------------------------------------------------------------------
                                  6.96   slack (MET)


Startpoint: reset (input port clocked by clk)
Endpoint: _2002_ (recovery check against rising-edge clock clk)
Path Group: asynchronous
Path Type: max

Fanout     Cap    Slew   Delay    Time   Description
-----------------------------------------------------------------------------
                  0.15    0.00    0.00   clock clk (rise edge)
                          0.00    0.00   clock network delay (ideal)
                          2.00    2.00 v input external delay
     1    0.01    0.03    0.02    2.02 v reset (in)
                                         reset (net)
                  0.03    0.00    2.02 v _1835_/A (sky130_fd_sc_hd__buf_1)
     4    0.02    0.12    0.16    2.18 v _1835_/X (sky130_fd_sc_hd__buf_1)
                                         _0955_ (net)
                  0.12    0.00    2.19 v _1836_/A (sky130_fd_sc_hd__buf_1)
     3    0.01    0.08    0.17    2.36 v _1836_/X (sky130_fd_sc_hd__buf_1)
                                         _0956_ (net)
                  0.08    0.00    2.36 v _1837_/A (sky130_fd_sc_hd__buf_1)
     5    0.02    0.14    0.20    2.56 v _1837_/X (sky130_fd_sc_hd__buf_1)
                                         _0957_ (net)
                  0.14    0.00    2.56 v _1847_/A (sky130_fd_sc_hd__buf_1)
    10    0.05    0.30    0.35    2.92 v _1847_/X (sky130_fd_sc_hd__buf_1)
                                         _0959_ (net)
                  0.30    0.00    2.92 v _1852_/A (sky130_fd_sc_hd__inv_2)
     1    0.00    0.07    0.12    3.03 ^ _1852_/Y (sky130_fd_sc_hd__inv_2)
                                         _0012_ (net)
                  0.07    0.00    3.03 ^ _2002_/RESET_B (sky130_fd_sc_hd__dfrtp_2)
                                  3.03   data arrival time

                  0.15   10.00   10.00   clock clk (rise edge)
                          0.00   10.00   clock network delay (ideal)
                         -0.25    9.75   clock uncertainty
                          0.00    9.75   clock reconvergence pessimism
                                  9.75 ^ _2002_/CLK (sky130_fd_sc_hd__dfrtp_2)
                          0.24    9.99   library recovery time
                                  9.99   data required time
-----------------------------------------------------------------------------
                                  9.99   data required time
                                 -3.03   data arrival time
-----------------------------------------------------------------------------
                                  6.96   slack (MET)


Startpoint: reset (input port clocked by clk)
Endpoint: _2003_ (recovery check against rising-edge clock clk)
Path Group: asynchronous
Path Type: max

Fanout     Cap    Slew   Delay    Time   Description
-----------------------------------------------------------------------------
                  0.15    0.00    0.00   clock clk (rise edge)
                          0.00    0.00   clock network delay (ideal)
                          2.00    2.00 v input external delay
     1    0.01    0.03    0.02    2.02 v reset (in)
                                         reset (net)
                  0.03    0.00    2.02 v _1835_/A (sky130_fd_sc_hd__buf_1)
     4    0.02    0.12    0.16    2.18 v _1835_/X (sky130_fd_sc_hd__buf_1)
                                         _0955_ (net)
                  0.12    0.00    2.19 v _1836_/A (sky130_fd_sc_hd__buf_1)
     3    0.01    0.08    0.17    2.36 v _1836_/X (sky130_fd_sc_hd__buf_1)
                                         _0956_ (net)
                  0.08    0.00    2.36 v _1837_/A (sky130_fd_sc_hd__buf_1)
     5    0.02    0.14    0.20    2.56 v _1837_/X (sky130_fd_sc_hd__buf_1)
                                         _0957_ (net)
                  0.14    0.00    2.56 v _1847_/A (sky130_fd_sc_hd__buf_1)
    10    0.05    0.30    0.35    2.92 v _1847_/X (sky130_fd_sc_hd__buf_1)
                                         _0959_ (net)
                  0.30    0.00    2.92 v _1853_/A (sky130_fd_sc_hd__inv_2)
     1    0.00    0.07    0.12    3.03 ^ _1853_/Y (sky130_fd_sc_hd__inv_2)
                                         _0013_ (net)
                  0.07    0.00    3.03 ^ _2003_/RESET_B (sky130_fd_sc_hd__dfrtp_2)
                                  3.03   data arrival time

                  0.15   10.00   10.00   clock clk (rise edge)
                          0.00   10.00   clock network delay (ideal)
                         -0.25    9.75   clock uncertainty
                          0.00    9.75   clock reconvergence pessimism
                                  9.75 ^ _2003_/CLK (sky130_fd_sc_hd__dfrtp_2)
                          0.24    9.99   library recovery time
                                  9.99   data required time
-----------------------------------------------------------------------------
                                  9.99   data required time
                                 -3.03   data arrival time
-----------------------------------------------------------------------------
                                  6.96   slack (MET)


Startpoint: reset (input port clocked by clk)
Endpoint: _1999_ (recovery check against rising-edge clock clk)
Path Group: asynchronous
Path Type: max

Fanout     Cap    Slew   Delay    Time   Description
-----------------------------------------------------------------------------
                  0.15    0.00    0.00   clock clk (rise edge)
                          0.00    0.00   clock network delay (ideal)
                          2.00    2.00 v input external delay
     1    0.01    0.03    0.02    2.02 v reset (in)
                                         reset (net)
                  0.03    0.00    2.02 v _1835_/A (sky130_fd_sc_hd__buf_1)
     4    0.02    0.12    0.16    2.18 v _1835_/X (sky130_fd_sc_hd__buf_1)
                                         _0955_ (net)
                  0.12    0.00    2.19 v _1836_/A (sky130_fd_sc_hd__buf_1)
     3    0.01    0.08    0.17    2.36 v _1836_/X (sky130_fd_sc_hd__buf_1)
                                         _0956_ (net)
                  0.08    0.00    2.36 v _1837_/A (sky130_fd_sc_hd__buf_1)
     5    0.02    0.14    0.20    2.56 v _1837_/X (sky130_fd_sc_hd__buf_1)
                                         _0957_ (net)
                  0.14    0.00    2.56 v _1847_/A (sky130_fd_sc_hd__buf_1)
    10    0.05    0.30    0.35    2.92 v _1847_/X (sky130_fd_sc_hd__buf_1)
                                         _0959_ (net)
                  0.30    0.00    2.92 v _1849_/A (sky130_fd_sc_hd__inv_2)
     1    0.00    0.07    0.12    3.03 ^ _1849_/Y (sky130_fd_sc_hd__inv_2)
                                         _0009_ (net)
                  0.07    0.00    3.03 ^ _1999_/RESET_B (sky130_fd_sc_hd__dfrtp_2)
                                  3.03   data arrival time

                  0.15   10.00   10.00   clock clk (rise edge)
                          0.00   10.00   clock network delay (ideal)
                         -0.25    9.75   clock uncertainty
                          0.00    9.75   clock reconvergence pessimism
                                  9.75 ^ _1999_/CLK (sky130_fd_sc_hd__dfrtp_2)
                          0.24    9.99   library recovery time
                                  9.99   data required time
-----------------------------------------------------------------------------
                                  9.99   data required time
                                 -3.03   data arrival time
-----------------------------------------------------------------------------
                                  6.96   slack (MET)


Startpoint: reset (input port clocked by clk)
Endpoint: _2000_ (recovery check against rising-edge clock clk)
Path Group: asynchronous
Path Type: max

Fanout     Cap    Slew   Delay    Time   Description
-----------------------------------------------------------------------------
                  0.15    0.00    0.00   clock clk (rise edge)
                          0.00    0.00   clock network delay (ideal)
                          2.00    2.00 v input external delay
     1    0.01    0.03    0.02    2.02 v reset (in)
                                         reset (net)
                  0.03    0.00    2.02 v _1835_/A (sky130_fd_sc_hd__buf_1)
     4    0.02    0.12    0.16    2.18 v _1835_/X (sky130_fd_sc_hd__buf_1)
                                         _0955_ (net)
                  0.12    0.00    2.19 v _1836_/A (sky130_fd_sc_hd__buf_1)
     3    0.01    0.08    0.17    2.36 v _1836_/X (sky130_fd_sc_hd__buf_1)
                                         _0956_ (net)
                  0.08    0.00    2.36 v _1837_/A (sky130_fd_sc_hd__buf_1)
     5    0.02    0.14    0.20    2.56 v _1837_/X (sky130_fd_sc_hd__buf_1)
                                         _0957_ (net)
                  0.14    0.00    2.56 v _1847_/A (sky130_fd_sc_hd__buf_1)
    10    0.05    0.30    0.35    2.92 v _1847_/X (sky130_fd_sc_hd__buf_1)
                                         _0959_ (net)
                  0.30    0.00    2.92 v _1850_/A (sky130_fd_sc_hd__inv_2)
     1    0.00    0.07    0.12    3.03 ^ _1850_/Y (sky130_fd_sc_hd__inv_2)
                                         _0010_ (net)
                  0.07    0.00    3.03 ^ _2000_/RESET_B (sky130_fd_sc_hd__dfrtp_2)
                                  3.03   data arrival time

                  0.15   10.00   10.00   clock clk (rise edge)
                          0.00   10.00   clock network delay (ideal)
                         -0.25    9.75   clock uncertainty
                          0.00    9.75   clock reconvergence pessimism
                                  9.75 ^ _2000_/CLK (sky130_fd_sc_hd__dfrtp_2)
                          0.24    9.99   library recovery time
                                  9.99   data required time
-----------------------------------------------------------------------------
                                  9.99   data required time
                                 -3.03   data arrival time
-----------------------------------------------------------------------------
                                  6.96   slack (MET)


Startpoint: reset (input port clocked by clk)
Endpoint: _2004_ (recovery check against rising-edge clock clk)
Path Group: asynchronous
Path Type: max

Fanout     Cap    Slew   Delay    Time   Description
-----------------------------------------------------------------------------
                  0.15    0.00    0.00   clock clk (rise edge)
                          0.00    0.00   clock network delay (ideal)
                          2.00    2.00 v input external delay
     1    0.01    0.03    0.02    2.02 v reset (in)
                                         reset (net)
                  0.03    0.00    2.02 v _1835_/A (sky130_fd_sc_hd__buf_1)
     4    0.02    0.12    0.16    2.18 v _1835_/X (sky130_fd_sc_hd__buf_1)
                                         _0955_ (net)
                  0.12    0.00    2.19 v _1836_/A (sky130_fd_sc_hd__buf_1)
     3    0.01    0.08    0.17    2.36 v _1836_/X (sky130_fd_sc_hd__buf_1)
                                         _0956_ (net)
                  0.08    0.00    2.36 v _1837_/A (sky130_fd_sc_hd__buf_1)
     5    0.02    0.14    0.20    2.56 v _1837_/X (sky130_fd_sc_hd__buf_1)
                                         _0957_ (net)
                  0.14    0.00    2.56 v _1847_/A (sky130_fd_sc_hd__buf_1)
    10    0.05    0.30    0.35    2.92 v _1847_/X (sky130_fd_sc_hd__buf_1)
                                         _0959_ (net)
                  0.30    0.00    2.92 v _1854_/A (sky130_fd_sc_hd__inv_2)
     1    0.00    0.07    0.12    3.03 ^ _1854_/Y (sky130_fd_sc_hd__inv_2)
                                         _0014_ (net)
                  0.07    0.00    3.03 ^ _2004_/RESET_B (sky130_fd_sc_hd__dfrtp_2)
                                  3.03   data arrival time

                  0.15   10.00   10.00   clock clk (rise edge)
                          0.00   10.00   clock network delay (ideal)
                         -0.25    9.75   clock uncertainty
                          0.00    9.75   clock reconvergence pessimism
                                  9.75 ^ _2004_/CLK (sky130_fd_sc_hd__dfrtp_2)
                          0.24    9.99   library recovery time
                                  9.99   data required time
-----------------------------------------------------------------------------
                                  9.99   data required time
                                 -3.03   data arrival time
-----------------------------------------------------------------------------
                                  6.96   slack (MET)


Startpoint: reset (input port clocked by clk)
Endpoint: _1998_ (recovery check against rising-edge clock clk)
Path Group: asynchronous
Path Type: max

Fanout     Cap    Slew   Delay    Time   Description
-----------------------------------------------------------------------------
                  0.15    0.00    0.00   clock clk (rise edge)
                          0.00    0.00   clock network delay (ideal)
                          2.00    2.00 v input external delay
     1    0.01    0.03    0.02    2.02 v reset (in)
                                         reset (net)
                  0.03    0.00    2.02 v _1835_/A (sky130_fd_sc_hd__buf_1)
     4    0.02    0.12    0.16    2.18 v _1835_/X (sky130_fd_sc_hd__buf_1)
                                         _0955_ (net)
                  0.12    0.00    2.19 v _1836_/A (sky130_fd_sc_hd__buf_1)
     3    0.01    0.08    0.17    2.36 v _1836_/X (sky130_fd_sc_hd__buf_1)
                                         _0956_ (net)
                  0.08    0.00    2.36 v _1837_/A (sky130_fd_sc_hd__buf_1)
     5    0.02    0.14    0.20    2.56 v _1837_/X (sky130_fd_sc_hd__buf_1)
                                         _0957_ (net)
                  0.14    0.00    2.56 v _1847_/A (sky130_fd_sc_hd__buf_1)
    10    0.05    0.30    0.35    2.92 v _1847_/X (sky130_fd_sc_hd__buf_1)
                                         _0959_ (net)
                  0.30    0.00    2.92 v _1848_/A (sky130_fd_sc_hd__inv_2)
     1    0.00    0.07    0.12    3.03 ^ _1848_/Y (sky130_fd_sc_hd__inv_2)
                                         _0008_ (net)
                  0.07    0.00    3.03 ^ _1998_/RESET_B (sky130_fd_sc_hd__dfrtp_2)
                                  3.03   data arrival time

                  0.15   10.00   10.00   clock clk (rise edge)
                          0.00   10.00   clock network delay (ideal)
                         -0.25    9.75   clock uncertainty
                          0.00    9.75   clock reconvergence pessimism
                                  9.75 ^ _1998_/CLK (sky130_fd_sc_hd__dfrtp_2)
                          0.24    9.99   library recovery time
                                  9.99   data required time
-----------------------------------------------------------------------------
                                  9.99   data required time
                                 -3.03   data arrival time
-----------------------------------------------------------------------------
                                  6.96   slack (MET)


Startpoint: reset (input port clocked by clk)
Endpoint: _2001_ (recovery check against rising-edge clock clk)
Path Group: asynchronous
Path Type: max

Fanout     Cap    Slew   Delay    Time   Description
-----------------------------------------------------------------------------
                  0.15    0.00    0.00   clock clk (rise edge)
                          0.00    0.00   clock network delay (ideal)
                          2.00    2.00 v input external delay
     1    0.01    0.03    0.02    2.02 v reset (in)
                                         reset (net)
                  0.03    0.00    2.02 v _1835_/A (sky130_fd_sc_hd__buf_1)
     4    0.02    0.12    0.16    2.18 v _1835_/X (sky130_fd_sc_hd__buf_1)
                                         _0955_ (net)
                  0.12    0.00    2.19 v _1836_/A (sky130_fd_sc_hd__buf_1)
     3    0.01    0.08    0.17    2.36 v _1836_/X (sky130_fd_sc_hd__buf_1)
                                         _0956_ (net)
                  0.08    0.00    2.36 v _1837_/A (sky130_fd_sc_hd__buf_1)
     5    0.02    0.14    0.20    2.56 v _1837_/X (sky130_fd_sc_hd__buf_1)
                                         _0957_ (net)
                  0.14    0.00    2.56 v _1847_/A (sky130_fd_sc_hd__buf_1)
    10    0.05    0.30    0.35    2.92 v _1847_/X (sky130_fd_sc_hd__buf_1)
                                         _0959_ (net)
                  0.30    0.00    2.92 v _1851_/A (sky130_fd_sc_hd__inv_2)
     1    0.00    0.07    0.12    3.03 ^ _1851_/Y (sky130_fd_sc_hd__inv_2)
                                         _0011_ (net)
                  0.07    0.00    3.03 ^ _2001_/RESET_B (sky130_fd_sc_hd__dfrtp_2)
                                  3.03   data arrival time

                  0.15   10.00   10.00   clock clk (rise edge)
                          0.00   10.00   clock network delay (ideal)
                         -0.25    9.75   clock uncertainty
                          0.00    9.75   clock reconvergence pessimism
                                  9.75 ^ _2001_/CLK (sky130_fd_sc_hd__dfrtp_2)
                          0.24    9.99   library recovery time
                                  9.99   data required time
-----------------------------------------------------------------------------
                                  9.99   data required time
                                 -3.03   data arrival time
-----------------------------------------------------------------------------
                                  6.96   slack (MET)


Startpoint: reset (input port clocked by clk)
Endpoint: _2040_ (recovery check against rising-edge clock clk)
Path Group: asynchronous
Path Type: max

Fanout     Cap    Slew   Delay    Time   Description
-----------------------------------------------------------------------------
                  0.15    0.00    0.00   clock clk (rise edge)
                          0.00    0.00   clock network delay (ideal)
                          2.00    2.00 v input external delay
     1    0.01    0.03    0.02    2.02 v reset (in)
                                         reset (net)
                  0.03    0.00    2.02 v _1835_/A (sky130_fd_sc_hd__buf_1)
     4    0.02    0.12    0.16    2.18 v _1835_/X (sky130_fd_sc_hd__buf_1)
                                         _0955_ (net)
                  0.12    0.00    2.19 v _1836_/A (sky130_fd_sc_hd__buf_1)
     3    0.01    0.08    0.17    2.36 v _1836_/X (sky130_fd_sc_hd__buf_1)
                                         _0956_ (net)
                  0.08    0.00    2.36 v _1875_/A (sky130_fd_sc_hd__buf_1)
     4    0.01    0.09    0.16    2.52 v _1875_/X (sky130_fd_sc_hd__buf_1)
                                         _0963_ (net)
                  0.09    0.00    2.52 v _1896_/A (sky130_fd_sc_hd__buf_1)
    10    0.06    0.33    0.35    2.88 v _1896_/X (sky130_fd_sc_hd__buf_1)
                                         _0966_ (net)
                  0.33    0.00    2.88 v _1897_/A (sky130_fd_sc_hd__inv_2)
     1    0.00    0.08    0.12    3.00 ^ _1897_/Y (sky130_fd_sc_hd__inv_2)
                                         _0050_ (net)
                  0.08    0.00    3.00 ^ _2040_/RESET_B (sky130_fd_sc_hd__dfrtp_2)
                                  3.00   data arrival time

                  0.15   10.00   10.00   clock clk (rise edge)
                          0.00   10.00   clock network delay (ideal)
                         -0.25    9.75   clock uncertainty
                          0.00    9.75   clock reconvergence pessimism
                                  9.75 ^ _2040_/CLK (sky130_fd_sc_hd__dfrtp_2)
                          0.24    9.99   library recovery time
                                  9.99   data required time
-----------------------------------------------------------------------------
                                  9.99   data required time
                                 -3.00   data arrival time
-----------------------------------------------------------------------------
                                  6.99   slack (MET)


Startpoint: reset (input port clocked by clk)
Endpoint: _2039_ (recovery check against rising-edge clock clk)
Path Group: asynchronous
Path Type: max

Fanout     Cap    Slew   Delay    Time   Description
-----------------------------------------------------------------------------
                  0.15    0.00    0.00   clock clk (rise edge)
                          0.00    0.00   clock network delay (ideal)
                          2.00    2.00 v input external delay
     1    0.01    0.03    0.02    2.02 v reset (in)
                                         reset (net)
                  0.03    0.00    2.02 v _1835_/A (sky130_fd_sc_hd__buf_1)
     4    0.02    0.12    0.16    2.18 v _1835_/X (sky130_fd_sc_hd__buf_1)
                                         _0955_ (net)
                  0.12    0.00    2.19 v _1836_/A (sky130_fd_sc_hd__buf_1)
     3    0.01    0.08    0.17    2.36 v _1836_/X (sky130_fd_sc_hd__buf_1)
                                         _0956_ (net)
                  0.08    0.00    2.36 v _1875_/A (sky130_fd_sc_hd__buf_1)
     4    0.01    0.09    0.16    2.52 v _1875_/X (sky130_fd_sc_hd__buf_1)
                                         _0963_ (net)
                  0.09    0.00    2.52 v _1885_/A (sky130_fd_sc_hd__buf_1)
    10    0.06    0.33    0.35    2.87 v _1885_/X (sky130_fd_sc_hd__buf_1)
                                         _0965_ (net)
                  0.33    0.00    2.88 v _1895_/A (sky130_fd_sc_hd__inv_2)
     1    0.00    0.08    0.12    3.00 ^ _1895_/Y (sky130_fd_sc_hd__inv_2)
                                         _0049_ (net)
                  0.08    0.00    3.00 ^ _2039_/RESET_B (sky130_fd_sc_hd__dfrtp_2)
                                  3.00   data arrival time

                  0.15   10.00   10.00   clock clk (rise edge)
                          0.00   10.00   clock network delay (ideal)
                         -0.25    9.75   clock uncertainty
                          0.00    9.75   clock reconvergence pessimism
                                  9.75 ^ _2039_/CLK (sky130_fd_sc_hd__dfrtp_2)
                          0.24    9.99   library recovery time
                                  9.99   data required time
-----------------------------------------------------------------------------
                                  9.99   data required time
                                 -3.00   data arrival time
-----------------------------------------------------------------------------
                                  6.99   slack (MET)


Startpoint: reset (input port clocked by clk)
Endpoint: _2041_ (recovery check against rising-edge clock clk)
Path Group: asynchronous
Path Type: max

Fanout     Cap    Slew   Delay    Time   Description
-----------------------------------------------------------------------------
                  0.15    0.00    0.00   clock clk (rise edge)
                          0.00    0.00   clock network delay (ideal)
                          2.00    2.00 v input external delay
     1    0.01    0.03    0.02    2.02 v reset (in)
                                         reset (net)
                  0.03    0.00    2.02 v _1835_/A (sky130_fd_sc_hd__buf_1)
     4    0.02    0.12    0.16    2.18 v _1835_/X (sky130_fd_sc_hd__buf_1)
                                         _0955_ (net)
                  0.12    0.00    2.19 v _1836_/A (sky130_fd_sc_hd__buf_1)
     3    0.01    0.08    0.17    2.36 v _1836_/X (sky130_fd_sc_hd__buf_1)
                                         _0956_ (net)
                  0.08    0.00    2.36 v _1875_/A (sky130_fd_sc_hd__buf_1)
     4    0.01    0.09    0.16    2.52 v _1875_/X (sky130_fd_sc_hd__buf_1)
                                         _0963_ (net)
                  0.09    0.00    2.52 v _1896_/A (sky130_fd_sc_hd__buf_1)
    10    0.06    0.33    0.35    2.88 v _1896_/X (sky130_fd_sc_hd__buf_1)
                                         _0966_ (net)
                  0.33    0.00    2.88 v _1898_/A (sky130_fd_sc_hd__inv_2)
     1    0.00    0.08    0.12    3.00 ^ _1898_/Y (sky130_fd_sc_hd__inv_2)
                                         _0051_ (net)
                  0.08    0.00    3.00 ^ _2041_/RESET_B (sky130_fd_sc_hd__dfrtp_2)
                                  3.00   data arrival time

                  0.15   10.00   10.00   clock clk (rise edge)
                          0.00   10.00   clock network delay (ideal)
                         -0.25    9.75   clock uncertainty
                          0.00    9.75   clock reconvergence pessimism
                                  9.75 ^ _2041_/CLK (sky130_fd_sc_hd__dfrtp_2)
                          0.24    9.99   library recovery time
                                  9.99   data required time
-----------------------------------------------------------------------------
                                  9.99   data required time
                                 -3.00   data arrival time
-----------------------------------------------------------------------------
                                  6.99   slack (MET)


Startpoint: reset (input port clocked by clk)
Endpoint: _2043_ (recovery check against rising-edge clock clk)
Path Group: asynchronous
Path Type: max

Fanout     Cap    Slew   Delay    Time   Description
-----------------------------------------------------------------------------
                  0.15    0.00    0.00   clock clk (rise edge)
                          0.00    0.00   clock network delay (ideal)
                          2.00    2.00 v input external delay
     1    0.01    0.03    0.02    2.02 v reset (in)
                                         reset (net)
                  0.03    0.00    2.02 v _1835_/A (sky130_fd_sc_hd__buf_1)
     4    0.02    0.12    0.16    2.18 v _1835_/X (sky130_fd_sc_hd__buf_1)
                                         _0955_ (net)
                  0.12    0.00    2.19 v _1836_/A (sky130_fd_sc_hd__buf_1)
     3    0.01    0.08    0.17    2.36 v _1836_/X (sky130_fd_sc_hd__buf_1)
                                         _0956_ (net)
                  0.08    0.00    2.36 v _1875_/A (sky130_fd_sc_hd__buf_1)
     4    0.01    0.09    0.16    2.52 v _1875_/X (sky130_fd_sc_hd__buf_1)
                                         _0963_ (net)
                  0.09    0.00    2.52 v _1896_/A (sky130_fd_sc_hd__buf_1)
    10    0.06    0.33    0.35    2.88 v _1896_/X (sky130_fd_sc_hd__buf_1)
                                         _0966_ (net)
                  0.33    0.00    2.88 v _1900_/A (sky130_fd_sc_hd__inv_2)
     1    0.00    0.08    0.12    3.00 ^ _1900_/Y (sky130_fd_sc_hd__inv_2)
                                         _0053_ (net)
                  0.08    0.00    3.00 ^ _2043_/RESET_B (sky130_fd_sc_hd__dfrtp_2)
                                  3.00   data arrival time

                  0.15   10.00   10.00   clock clk (rise edge)
                          0.00   10.00   clock network delay (ideal)
                         -0.25    9.75   clock uncertainty
                          0.00    9.75   clock reconvergence pessimism
                                  9.75 ^ _2043_/CLK (sky130_fd_sc_hd__dfrtp_2)
                          0.24    9.99   library recovery time
                                  9.99   data required time
-----------------------------------------------------------------------------
                                  9.99   data required time
                                 -3.00   data arrival time
-----------------------------------------------------------------------------
                                  6.99   slack (MET)


Startpoint: reset (input port clocked by clk)
Endpoint: _2042_ (recovery check against rising-edge clock clk)
Path Group: asynchronous
Path Type: max

Fanout     Cap    Slew   Delay    Time   Description
-----------------------------------------------------------------------------
                  0.15    0.00    0.00   clock clk (rise edge)
                          0.00    0.00   clock network delay (ideal)
                          2.00    2.00 v input external delay
     1    0.01    0.03    0.02    2.02 v reset (in)
                                         reset (net)
                  0.03    0.00    2.02 v _1835_/A (sky130_fd_sc_hd__buf_1)
     4    0.02    0.12    0.16    2.18 v _1835_/X (sky130_fd_sc_hd__buf_1)
                                         _0955_ (net)
                  0.12    0.00    2.19 v _1836_/A (sky130_fd_sc_hd__buf_1)
     3    0.01    0.08    0.17    2.36 v _1836_/X (sky130_fd_sc_hd__buf_1)
                                         _0956_ (net)
                  0.08    0.00    2.36 v _1875_/A (sky130_fd_sc_hd__buf_1)
     4    0.01    0.09    0.16    2.52 v _1875_/X (sky130_fd_sc_hd__buf_1)
                                         _0963_ (net)
                  0.09    0.00    2.52 v _1896_/A (sky130_fd_sc_hd__buf_1)
    10    0.06    0.33    0.35    2.88 v _1896_/X (sky130_fd_sc_hd__buf_1)
                                         _0966_ (net)
                  0.33    0.00    2.88 v _1899_/A (sky130_fd_sc_hd__inv_2)
     1    0.00    0.08    0.12    3.00 ^ _1899_/Y (sky130_fd_sc_hd__inv_2)
                                         _0052_ (net)
                  0.08    0.00    3.00 ^ _2042_/RESET_B (sky130_fd_sc_hd__dfrtp_2)
                                  3.00   data arrival time

                  0.15   10.00   10.00   clock clk (rise edge)
                          0.00   10.00   clock network delay (ideal)
                         -0.25    9.75   clock uncertainty
                          0.00    9.75   clock reconvergence pessimism
                                  9.75 ^ _2042_/CLK (sky130_fd_sc_hd__dfrtp_2)
                          0.24    9.99   library recovery time
                                  9.99   data required time
-----------------------------------------------------------------------------
                                  9.99   data required time
                                 -3.00   data arrival time
-----------------------------------------------------------------------------
                                  6.99   slack (MET)


Startpoint: reset (input port clocked by clk)
Endpoint: _2038_ (recovery check against rising-edge clock clk)
Path Group: asynchronous
Path Type: max

Fanout     Cap    Slew   Delay    Time   Description
-----------------------------------------------------------------------------
                  0.15    0.00    0.00   clock clk (rise edge)
                          0.00    0.00   clock network delay (ideal)
                          2.00    2.00 v input external delay
     1    0.01    0.03    0.02    2.02 v reset (in)
                                         reset (net)
                  0.03    0.00    2.02 v _1835_/A (sky130_fd_sc_hd__buf_1)
     4    0.02    0.12    0.16    2.18 v _1835_/X (sky130_fd_sc_hd__buf_1)
                                         _0955_ (net)
                  0.12    0.00    2.19 v _1836_/A (sky130_fd_sc_hd__buf_1)
     3    0.01    0.08    0.17    2.36 v _1836_/X (sky130_fd_sc_hd__buf_1)
                                         _0956_ (net)
                  0.08    0.00    2.36 v _1875_/A (sky130_fd_sc_hd__buf_1)
     4    0.01    0.09    0.16    2.52 v _1875_/X (sky130_fd_sc_hd__buf_1)
                                         _0963_ (net)
                  0.09    0.00    2.52 v _1885_/A (sky130_fd_sc_hd__buf_1)
    10    0.06    0.33    0.35    2.87 v _1885_/X (sky130_fd_sc_hd__buf_1)
                                         _0965_ (net)
                  0.33    0.00    2.88 v _1894_/A (sky130_fd_sc_hd__inv_2)
     1    0.00    0.08    0.12    3.00 ^ _1894_/Y (sky130_fd_sc_hd__inv_2)
                                         _0048_ (net)
                  0.08    0.00    3.00 ^ _2038_/RESET_B (sky130_fd_sc_hd__dfrtp_2)
                                  3.00   data arrival time

                  0.15   10.00   10.00   clock clk (rise edge)
                          0.00   10.00   clock network delay (ideal)
                         -0.25    9.75   clock uncertainty
                          0.00    9.75   clock reconvergence pessimism
                                  9.75 ^ _2038_/CLK (sky130_fd_sc_hd__dfrtp_2)
                          0.24    9.99   library recovery time
                                  9.99   data required time
-----------------------------------------------------------------------------
                                  9.99   data required time
                                 -3.00   data arrival time
-----------------------------------------------------------------------------
                                  6.99   slack (MET)


Startpoint: reset (input port clocked by clk)
Endpoint: _2044_ (recovery check against rising-edge clock clk)
Path Group: asynchronous
Path Type: max

Fanout     Cap    Slew   Delay    Time   Description
-----------------------------------------------------------------------------
                  0.15    0.00    0.00   clock clk (rise edge)
                          0.00    0.00   clock network delay (ideal)
                          2.00    2.00 v input external delay
     1    0.01    0.03    0.02    2.02 v reset (in)
                                         reset (net)
                  0.03    0.00    2.02 v _1835_/A (sky130_fd_sc_hd__buf_1)
     4    0.02    0.12    0.16    2.18 v _1835_/X (sky130_fd_sc_hd__buf_1)
                                         _0955_ (net)
                  0.12    0.00    2.19 v _1836_/A (sky130_fd_sc_hd__buf_1)
     3    0.01    0.08    0.17    2.36 v _1836_/X (sky130_fd_sc_hd__buf_1)
                                         _0956_ (net)
                  0.08    0.00    2.36 v _1875_/A (sky130_fd_sc_hd__buf_1)
     4    0.01    0.09    0.16    2.52 v _1875_/X (sky130_fd_sc_hd__buf_1)
                                         _0963_ (net)
                  0.09    0.00    2.52 v _1896_/A (sky130_fd_sc_hd__buf_1)
    10    0.06    0.33    0.35    2.88 v _1896_/X (sky130_fd_sc_hd__buf_1)
                                         _0966_ (net)
                  0.33    0.00    2.88 v _1901_/A (sky130_fd_sc_hd__inv_2)
     1    0.00    0.08    0.12    3.00 ^ _1901_/Y (sky130_fd_sc_hd__inv_2)
                                         _0054_ (net)
                  0.08    0.00    3.00 ^ _2044_/RESET_B (sky130_fd_sc_hd__dfrtp_2)
                                  3.00   data arrival time

                  0.15   10.00   10.00   clock clk (rise edge)
                          0.00   10.00   clock network delay (ideal)
                         -0.25    9.75   clock uncertainty
                          0.00    9.75   clock reconvergence pessimism
                                  9.75 ^ _2044_/CLK (sky130_fd_sc_hd__dfrtp_2)
                          0.24    9.99   library recovery time
                                  9.99   data required time
-----------------------------------------------------------------------------
                                  9.99   data required time
                                 -3.00   data arrival time
-----------------------------------------------------------------------------
                                  6.99   slack (MET)


Startpoint: reset (input port clocked by clk)
Endpoint: _2045_ (recovery check against rising-edge clock clk)
Path Group: asynchronous
Path Type: max

Fanout     Cap    Slew   Delay    Time   Description
-----------------------------------------------------------------------------
                  0.15    0.00    0.00   clock clk (rise edge)
                          0.00    0.00   clock network delay (ideal)
                          2.00    2.00 v input external delay
     1    0.01    0.03    0.02    2.02 v reset (in)
                                         reset (net)
                  0.03    0.00    2.02 v _1835_/A (sky130_fd_sc_hd__buf_1)
     4    0.02    0.12    0.16    2.18 v _1835_/X (sky130_fd_sc_hd__buf_1)
                                         _0955_ (net)
                  0.12    0.00    2.19 v _1836_/A (sky130_fd_sc_hd__buf_1)
     3    0.01    0.08    0.17    2.36 v _1836_/X (sky130_fd_sc_hd__buf_1)
                                         _0956_ (net)
                  0.08    0.00    2.36 v _1875_/A (sky130_fd_sc_hd__buf_1)
     4    0.01    0.09    0.16    2.52 v _1875_/X (sky130_fd_sc_hd__buf_1)
                                         _0963_ (net)
                  0.09    0.00    2.52 v _1896_/A (sky130_fd_sc_hd__buf_1)
    10    0.06    0.33    0.35    2.88 v _1896_/X (sky130_fd_sc_hd__buf_1)
                                         _0966_ (net)
                  0.33    0.00    2.88 v _1902_/A (sky130_fd_sc_hd__inv_2)
     1    0.00    0.08    0.12    3.00 ^ _1902_/Y (sky130_fd_sc_hd__inv_2)
                                         _0055_ (net)
                  0.08    0.00    3.00 ^ _2045_/RESET_B (sky130_fd_sc_hd__dfrtp_2)
                                  3.00   data arrival time

                  0.15   10.00   10.00   clock clk (rise edge)
                          0.00   10.00   clock network delay (ideal)
                         -0.25    9.75   clock uncertainty
                          0.00    9.75   clock reconvergence pessimism
                                  9.75 ^ _2045_/CLK (sky130_fd_sc_hd__dfrtp_2)
                          0.24    9.99   library recovery time
                                  9.99   data required time
-----------------------------------------------------------------------------
                                  9.99   data required time
                                 -3.00   data arrival time
-----------------------------------------------------------------------------
                                  6.99   slack (MET)


Startpoint: reset (input port clocked by clk)
Endpoint: _2034_ (recovery check against rising-edge clock clk)
Path Group: asynchronous
Path Type: max

Fanout     Cap    Slew   Delay    Time   Description
-----------------------------------------------------------------------------
                  0.15    0.00    0.00   clock clk (rise edge)
                          0.00    0.00   clock network delay (ideal)
                          2.00    2.00 v input external delay
     1    0.01    0.03    0.02    2.02 v reset (in)
                                         reset (net)
                  0.03    0.00    2.02 v _1835_/A (sky130_fd_sc_hd__buf_1)
     4    0.02    0.12    0.16    2.18 v _1835_/X (sky130_fd_sc_hd__buf_1)
                                         _0955_ (net)
                  0.12    0.00    2.19 v _1836_/A (sky130_fd_sc_hd__buf_1)
     3    0.01    0.08    0.17    2.36 v _1836_/X (sky130_fd_sc_hd__buf_1)
                                         _0956_ (net)
                  0.08    0.00    2.36 v _1875_/A (sky130_fd_sc_hd__buf_1)
     4    0.01    0.09    0.16    2.52 v _1875_/X (sky130_fd_sc_hd__buf_1)
                                         _0963_ (net)
                  0.09    0.00    2.52 v _1885_/A (sky130_fd_sc_hd__buf_1)
    10    0.06    0.33    0.35    2.87 v _1885_/X (sky130_fd_sc_hd__buf_1)
                                         _0965_ (net)
                  0.33    0.00    2.88 v _1890_/A (sky130_fd_sc_hd__inv_2)
     1    0.00    0.08    0.12    3.00 ^ _1890_/Y (sky130_fd_sc_hd__inv_2)
                                         _0044_ (net)
                  0.08    0.00    3.00 ^ _2034_/RESET_B (sky130_fd_sc_hd__dfrtp_2)
                                  3.00   data arrival time

                  0.15   10.00   10.00   clock clk (rise edge)
                          0.00   10.00   clock network delay (ideal)
                         -0.25    9.75   clock uncertainty
                          0.00    9.75   clock reconvergence pessimism
                                  9.75 ^ _2034_/CLK (sky130_fd_sc_hd__dfrtp_2)
                          0.24    9.99   library recovery time
                                  9.99   data required time
-----------------------------------------------------------------------------
                                  9.99   data required time
                                 -3.00   data arrival time
-----------------------------------------------------------------------------
                                  6.99   slack (MET)


Startpoint: reset (input port clocked by clk)
Endpoint: _2035_ (recovery check against rising-edge clock clk)
Path Group: asynchronous
Path Type: max

Fanout     Cap    Slew   Delay    Time   Description
-----------------------------------------------------------------------------
                  0.15    0.00    0.00   clock clk (rise edge)
                          0.00    0.00   clock network delay (ideal)
                          2.00    2.00 v input external delay
     1    0.01    0.03    0.02    2.02 v reset (in)
                                         reset (net)
                  0.03    0.00    2.02 v _1835_/A (sky130_fd_sc_hd__buf_1)
     4    0.02    0.12    0.16    2.18 v _1835_/X (sky130_fd_sc_hd__buf_1)
                                         _0955_ (net)
                  0.12    0.00    2.19 v _1836_/A (sky130_fd_sc_hd__buf_1)
     3    0.01    0.08    0.17    2.36 v _1836_/X (sky130_fd_sc_hd__buf_1)
                                         _0956_ (net)
                  0.08    0.00    2.36 v _1875_/A (sky130_fd_sc_hd__buf_1)
     4    0.01    0.09    0.16    2.52 v _1875_/X (sky130_fd_sc_hd__buf_1)
                                         _0963_ (net)
                  0.09    0.00    2.52 v _1885_/A (sky130_fd_sc_hd__buf_1)
    10    0.06    0.33    0.35    2.87 v _1885_/X (sky130_fd_sc_hd__buf_1)
                                         _0965_ (net)
                  0.33    0.00    2.88 v _1891_/A (sky130_fd_sc_hd__inv_2)
     1    0.00    0.08    0.12    3.00 ^ _1891_/Y (sky130_fd_sc_hd__inv_2)
                                         _0045_ (net)
                  0.08    0.00    3.00 ^ _2035_/RESET_B (sky130_fd_sc_hd__dfrtp_2)
                                  3.00   data arrival time

                  0.15   10.00   10.00   clock clk (rise edge)
                          0.00   10.00   clock network delay (ideal)
                         -0.25    9.75   clock uncertainty
                          0.00    9.75   clock reconvergence pessimism
                                  9.75 ^ _2035_/CLK (sky130_fd_sc_hd__dfrtp_2)
                          0.24    9.99   library recovery time
                                  9.99   data required time
-----------------------------------------------------------------------------
                                  9.99   data required time
                                 -3.00   data arrival time
-----------------------------------------------------------------------------
                                  6.99   slack (MET)


Startpoint: reset (input port clocked by clk)
Endpoint: _2037_ (recovery check against rising-edge clock clk)
Path Group: asynchronous
Path Type: max

Fanout     Cap    Slew   Delay    Time   Description
-----------------------------------------------------------------------------
                  0.15    0.00    0.00   clock clk (rise edge)
                          0.00    0.00   clock network delay (ideal)
                          2.00    2.00 v input external delay
     1    0.01    0.03    0.02    2.02 v reset (in)
                                         reset (net)
                  0.03    0.00    2.02 v _1835_/A (sky130_fd_sc_hd__buf_1)
     4    0.02    0.12    0.16    2.18 v _1835_/X (sky130_fd_sc_hd__buf_1)
                                         _0955_ (net)
                  0.12    0.00    2.19 v _1836_/A (sky130_fd_sc_hd__buf_1)
     3    0.01    0.08    0.17    2.36 v _1836_/X (sky130_fd_sc_hd__buf_1)
                                         _0956_ (net)
                  0.08    0.00    2.36 v _1875_/A (sky130_fd_sc_hd__buf_1)
     4    0.01    0.09    0.16    2.52 v _1875_/X (sky130_fd_sc_hd__buf_1)
                                         _0963_ (net)
                  0.09    0.00    2.52 v _1885_/A (sky130_fd_sc_hd__buf_1)
    10    0.06    0.33    0.35    2.87 v _1885_/X (sky130_fd_sc_hd__buf_1)
                                         _0965_ (net)
                  0.33    0.00    2.88 v _1893_/A (sky130_fd_sc_hd__inv_2)
     1    0.00    0.08    0.12    3.00 ^ _1893_/Y (sky130_fd_sc_hd__inv_2)
                                         _0047_ (net)
                  0.08    0.00    3.00 ^ _2037_/RESET_B (sky130_fd_sc_hd__dfrtp_2)
                                  3.00   data arrival time

                  0.15   10.00   10.00   clock clk (rise edge)
                          0.00   10.00   clock network delay (ideal)
                         -0.25    9.75   clock uncertainty
                          0.00    9.75   clock reconvergence pessimism
                                  9.75 ^ _2037_/CLK (sky130_fd_sc_hd__dfrtp_2)
                          0.24    9.99   library recovery time
                                  9.99   data required time
-----------------------------------------------------------------------------
                                  9.99   data required time
                                 -3.00   data arrival time
-----------------------------------------------------------------------------
                                  6.99   slack (MET)


Startpoint: reset (input port clocked by clk)
Endpoint: _2036_ (recovery check against rising-edge clock clk)
Path Group: asynchronous
Path Type: max

Fanout     Cap    Slew   Delay    Time   Description
-----------------------------------------------------------------------------
                  0.15    0.00    0.00   clock clk (rise edge)
                          0.00    0.00   clock network delay (ideal)
                          2.00    2.00 v input external delay
     1    0.01    0.03    0.02    2.02 v reset (in)
                                         reset (net)
                  0.03    0.00    2.02 v _1835_/A (sky130_fd_sc_hd__buf_1)
     4    0.02    0.12    0.16    2.18 v _1835_/X (sky130_fd_sc_hd__buf_1)
                                         _0955_ (net)
                  0.12    0.00    2.19 v _1836_/A (sky130_fd_sc_hd__buf_1)
     3    0.01    0.08    0.17    2.36 v _1836_/X (sky130_fd_sc_hd__buf_1)
                                         _0956_ (net)
                  0.08    0.00    2.36 v _1875_/A (sky130_fd_sc_hd__buf_1)
     4    0.01    0.09    0.16    2.52 v _1875_/X (sky130_fd_sc_hd__buf_1)
                                         _0963_ (net)
                  0.09    0.00    2.52 v _1885_/A (sky130_fd_sc_hd__buf_1)
    10    0.06    0.33    0.35    2.87 v _1885_/X (sky130_fd_sc_hd__buf_1)
                                         _0965_ (net)
                  0.33    0.00    2.88 v _1892_/A (sky130_fd_sc_hd__inv_2)
     1    0.00    0.08    0.12    3.00 ^ _1892_/Y (sky130_fd_sc_hd__inv_2)
                                         _0046_ (net)
                  0.08    0.00    3.00 ^ _2036_/RESET_B (sky130_fd_sc_hd__dfrtp_2)
                                  3.00   data arrival time

                  0.15   10.00   10.00   clock clk (rise edge)
                          0.00   10.00   clock network delay (ideal)
                         -0.25    9.75   clock uncertainty
                          0.00    9.75   clock reconvergence pessimism
                                  9.75 ^ _2036_/CLK (sky130_fd_sc_hd__dfrtp_2)
                          0.24    9.99   library recovery time
                                  9.99   data required time
-----------------------------------------------------------------------------
                                  9.99   data required time
                                 -3.00   data arrival time
-----------------------------------------------------------------------------
                                  6.99   slack (MET)


Startpoint: reset (input port clocked by clk)
Endpoint: _2048_ (recovery check against rising-edge clock clk)
Path Group: asynchronous
Path Type: max

Fanout     Cap    Slew   Delay    Time   Description
-----------------------------------------------------------------------------
                  0.15    0.00    0.00   clock clk (rise edge)
                          0.00    0.00   clock network delay (ideal)
                          2.00    2.00 v input external delay
     1    0.01    0.03    0.02    2.02 v reset (in)
                                         reset (net)
                  0.03    0.00    2.02 v _1835_/A (sky130_fd_sc_hd__buf_1)
     4    0.02    0.12    0.16    2.18 v _1835_/X (sky130_fd_sc_hd__buf_1)
                                         _0955_ (net)
                  0.12    0.00    2.19 v _1836_/A (sky130_fd_sc_hd__buf_1)
     3    0.01    0.08    0.17    2.36 v _1836_/X (sky130_fd_sc_hd__buf_1)
                                         _0956_ (net)
                  0.08    0.00    2.36 v _1875_/A (sky130_fd_sc_hd__buf_1)
     4    0.01    0.09    0.16    2.52 v _1875_/X (sky130_fd_sc_hd__buf_1)
                                         _0963_ (net)
                  0.09    0.00    2.52 v _1896_/A (sky130_fd_sc_hd__buf_1)
    10    0.06    0.33    0.35    2.88 v _1896_/X (sky130_fd_sc_hd__buf_1)
                                         _0966_ (net)
                  0.33    0.00    2.88 v _1905_/A (sky130_fd_sc_hd__inv_2)
     1    0.00    0.08    0.12    3.00 ^ _1905_/Y (sky130_fd_sc_hd__inv_2)
                                         _0058_ (net)
                  0.08    0.00    3.00 ^ _2048_/RESET_B (sky130_fd_sc_hd__dfrtp_2)
                                  3.00   data arrival time

                  0.15   10.00   10.00   clock clk (rise edge)
                          0.00   10.00   clock network delay (ideal)
                         -0.25    9.75   clock uncertainty
                          0.00    9.75   clock reconvergence pessimism
                                  9.75 ^ _2048_/CLK (sky130_fd_sc_hd__dfrtp_2)
                          0.24    9.99   library recovery time
                                  9.99   data required time
-----------------------------------------------------------------------------
                                  9.99   data required time
                                 -3.00   data arrival time
-----------------------------------------------------------------------------
                                  6.99   slack (MET)


Startpoint: reset (input port clocked by clk)
Endpoint: _2046_ (recovery check against rising-edge clock clk)
Path Group: asynchronous
Path Type: max

Fanout     Cap    Slew   Delay    Time   Description
-----------------------------------------------------------------------------
                  0.15    0.00    0.00   clock clk (rise edge)
                          0.00    0.00   clock network delay (ideal)
                          2.00    2.00 v input external delay
     1    0.01    0.03    0.02    2.02 v reset (in)
                                         reset (net)
                  0.03    0.00    2.02 v _1835_/A (sky130_fd_sc_hd__buf_1)
     4    0.02    0.12    0.16    2.18 v _1835_/X (sky130_fd_sc_hd__buf_1)
                                         _0955_ (net)
                  0.12    0.00    2.19 v _1836_/A (sky130_fd_sc_hd__buf_1)
     3    0.01    0.08    0.17    2.36 v _1836_/X (sky130_fd_sc_hd__buf_1)
                                         _0956_ (net)
                  0.08    0.00    2.36 v _1875_/A (sky130_fd_sc_hd__buf_1)
     4    0.01    0.09    0.16    2.52 v _1875_/X (sky130_fd_sc_hd__buf_1)
                                         _0963_ (net)
                  0.09    0.00    2.52 v _1896_/A (sky130_fd_sc_hd__buf_1)
    10    0.06    0.33    0.35    2.88 v _1896_/X (sky130_fd_sc_hd__buf_1)
                                         _0966_ (net)
                  0.33    0.00    2.88 v _1903_/A (sky130_fd_sc_hd__inv_2)
     1    0.00    0.08    0.12    3.00 ^ _1903_/Y (sky130_fd_sc_hd__inv_2)
                                         _0056_ (net)
                  0.08    0.00    3.00 ^ _2046_/RESET_B (sky130_fd_sc_hd__dfrtp_2)
                                  3.00   data arrival time

                  0.15   10.00   10.00   clock clk (rise edge)
                          0.00   10.00   clock network delay (ideal)
                         -0.25    9.75   clock uncertainty
                          0.00    9.75   clock reconvergence pessimism
                                  9.75 ^ _2046_/CLK (sky130_fd_sc_hd__dfrtp_2)
                          0.24    9.99   library recovery time
                                  9.99   data required time
-----------------------------------------------------------------------------
                                  9.99   data required time
                                 -3.00   data arrival time
-----------------------------------------------------------------------------
                                  7.00   slack (MET)


Startpoint: reset (input port clocked by clk)
Endpoint: _2047_ (recovery check against rising-edge clock clk)
Path Group: asynchronous
Path Type: max

Fanout     Cap    Slew   Delay    Time   Description
-----------------------------------------------------------------------------
                  0.15    0.00    0.00   clock clk (rise edge)
                          0.00    0.00   clock network delay (ideal)
                          2.00    2.00 v input external delay
     1    0.01    0.03    0.02    2.02 v reset (in)
                                         reset (net)
                  0.03    0.00    2.02 v _1835_/A (sky130_fd_sc_hd__buf_1)
     4    0.02    0.12    0.16    2.18 v _1835_/X (sky130_fd_sc_hd__buf_1)
                                         _0955_ (net)
                  0.12    0.00    2.19 v _1836_/A (sky130_fd_sc_hd__buf_1)
     3    0.01    0.08    0.17    2.36 v _1836_/X (sky130_fd_sc_hd__buf_1)
                                         _0956_ (net)
                  0.08    0.00    2.36 v _1875_/A (sky130_fd_sc_hd__buf_1)
     4    0.01    0.09    0.16    2.52 v _1875_/X (sky130_fd_sc_hd__buf_1)
                                         _0963_ (net)
                  0.09    0.00    2.52 v _1896_/A (sky130_fd_sc_hd__buf_1)
    10    0.06    0.33    0.35    2.88 v _1896_/X (sky130_fd_sc_hd__buf_1)
                                         _0966_ (net)
                  0.33    0.00    2.88 v _1904_/A (sky130_fd_sc_hd__inv_2)
     1    0.00    0.08    0.12    3.00 ^ _1904_/Y (sky130_fd_sc_hd__inv_2)
                                         _0057_ (net)
                  0.08    0.00    3.00 ^ _2047_/RESET_B (sky130_fd_sc_hd__dfrtp_2)
                                  3.00   data arrival time

                  0.15   10.00   10.00   clock clk (rise edge)
                          0.00   10.00   clock network delay (ideal)
                         -0.25    9.75   clock uncertainty
                          0.00    9.75   clock reconvergence pessimism
                                  9.75 ^ _2047_/CLK (sky130_fd_sc_hd__dfrtp_2)
                          0.24    9.99   library recovery time
                                  9.99   data required time
-----------------------------------------------------------------------------
                                  9.99   data required time
                                 -3.00   data arrival time
-----------------------------------------------------------------------------
                                  7.00   slack (MET)


Startpoint: reset (input port clocked by clk)
Endpoint: _2049_ (recovery check against rising-edge clock clk)
Path Group: asynchronous
Path Type: max

Fanout     Cap    Slew   Delay    Time   Description
-----------------------------------------------------------------------------
                  0.15    0.00    0.00   clock clk (rise edge)
                          0.00    0.00   clock network delay (ideal)
                          2.00    2.00 v input external delay
     1    0.01    0.03    0.02    2.02 v reset (in)
                                         reset (net)
                  0.03    0.00    2.02 v _1835_/A (sky130_fd_sc_hd__buf_1)
     4    0.02    0.12    0.16    2.18 v _1835_/X (sky130_fd_sc_hd__buf_1)
                                         _0955_ (net)
                  0.12    0.00    2.19 v _1836_/A (sky130_fd_sc_hd__buf_1)
     3    0.01    0.08    0.17    2.36 v _1836_/X (sky130_fd_sc_hd__buf_1)
                                         _0956_ (net)
                  0.08    0.00    2.36 v _1875_/A (sky130_fd_sc_hd__buf_1)
     4    0.01    0.09    0.16    2.52 v _1875_/X (sky130_fd_sc_hd__buf_1)
                                         _0963_ (net)
                  0.09    0.00    2.52 v _1896_/A (sky130_fd_sc_hd__buf_1)
    10    0.06    0.33    0.35    2.88 v _1896_/X (sky130_fd_sc_hd__buf_1)
                                         _0966_ (net)
                  0.33    0.00    2.88 v _1906_/A (sky130_fd_sc_hd__inv_2)
     1    0.00    0.08    0.12    3.00 ^ _1906_/Y (sky130_fd_sc_hd__inv_2)
                                         _0059_ (net)
                  0.08    0.00    3.00 ^ _2049_/RESET_B (sky130_fd_sc_hd__dfrtp_2)
                                  3.00   data arrival time

                  0.15   10.00   10.00   clock clk (rise edge)
                          0.00   10.00   clock network delay (ideal)
                         -0.25    9.75   clock uncertainty
                          0.00    9.75   clock reconvergence pessimism
                                  9.75 ^ _2049_/CLK (sky130_fd_sc_hd__dfrtp_2)
                          0.24    9.99   library recovery time
                                  9.99   data required time
-----------------------------------------------------------------------------
                                  9.99   data required time
                                 -3.00   data arrival time
-----------------------------------------------------------------------------
                                  7.00   slack (MET)


Startpoint: reset (input port clocked by clk)
Endpoint: _2033_ (recovery check against rising-edge clock clk)
Path Group: asynchronous
Path Type: max

Fanout     Cap    Slew   Delay    Time   Description
-----------------------------------------------------------------------------
                  0.15    0.00    0.00   clock clk (rise edge)
                          0.00    0.00   clock network delay (ideal)
                          2.00    2.00 v input external delay
     1    0.01    0.03    0.02    2.02 v reset (in)
                                         reset (net)
                  0.03    0.00    2.02 v _1835_/A (sky130_fd_sc_hd__buf_1)
     4    0.02    0.12    0.16    2.18 v _1835_/X (sky130_fd_sc_hd__buf_1)
                                         _0955_ (net)
                  0.12    0.00    2.19 v _1836_/A (sky130_fd_sc_hd__buf_1)
     3    0.01    0.08    0.17    2.36 v _1836_/X (sky130_fd_sc_hd__buf_1)
                                         _0956_ (net)
                  0.08    0.00    2.36 v _1875_/A (sky130_fd_sc_hd__buf_1)
     4    0.01    0.09    0.16    2.52 v _1875_/X (sky130_fd_sc_hd__buf_1)
                                         _0963_ (net)
                  0.09    0.00    2.52 v _1885_/A (sky130_fd_sc_hd__buf_1)
    10    0.06    0.33    0.35    2.87 v _1885_/X (sky130_fd_sc_hd__buf_1)
                                         _0965_ (net)
                  0.33    0.00    2.87 v _1889_/A (sky130_fd_sc_hd__inv_2)
     1    0.00    0.08    0.12    3.00 ^ _1889_/Y (sky130_fd_sc_hd__inv_2)
                                         _0043_ (net)
                  0.08    0.00    3.00 ^ _2033_/RESET_B (sky130_fd_sc_hd__dfrtp_2)
                                  3.00   data arrival time

                  0.15   10.00   10.00   clock clk (rise edge)
                          0.00   10.00   clock network delay (ideal)
                         -0.25    9.75   clock uncertainty
                          0.00    9.75   clock reconvergence pessimism
                                  9.75 ^ _2033_/CLK (sky130_fd_sc_hd__dfrtp_2)
                          0.24    9.99   library recovery time
                                  9.99   data required time
-----------------------------------------------------------------------------
                                  9.99   data required time
                                 -3.00   data arrival time
-----------------------------------------------------------------------------
                                  7.00   slack (MET)


Startpoint: reset (input port clocked by clk)
Endpoint: _2030_ (recovery check against rising-edge clock clk)
Path Group: asynchronous
Path Type: max

Fanout     Cap    Slew   Delay    Time   Description
-----------------------------------------------------------------------------
                  0.15    0.00    0.00   clock clk (rise edge)
                          0.00    0.00   clock network delay (ideal)
                          2.00    2.00 v input external delay
     1    0.01    0.03    0.02    2.02 v reset (in)
                                         reset (net)
                  0.03    0.00    2.02 v _1835_/A (sky130_fd_sc_hd__buf_1)
     4    0.02    0.12    0.16    2.18 v _1835_/X (sky130_fd_sc_hd__buf_1)
                                         _0955_ (net)
                  0.12    0.00    2.19 v _1836_/A (sky130_fd_sc_hd__buf_1)
     3    0.01    0.08    0.17    2.36 v _1836_/X (sky130_fd_sc_hd__buf_1)
                                         _0956_ (net)
                  0.08    0.00    2.36 v _1875_/A (sky130_fd_sc_hd__buf_1)
     4    0.01    0.09    0.16    2.52 v _1875_/X (sky130_fd_sc_hd__buf_1)
                                         _0963_ (net)
                  0.09    0.00    2.52 v _1885_/A (sky130_fd_sc_hd__buf_1)
    10    0.06    0.33    0.35    2.87 v _1885_/X (sky130_fd_sc_hd__buf_1)
                                         _0965_ (net)
                  0.33    0.00    2.87 v _1886_/A (sky130_fd_sc_hd__inv_2)
     1    0.00    0.08    0.12    3.00 ^ _1886_/Y (sky130_fd_sc_hd__inv_2)
                                         _0040_ (net)
                  0.08    0.00    3.00 ^ _2030_/RESET_B (sky130_fd_sc_hd__dfrtp_2)
                                  3.00   data arrival time

                  0.15   10.00   10.00   clock clk (rise edge)
                          0.00   10.00   clock network delay (ideal)
                         -0.25    9.75   clock uncertainty
                          0.00    9.75   clock reconvergence pessimism
                                  9.75 ^ _2030_/CLK (sky130_fd_sc_hd__dfrtp_2)
                          0.24    9.99   library recovery time
                                  9.99   data required time
-----------------------------------------------------------------------------
                                  9.99   data required time
                                 -3.00   data arrival time
-----------------------------------------------------------------------------
                                  7.00   slack (MET)


Startpoint: reset (input port clocked by clk)
Endpoint: _2031_ (recovery check against rising-edge clock clk)
Path Group: asynchronous
Path Type: max

Fanout     Cap    Slew   Delay    Time   Description
-----------------------------------------------------------------------------
                  0.15    0.00    0.00   clock clk (rise edge)
                          0.00    0.00   clock network delay (ideal)
                          2.00    2.00 v input external delay
     1    0.01    0.03    0.02    2.02 v reset (in)
                                         reset (net)
                  0.03    0.00    2.02 v _1835_/A (sky130_fd_sc_hd__buf_1)
     4    0.02    0.12    0.16    2.18 v _1835_/X (sky130_fd_sc_hd__buf_1)
                                         _0955_ (net)
                  0.12    0.00    2.19 v _1836_/A (sky130_fd_sc_hd__buf_1)
     3    0.01    0.08    0.17    2.36 v _1836_/X (sky130_fd_sc_hd__buf_1)
                                         _0956_ (net)
                  0.08    0.00    2.36 v _1875_/A (sky130_fd_sc_hd__buf_1)
     4    0.01    0.09    0.16    2.52 v _1875_/X (sky130_fd_sc_hd__buf_1)
                                         _0963_ (net)
                  0.09    0.00    2.52 v _1885_/A (sky130_fd_sc_hd__buf_1)
    10    0.06    0.33    0.35    2.87 v _1885_/X (sky130_fd_sc_hd__buf_1)
                                         _0965_ (net)
                  0.33    0.00    2.87 v _1887_/A (sky130_fd_sc_hd__inv_2)
     1    0.00    0.08    0.12    2.99 ^ _1887_/Y (sky130_fd_sc_hd__inv_2)
                                         _0041_ (net)
                  0.08    0.00    2.99 ^ _2031_/RESET_B (sky130_fd_sc_hd__dfrtp_2)
                                  2.99   data arrival time

                  0.15   10.00   10.00   clock clk (rise edge)
                          0.00   10.00   clock network delay (ideal)
                         -0.25    9.75   clock uncertainty
                          0.00    9.75   clock reconvergence pessimism
                                  9.75 ^ _2031_/CLK (sky130_fd_sc_hd__dfrtp_2)
                          0.24    9.99   library recovery time
                                  9.99   data required time
-----------------------------------------------------------------------------
                                  9.99   data required time
                                 -2.99   data arrival time
-----------------------------------------------------------------------------
                                  7.00   slack (MET)


Startpoint: reset (input port clocked by clk)
Endpoint: _2032_ (recovery check against rising-edge clock clk)
Path Group: asynchronous
Path Type: max

Fanout     Cap    Slew   Delay    Time   Description
-----------------------------------------------------------------------------
                  0.15    0.00    0.00   clock clk (rise edge)
                          0.00    0.00   clock network delay (ideal)
                          2.00    2.00 v input external delay
     1    0.01    0.03    0.02    2.02 v reset (in)
                                         reset (net)
                  0.03    0.00    2.02 v _1835_/A (sky130_fd_sc_hd__buf_1)
     4    0.02    0.12    0.16    2.18 v _1835_/X (sky130_fd_sc_hd__buf_1)
                                         _0955_ (net)
                  0.12    0.00    2.19 v _1836_/A (sky130_fd_sc_hd__buf_1)
     3    0.01    0.08    0.17    2.36 v _1836_/X (sky130_fd_sc_hd__buf_1)
                                         _0956_ (net)
                  0.08    0.00    2.36 v _1875_/A (sky130_fd_sc_hd__buf_1)
     4    0.01    0.09    0.16    2.52 v _1875_/X (sky130_fd_sc_hd__buf_1)
                                         _0963_ (net)
                  0.09    0.00    2.52 v _1885_/A (sky130_fd_sc_hd__buf_1)
    10    0.06    0.33    0.35    2.87 v _1885_/X (sky130_fd_sc_hd__buf_1)
                                         _0965_ (net)
                  0.33    0.00    2.87 v _1888_/A (sky130_fd_sc_hd__inv_2)
     1    0.00    0.08    0.12    2.99 ^ _1888_/Y (sky130_fd_sc_hd__inv_2)
                                         _0042_ (net)
                  0.08    0.00    2.99 ^ _2032_/RESET_B (sky130_fd_sc_hd__dfrtp_2)
                                  2.99   data arrival time

                  0.15   10.00   10.00   clock clk (rise edge)
                          0.00   10.00   clock network delay (ideal)
                         -0.25    9.75   clock uncertainty
                          0.00    9.75   clock reconvergence pessimism
                                  9.75 ^ _2032_/CLK (sky130_fd_sc_hd__dfrtp_2)
                          0.24    9.99   library recovery time
                                  9.99   data required time
-----------------------------------------------------------------------------
                                  9.99   data required time
                                 -2.99   data arrival time
-----------------------------------------------------------------------------
                                  7.00   slack (MET)


Startpoint: reset (input port clocked by clk)
Endpoint: _1991_ (recovery check against rising-edge clock clk)
Path Group: asynchronous
Path Type: max

Fanout     Cap    Slew   Delay    Time   Description
-----------------------------------------------------------------------------
                  0.15    0.00    0.00   clock clk (rise edge)
                          0.00    0.00   clock network delay (ideal)
                          2.00    2.00 v input external delay
     1    0.01    0.03    0.02    2.02 v reset (in)
                                         reset (net)
                  0.03    0.00    2.02 v _1835_/A (sky130_fd_sc_hd__buf_1)
     4    0.02    0.12    0.16    2.18 v _1835_/X (sky130_fd_sc_hd__buf_1)
                                         _0955_ (net)
                  0.12    0.00    2.19 v _1836_/A (sky130_fd_sc_hd__buf_1)
     3    0.01    0.08    0.17    2.36 v _1836_/X (sky130_fd_sc_hd__buf_1)
                                         _0956_ (net)
                  0.08    0.00    2.36 v _1837_/A (sky130_fd_sc_hd__buf_1)
     5    0.02    0.14    0.20    2.56 v _1837_/X (sky130_fd_sc_hd__buf_1)
                                         _0957_ (net)
                  0.14    0.00    2.56 v _1838_/A (sky130_fd_sc_hd__buf_1)
     8    0.04    0.24    0.31    2.87 v _1838_/X (sky130_fd_sc_hd__buf_1)
                                         _0958_ (net)
                  0.24    0.00    2.87 v _1840_/A (sky130_fd_sc_hd__inv_2)
     1    0.00    0.06    0.10    2.97 ^ _1840_/Y (sky130_fd_sc_hd__inv_2)
                                         _0001_ (net)
                  0.06    0.00    2.97 ^ _1991_/RESET_B (sky130_fd_sc_hd__dfrtp_2)
                                  2.97   data arrival time

                  0.15   10.00   10.00   clock clk (rise edge)
                          0.00   10.00   clock network delay (ideal)
                         -0.25    9.75   clock uncertainty
                          0.00    9.75   clock reconvergence pessimism
                                  9.75 ^ _1991_/CLK (sky130_fd_sc_hd__dfrtp_2)
                          0.25   10.00   library recovery time
                                 10.00   data required time
-----------------------------------------------------------------------------
                                 10.00   data required time
                                 -2.97   data arrival time
-----------------------------------------------------------------------------
                                  7.02   slack (MET)


Startpoint: reset (input port clocked by clk)
Endpoint: _1994_ (recovery check against rising-edge clock clk)
Path Group: asynchronous
Path Type: max

Fanout     Cap    Slew   Delay    Time   Description
-----------------------------------------------------------------------------
                  0.15    0.00    0.00   clock clk (rise edge)
                          0.00    0.00   clock network delay (ideal)
                          2.00    2.00 v input external delay
     1    0.01    0.03    0.02    2.02 v reset (in)
                                         reset (net)
                  0.03    0.00    2.02 v _1835_/A (sky130_fd_sc_hd__buf_1)
     4    0.02    0.12    0.16    2.18 v _1835_/X (sky130_fd_sc_hd__buf_1)
                                         _0955_ (net)
                  0.12    0.00    2.19 v _1836_/A (sky130_fd_sc_hd__buf_1)
     3    0.01    0.08    0.17    2.36 v _1836_/X (sky130_fd_sc_hd__buf_1)
                                         _0956_ (net)
                  0.08    0.00    2.36 v _1837_/A (sky130_fd_sc_hd__buf_1)
     5    0.02    0.14    0.20    2.56 v _1837_/X (sky130_fd_sc_hd__buf_1)
                                         _0957_ (net)
                  0.14    0.00    2.56 v _1838_/A (sky130_fd_sc_hd__buf_1)
     8    0.04    0.24    0.31    2.87 v _1838_/X (sky130_fd_sc_hd__buf_1)
                                         _0958_ (net)
                  0.24    0.00    2.87 v _1843_/A (sky130_fd_sc_hd__inv_2)
     1    0.00    0.06    0.10    2.97 ^ _1843_/Y (sky130_fd_sc_hd__inv_2)
                                         _0004_ (net)
                  0.06    0.00    2.97 ^ _1994_/RESET_B (sky130_fd_sc_hd__dfrtp_2)
                                  2.97   data arrival time

                  0.15   10.00   10.00   clock clk (rise edge)
                          0.00   10.00   clock network delay (ideal)
                         -0.25    9.75   clock uncertainty
                          0.00    9.75   clock reconvergence pessimism
                                  9.75 ^ _1994_/CLK (sky130_fd_sc_hd__dfrtp_2)
                          0.25   10.00   library recovery time
                                 10.00   data required time
-----------------------------------------------------------------------------
                                 10.00   data required time
                                 -2.97   data arrival time
-----------------------------------------------------------------------------
                                  7.02   slack (MET)


Startpoint: reset (input port clocked by clk)
Endpoint: _1997_ (recovery check against rising-edge clock clk)
Path Group: asynchronous
Path Type: max

Fanout     Cap    Slew   Delay    Time   Description
-----------------------------------------------------------------------------
                  0.15    0.00    0.00   clock clk (rise edge)
                          0.00    0.00   clock network delay (ideal)
                          2.00    2.00 v input external delay
     1    0.01    0.03    0.02    2.02 v reset (in)
                                         reset (net)
                  0.03    0.00    2.02 v _1835_/A (sky130_fd_sc_hd__buf_1)
     4    0.02    0.12    0.16    2.18 v _1835_/X (sky130_fd_sc_hd__buf_1)
                                         _0955_ (net)
                  0.12    0.00    2.19 v _1836_/A (sky130_fd_sc_hd__buf_1)
     3    0.01    0.08    0.17    2.36 v _1836_/X (sky130_fd_sc_hd__buf_1)
                                         _0956_ (net)
                  0.08    0.00    2.36 v _1837_/A (sky130_fd_sc_hd__buf_1)
     5    0.02    0.14    0.20    2.56 v _1837_/X (sky130_fd_sc_hd__buf_1)
                                         _0957_ (net)
                  0.14    0.00    2.56 v _1838_/A (sky130_fd_sc_hd__buf_1)
     8    0.04    0.24    0.31    2.87 v _1838_/X (sky130_fd_sc_hd__buf_1)
                                         _0958_ (net)
                  0.24    0.00    2.87 v _1846_/A (sky130_fd_sc_hd__inv_2)
     1    0.00    0.06    0.10    2.97 ^ _1846_/Y (sky130_fd_sc_hd__inv_2)
                                         _0007_ (net)
                  0.06    0.00    2.97 ^ _1997_/RESET_B (sky130_fd_sc_hd__dfrtp_2)
                                  2.97   data arrival time

                  0.15   10.00   10.00   clock clk (rise edge)
                          0.00   10.00   clock network delay (ideal)
                         -0.25    9.75   clock uncertainty
                          0.00    9.75   clock reconvergence pessimism
                                  9.75 ^ _1997_/CLK (sky130_fd_sc_hd__dfrtp_2)
                          0.25   10.00   library recovery time
                                 10.00   data required time
-----------------------------------------------------------------------------
                                 10.00   data required time
                                 -2.97   data arrival time
-----------------------------------------------------------------------------
                                  7.02   slack (MET)


Startpoint: reset (input port clocked by clk)
Endpoint: _1995_ (recovery check against rising-edge clock clk)
Path Group: asynchronous
Path Type: max

Fanout     Cap    Slew   Delay    Time   Description
-----------------------------------------------------------------------------
                  0.15    0.00    0.00   clock clk (rise edge)
                          0.00    0.00   clock network delay (ideal)
                          2.00    2.00 v input external delay
     1    0.01    0.03    0.02    2.02 v reset (in)
                                         reset (net)
                  0.03    0.00    2.02 v _1835_/A (sky130_fd_sc_hd__buf_1)
     4    0.02    0.12    0.16    2.18 v _1835_/X (sky130_fd_sc_hd__buf_1)
                                         _0955_ (net)
                  0.12    0.00    2.19 v _1836_/A (sky130_fd_sc_hd__buf_1)
     3    0.01    0.08    0.17    2.36 v _1836_/X (sky130_fd_sc_hd__buf_1)
                                         _0956_ (net)
                  0.08    0.00    2.36 v _1837_/A (sky130_fd_sc_hd__buf_1)
     5    0.02    0.14    0.20    2.56 v _1837_/X (sky130_fd_sc_hd__buf_1)
                                         _0957_ (net)
                  0.14    0.00    2.56 v _1838_/A (sky130_fd_sc_hd__buf_1)
     8    0.04    0.24    0.31    2.87 v _1838_/X (sky130_fd_sc_hd__buf_1)
                                         _0958_ (net)
                  0.24    0.00    2.87 v _1844_/A (sky130_fd_sc_hd__inv_2)
     1    0.00    0.06    0.10    2.97 ^ _1844_/Y (sky130_fd_sc_hd__inv_2)
                                         _0005_ (net)
                  0.06    0.00    2.97 ^ _1995_/RESET_B (sky130_fd_sc_hd__dfrtp_2)
                                  2.97   data arrival time

                  0.15   10.00   10.00   clock clk (rise edge)
                          0.00   10.00   clock network delay (ideal)
                         -0.25    9.75   clock uncertainty
                          0.00    9.75   clock reconvergence pessimism
                                  9.75 ^ _1995_/CLK (sky130_fd_sc_hd__dfrtp_2)
                          0.25   10.00   library recovery time
                                 10.00   data required time
-----------------------------------------------------------------------------
                                 10.00   data required time
                                 -2.97   data arrival time
-----------------------------------------------------------------------------
                                  7.02   slack (MET)


Startpoint: reset (input port clocked by clk)
Endpoint: _1992_ (recovery check against rising-edge clock clk)
Path Group: asynchronous
Path Type: max

Fanout     Cap    Slew   Delay    Time   Description
-----------------------------------------------------------------------------
                  0.15    0.00    0.00   clock clk (rise edge)
                          0.00    0.00   clock network delay (ideal)
                          2.00    2.00 v input external delay
     1    0.01    0.03    0.02    2.02 v reset (in)
                                         reset (net)
                  0.03    0.00    2.02 v _1835_/A (sky130_fd_sc_hd__buf_1)
     4    0.02    0.12    0.16    2.18 v _1835_/X (sky130_fd_sc_hd__buf_1)
                                         _0955_ (net)
                  0.12    0.00    2.19 v _1836_/A (sky130_fd_sc_hd__buf_1)
     3    0.01    0.08    0.17    2.36 v _1836_/X (sky130_fd_sc_hd__buf_1)
                                         _0956_ (net)
                  0.08    0.00    2.36 v _1837_/A (sky130_fd_sc_hd__buf_1)
     5    0.02    0.14    0.20    2.56 v _1837_/X (sky130_fd_sc_hd__buf_1)
                                         _0957_ (net)
                  0.14    0.00    2.56 v _1838_/A (sky130_fd_sc_hd__buf_1)
     8    0.04    0.24    0.31    2.87 v _1838_/X (sky130_fd_sc_hd__buf_1)
                                         _0958_ (net)
                  0.24    0.00    2.87 v _1841_/A (sky130_fd_sc_hd__inv_2)
     1    0.00    0.06    0.10    2.97 ^ _1841_/Y (sky130_fd_sc_hd__inv_2)
                                         _0002_ (net)
                  0.06    0.00    2.97 ^ _1992_/RESET_B (sky130_fd_sc_hd__dfrtp_2)
                                  2.97   data arrival time

                  0.15   10.00   10.00   clock clk (rise edge)
                          0.00   10.00   clock network delay (ideal)
                         -0.25    9.75   clock uncertainty
                          0.00    9.75   clock reconvergence pessimism
                                  9.75 ^ _1992_/CLK (sky130_fd_sc_hd__dfrtp_2)
                          0.25   10.00   library recovery time
                                 10.00   data required time
-----------------------------------------------------------------------------
                                 10.00   data required time
                                 -2.97   data arrival time
-----------------------------------------------------------------------------
                                  7.02   slack (MET)


Startpoint: reset (input port clocked by clk)
Endpoint: _1996_ (recovery check against rising-edge clock clk)
Path Group: asynchronous
Path Type: max

Fanout     Cap    Slew   Delay    Time   Description
-----------------------------------------------------------------------------
                  0.15    0.00    0.00   clock clk (rise edge)
                          0.00    0.00   clock network delay (ideal)
                          2.00    2.00 v input external delay
     1    0.01    0.03    0.02    2.02 v reset (in)
                                         reset (net)
                  0.03    0.00    2.02 v _1835_/A (sky130_fd_sc_hd__buf_1)
     4    0.02    0.12    0.16    2.18 v _1835_/X (sky130_fd_sc_hd__buf_1)
                                         _0955_ (net)
                  0.12    0.00    2.19 v _1836_/A (sky130_fd_sc_hd__buf_1)
     3    0.01    0.08    0.17    2.36 v _1836_/X (sky130_fd_sc_hd__buf_1)
                                         _0956_ (net)
                  0.08    0.00    2.36 v _1837_/A (sky130_fd_sc_hd__buf_1)
     5    0.02    0.14    0.20    2.56 v _1837_/X (sky130_fd_sc_hd__buf_1)
                                         _0957_ (net)
                  0.14    0.00    2.56 v _1838_/A (sky130_fd_sc_hd__buf_1)
     8    0.04    0.24    0.31    2.87 v _1838_/X (sky130_fd_sc_hd__buf_1)
                                         _0958_ (net)
                  0.24    0.00    2.87 v _1845_/A (sky130_fd_sc_hd__inv_2)
     1    0.00    0.06    0.10    2.97 ^ _1845_/Y (sky130_fd_sc_hd__inv_2)
                                         _0006_ (net)
                  0.06    0.00    2.97 ^ _1996_/RESET_B (sky130_fd_sc_hd__dfrtp_2)
                                  2.97   data arrival time

                  0.15   10.00   10.00   clock clk (rise edge)
                          0.00   10.00   clock network delay (ideal)
                         -0.25    9.75   clock uncertainty
                          0.00    9.75   clock reconvergence pessimism
                                  9.75 ^ _1996_/CLK (sky130_fd_sc_hd__dfrtp_2)
                          0.25   10.00   library recovery time
                                 10.00   data required time
-----------------------------------------------------------------------------
                                 10.00   data required time
                                 -2.97   data arrival time
-----------------------------------------------------------------------------
                                  7.02   slack (MET)


Startpoint: reset (input port clocked by clk)
Endpoint: _1990_ (recovery check against rising-edge clock clk)
Path Group: asynchronous
Path Type: max

Fanout     Cap    Slew   Delay    Time   Description
-----------------------------------------------------------------------------
                  0.15    0.00    0.00   clock clk (rise edge)
                          0.00    0.00   clock network delay (ideal)
                          2.00    2.00 v input external delay
     1    0.01    0.03    0.02    2.02 v reset (in)
                                         reset (net)
                  0.03    0.00    2.02 v _1835_/A (sky130_fd_sc_hd__buf_1)
     4    0.02    0.12    0.16    2.18 v _1835_/X (sky130_fd_sc_hd__buf_1)
                                         _0955_ (net)
                  0.12    0.00    2.19 v _1836_/A (sky130_fd_sc_hd__buf_1)
     3    0.01    0.08    0.17    2.36 v _1836_/X (sky130_fd_sc_hd__buf_1)
                                         _0956_ (net)
                  0.08    0.00    2.36 v _1837_/A (sky130_fd_sc_hd__buf_1)
     5    0.02    0.14    0.20    2.56 v _1837_/X (sky130_fd_sc_hd__buf_1)
                                         _0957_ (net)
                  0.14    0.00    2.56 v _1838_/A (sky130_fd_sc_hd__buf_1)
     8    0.04    0.24    0.31    2.87 v _1838_/X (sky130_fd_sc_hd__buf_1)
                                         _0958_ (net)
                  0.24    0.00    2.87 v _1839_/A (sky130_fd_sc_hd__inv_2)
     1    0.00    0.06    0.10    2.97 ^ _1839_/Y (sky130_fd_sc_hd__inv_2)
                                         _0000_ (net)
                  0.06    0.00    2.97 ^ _1990_/RESET_B (sky130_fd_sc_hd__dfrtp_2)
                                  2.97   data arrival time

                  0.15   10.00   10.00   clock clk (rise edge)
                          0.00   10.00   clock network delay (ideal)
                         -0.25    9.75   clock uncertainty
                          0.00    9.75   clock reconvergence pessimism
                                  9.75 ^ _1990_/CLK (sky130_fd_sc_hd__dfrtp_2)
                          0.25   10.00   library recovery time
                                 10.00   data required time
-----------------------------------------------------------------------------
                                 10.00   data required time
                                 -2.97   data arrival time
-----------------------------------------------------------------------------
                                  7.02   slack (MET)


Startpoint: reset (input port clocked by clk)
Endpoint: _1993_ (recovery check against rising-edge clock clk)
Path Group: asynchronous
Path Type: max

Fanout     Cap    Slew   Delay    Time   Description
-----------------------------------------------------------------------------
                  0.15    0.00    0.00   clock clk (rise edge)
                          0.00    0.00   clock network delay (ideal)
                          2.00    2.00 v input external delay
     1    0.01    0.03    0.02    2.02 v reset (in)
                                         reset (net)
                  0.03    0.00    2.02 v _1835_/A (sky130_fd_sc_hd__buf_1)
     4    0.02    0.12    0.16    2.18 v _1835_/X (sky130_fd_sc_hd__buf_1)
                                         _0955_ (net)
                  0.12    0.00    2.19 v _1836_/A (sky130_fd_sc_hd__buf_1)
     3    0.01    0.08    0.17    2.36 v _1836_/X (sky130_fd_sc_hd__buf_1)
                                         _0956_ (net)
                  0.08    0.00    2.36 v _1837_/A (sky130_fd_sc_hd__buf_1)
     5    0.02    0.14    0.20    2.56 v _1837_/X (sky130_fd_sc_hd__buf_1)
                                         _0957_ (net)
                  0.14    0.00    2.56 v _1838_/A (sky130_fd_sc_hd__buf_1)
     8    0.04    0.24    0.31    2.87 v _1838_/X (sky130_fd_sc_hd__buf_1)
                                         _0958_ (net)
                  0.24    0.00    2.87 v _1842_/A (sky130_fd_sc_hd__inv_2)
     1    0.00    0.06    0.10    2.97 ^ _1842_/Y (sky130_fd_sc_hd__inv_2)
                                         _0003_ (net)
                  0.06    0.00    2.97 ^ _1993_/RESET_B (sky130_fd_sc_hd__dfrtp_2)
                                  2.97   data arrival time

                  0.15   10.00   10.00   clock clk (rise edge)
                          0.00   10.00   clock network delay (ideal)
                         -0.25    9.75   clock uncertainty
                          0.00    9.75   clock reconvergence pessimism
                                  9.75 ^ _1993_/CLK (sky130_fd_sc_hd__dfrtp_2)
                          0.25   10.00   library recovery time
                                 10.00   data required time
-----------------------------------------------------------------------------
                                 10.00   data required time
                                 -2.97   data arrival time
-----------------------------------------------------------------------------
                                  7.02   slack (MET)


Startpoint: reset (input port clocked by clk)
Endpoint: _2008_ (recovery check against rising-edge clock clk)
Path Group: asynchronous
Path Type: max

Fanout     Cap    Slew   Delay    Time   Description
-----------------------------------------------------------------------------
                  0.15    0.00    0.00   clock clk (rise edge)
                          0.00    0.00   clock network delay (ideal)
                          2.00    2.00 v input external delay
     1    0.01    0.03    0.02    2.02 v reset (in)
                                         reset (net)
                  0.03    0.00    2.02 v _1835_/A (sky130_fd_sc_hd__buf_1)
     4    0.02    0.12    0.16    2.18 v _1835_/X (sky130_fd_sc_hd__buf_1)
                                         _0955_ (net)
                  0.12    0.00    2.19 v _1836_/A (sky130_fd_sc_hd__buf_1)
     3    0.01    0.08    0.17    2.36 v _1836_/X (sky130_fd_sc_hd__buf_1)
                                         _0956_ (net)
                  0.08    0.00    2.36 v _1858_/A (sky130_fd_sc_hd__buf_1)
     2    0.00    0.04    0.12    2.48 v _1858_/X (sky130_fd_sc_hd__buf_1)
                                         _0960_ (net)
                  0.04    0.00    2.48 v _1859_/A (sky130_fd_sc_hd__buf_1)
    10    0.06    0.35    0.35    2.82 v _1859_/X (sky130_fd_sc_hd__buf_1)
                                         _0961_ (net)
                  0.35    0.00    2.83 v _1860_/A (sky130_fd_sc_hd__inv_2)
     1    0.00    0.08    0.13    2.95 ^ _1860_/Y (sky130_fd_sc_hd__inv_2)
                                         _0018_ (net)
                  0.08    0.00    2.95 ^ _2008_/RESET_B (sky130_fd_sc_hd__dfrtp_2)
                                  2.95   data arrival time

                  0.15   10.00   10.00   clock clk (rise edge)
                          0.00   10.00   clock network delay (ideal)
                         -0.25    9.75   clock uncertainty
                          0.00    9.75   clock reconvergence pessimism
                                  9.75 ^ _2008_/CLK (sky130_fd_sc_hd__dfrtp_2)
                          0.24    9.99   library recovery time
                                  9.99   data required time
-----------------------------------------------------------------------------
                                  9.99   data required time
                                 -2.95   data arrival time
-----------------------------------------------------------------------------
                                  7.04   slack (MET)


Startpoint: reset (input port clocked by clk)
Endpoint: _2009_ (recovery check against rising-edge clock clk)
Path Group: asynchronous
Path Type: max

Fanout     Cap    Slew   Delay    Time   Description
-----------------------------------------------------------------------------
                  0.15    0.00    0.00   clock clk (rise edge)
                          0.00    0.00   clock network delay (ideal)
                          2.00    2.00 v input external delay
     1    0.01    0.03    0.02    2.02 v reset (in)
                                         reset (net)
                  0.03    0.00    2.02 v _1835_/A (sky130_fd_sc_hd__buf_1)
     4    0.02    0.12    0.16    2.18 v _1835_/X (sky130_fd_sc_hd__buf_1)
                                         _0955_ (net)
                  0.12    0.00    2.19 v _1836_/A (sky130_fd_sc_hd__buf_1)
     3    0.01    0.08    0.17    2.36 v _1836_/X (sky130_fd_sc_hd__buf_1)
                                         _0956_ (net)
                  0.08    0.00    2.36 v _1858_/A (sky130_fd_sc_hd__buf_1)
     2    0.00    0.04    0.12    2.48 v _1858_/X (sky130_fd_sc_hd__buf_1)
                                         _0960_ (net)
                  0.04    0.00    2.48 v _1859_/A (sky130_fd_sc_hd__buf_1)
    10    0.06    0.35    0.35    2.82 v _1859_/X (sky130_fd_sc_hd__buf_1)
                                         _0961_ (net)
                  0.35    0.00    2.83 v _1861_/A (sky130_fd_sc_hd__inv_2)
     1    0.00    0.08    0.13    2.95 ^ _1861_/Y (sky130_fd_sc_hd__inv_2)
                                         _0019_ (net)
                  0.08    0.00    2.95 ^ _2009_/RESET_B (sky130_fd_sc_hd__dfrtp_2)
                                  2.95   data arrival time

                  0.15   10.00   10.00   clock clk (rise edge)
                          0.00   10.00   clock network delay (ideal)
                         -0.25    9.75   clock uncertainty
                          0.00    9.75   clock reconvergence pessimism
                                  9.75 ^ _2009_/CLK (sky130_fd_sc_hd__dfrtp_2)
                          0.24    9.99   library recovery time
                                  9.99   data required time
-----------------------------------------------------------------------------
                                  9.99   data required time
                                 -2.95   data arrival time
-----------------------------------------------------------------------------
                                  7.04   slack (MET)


Startpoint: reset (input port clocked by clk)
Endpoint: _2010_ (recovery check against rising-edge clock clk)
Path Group: asynchronous
Path Type: max

Fanout     Cap    Slew   Delay    Time   Description
-----------------------------------------------------------------------------
                  0.15    0.00    0.00   clock clk (rise edge)
                          0.00    0.00   clock network delay (ideal)
                          2.00    2.00 v input external delay
     1    0.01    0.03    0.02    2.02 v reset (in)
                                         reset (net)
                  0.03    0.00    2.02 v _1835_/A (sky130_fd_sc_hd__buf_1)
     4    0.02    0.12    0.16    2.18 v _1835_/X (sky130_fd_sc_hd__buf_1)
                                         _0955_ (net)
                  0.12    0.00    2.19 v _1836_/A (sky130_fd_sc_hd__buf_1)
     3    0.01    0.08    0.17    2.36 v _1836_/X (sky130_fd_sc_hd__buf_1)
                                         _0956_ (net)
                  0.08    0.00    2.36 v _1858_/A (sky130_fd_sc_hd__buf_1)
     2    0.00    0.04    0.12    2.48 v _1858_/X (sky130_fd_sc_hd__buf_1)
                                         _0960_ (net)
                  0.04    0.00    2.48 v _1859_/A (sky130_fd_sc_hd__buf_1)
    10    0.06    0.35    0.35    2.82 v _1859_/X (sky130_fd_sc_hd__buf_1)
                                         _0961_ (net)
                  0.35    0.00    2.83 v _1862_/A (sky130_fd_sc_hd__inv_2)
     1    0.00    0.08    0.13    2.95 ^ _1862_/Y (sky130_fd_sc_hd__inv_2)
                                         _0020_ (net)
                  0.08    0.00    2.95 ^ _2010_/RESET_B (sky130_fd_sc_hd__dfrtp_2)
                                  2.95   data arrival time

                  0.15   10.00   10.00   clock clk (rise edge)
                          0.00   10.00   clock network delay (ideal)
                         -0.25    9.75   clock uncertainty
                          0.00    9.75   clock reconvergence pessimism
                                  9.75 ^ _2010_/CLK (sky130_fd_sc_hd__dfrtp_2)
                          0.24    9.99   library recovery time
                                  9.99   data required time
-----------------------------------------------------------------------------
                                  9.99   data required time
                                 -2.95   data arrival time
-----------------------------------------------------------------------------
                                  7.04   slack (MET)


Startpoint: reset (input port clocked by clk)
Endpoint: _2011_ (recovery check against rising-edge clock clk)
Path Group: asynchronous
Path Type: max

Fanout     Cap    Slew   Delay    Time   Description
-----------------------------------------------------------------------------
                  0.15    0.00    0.00   clock clk (rise edge)
                          0.00    0.00   clock network delay (ideal)
                          2.00    2.00 v input external delay
     1    0.01    0.03    0.02    2.02 v reset (in)
                                         reset (net)
                  0.03    0.00    2.02 v _1835_/A (sky130_fd_sc_hd__buf_1)
     4    0.02    0.12    0.16    2.18 v _1835_/X (sky130_fd_sc_hd__buf_1)
                                         _0955_ (net)
                  0.12    0.00    2.19 v _1836_/A (sky130_fd_sc_hd__buf_1)
     3    0.01    0.08    0.17    2.36 v _1836_/X (sky130_fd_sc_hd__buf_1)
                                         _0956_ (net)
                  0.08    0.00    2.36 v _1858_/A (sky130_fd_sc_hd__buf_1)
     2    0.00    0.04    0.12    2.48 v _1858_/X (sky130_fd_sc_hd__buf_1)
                                         _0960_ (net)
                  0.04    0.00    2.48 v _1859_/A (sky130_fd_sc_hd__buf_1)
    10    0.06    0.35    0.35    2.82 v _1859_/X (sky130_fd_sc_hd__buf_1)
                                         _0961_ (net)
                  0.35    0.00    2.83 v _1863_/A (sky130_fd_sc_hd__inv_2)
     1    0.00    0.08    0.12    2.95 ^ _1863_/Y (sky130_fd_sc_hd__inv_2)
                                         _0021_ (net)
                  0.08    0.00    2.95 ^ _2011_/RESET_B (sky130_fd_sc_hd__dfrtp_2)
                                  2.95   data arrival time

                  0.15   10.00   10.00   clock clk (rise edge)
                          0.00   10.00   clock network delay (ideal)
                         -0.25    9.75   clock uncertainty
                          0.00    9.75   clock reconvergence pessimism
                                  9.75 ^ _2011_/CLK (sky130_fd_sc_hd__dfrtp_2)
                          0.24    9.99   library recovery time
                                  9.99   data required time
-----------------------------------------------------------------------------
                                  9.99   data required time
                                 -2.95   data arrival time
-----------------------------------------------------------------------------
                                  7.04   slack (MET)


Startpoint: reset (input port clocked by clk)
Endpoint: _2012_ (recovery check against rising-edge clock clk)
Path Group: asynchronous
Path Type: max

Fanout     Cap    Slew   Delay    Time   Description
-----------------------------------------------------------------------------
                  0.15    0.00    0.00   clock clk (rise edge)
                          0.00    0.00   clock network delay (ideal)
                          2.00    2.00 v input external delay
     1    0.01    0.03    0.02    2.02 v reset (in)
                                         reset (net)
                  0.03    0.00    2.02 v _1835_/A (sky130_fd_sc_hd__buf_1)
     4    0.02    0.12    0.16    2.18 v _1835_/X (sky130_fd_sc_hd__buf_1)
                                         _0955_ (net)
                  0.12    0.00    2.19 v _1836_/A (sky130_fd_sc_hd__buf_1)
     3    0.01    0.08    0.17    2.36 v _1836_/X (sky130_fd_sc_hd__buf_1)
                                         _0956_ (net)
                  0.08    0.00    2.36 v _1858_/A (sky130_fd_sc_hd__buf_1)
     2    0.00    0.04    0.12    2.48 v _1858_/X (sky130_fd_sc_hd__buf_1)
                                         _0960_ (net)
                  0.04    0.00    2.48 v _1859_/A (sky130_fd_sc_hd__buf_1)
    10    0.06    0.35    0.35    2.82 v _1859_/X (sky130_fd_sc_hd__buf_1)
                                         _0961_ (net)
                  0.35    0.00    2.83 v _1864_/A (sky130_fd_sc_hd__inv_2)
     1    0.00    0.08    0.13    2.95 ^ _1864_/Y (sky130_fd_sc_hd__inv_2)
                                         _0022_ (net)
                  0.08    0.00    2.95 ^ _2012_/RESET_B (sky130_fd_sc_hd__dfrtp_2)
                                  2.95   data arrival time

                  0.15   10.00   10.00   clock clk (rise edge)
                          0.00   10.00   clock network delay (ideal)
                         -0.25    9.75   clock uncertainty
                          0.00    9.75   clock reconvergence pessimism
                                  9.75 ^ _2012_/CLK (sky130_fd_sc_hd__dfrtp_2)
                          0.24    9.99   library recovery time
                                  9.99   data required time
-----------------------------------------------------------------------------
                                  9.99   data required time
                                 -2.95   data arrival time
-----------------------------------------------------------------------------
                                  7.04   slack (MET)


Startpoint: reset (input port clocked by clk)
Endpoint: _2015_ (recovery check against rising-edge clock clk)
Path Group: asynchronous
Path Type: max

Fanout     Cap    Slew   Delay    Time   Description
-----------------------------------------------------------------------------
                  0.15    0.00    0.00   clock clk (rise edge)
                          0.00    0.00   clock network delay (ideal)
                          2.00    2.00 v input external delay
     1    0.01    0.03    0.02    2.02 v reset (in)
                                         reset (net)
                  0.03    0.00    2.02 v _1835_/A (sky130_fd_sc_hd__buf_1)
     4    0.02    0.12    0.16    2.18 v _1835_/X (sky130_fd_sc_hd__buf_1)
                                         _0955_ (net)
                  0.12    0.00    2.19 v _1836_/A (sky130_fd_sc_hd__buf_1)
     3    0.01    0.08    0.17    2.36 v _1836_/X (sky130_fd_sc_hd__buf_1)
                                         _0956_ (net)
                  0.08    0.00    2.36 v _1858_/A (sky130_fd_sc_hd__buf_1)
     2    0.00    0.04    0.12    2.48 v _1858_/X (sky130_fd_sc_hd__buf_1)
                                         _0960_ (net)
                  0.04    0.00    2.48 v _1859_/A (sky130_fd_sc_hd__buf_1)
    10    0.06    0.35    0.35    2.82 v _1859_/X (sky130_fd_sc_hd__buf_1)
                                         _0961_ (net)
                  0.35    0.00    2.82 v _1867_/A (sky130_fd_sc_hd__inv_2)
     1    0.00    0.08    0.13    2.95 ^ _1867_/Y (sky130_fd_sc_hd__inv_2)
                                         _0025_ (net)
                  0.08    0.00    2.95 ^ _2015_/RESET_B (sky130_fd_sc_hd__dfrtp_2)
                                  2.95   data arrival time

                  0.15   10.00   10.00   clock clk (rise edge)
                          0.00   10.00   clock network delay (ideal)
                         -0.25    9.75   clock uncertainty
                          0.00    9.75   clock reconvergence pessimism
                                  9.75 ^ _2015_/CLK (sky130_fd_sc_hd__dfrtp_2)
                          0.24    9.99   library recovery time
                                  9.99   data required time
-----------------------------------------------------------------------------
                                  9.99   data required time
                                 -2.95   data arrival time
-----------------------------------------------------------------------------
                                  7.04   slack (MET)


Startpoint: reset (input port clocked by clk)
Endpoint: _2013_ (recovery check against rising-edge clock clk)
Path Group: asynchronous
Path Type: max

Fanout     Cap    Slew   Delay    Time   Description
-----------------------------------------------------------------------------
                  0.15    0.00    0.00   clock clk (rise edge)
                          0.00    0.00   clock network delay (ideal)
                          2.00    2.00 v input external delay
     1    0.01    0.03    0.02    2.02 v reset (in)
                                         reset (net)
                  0.03    0.00    2.02 v _1835_/A (sky130_fd_sc_hd__buf_1)
     4    0.02    0.12    0.16    2.18 v _1835_/X (sky130_fd_sc_hd__buf_1)
                                         _0955_ (net)
                  0.12    0.00    2.19 v _1836_/A (sky130_fd_sc_hd__buf_1)
     3    0.01    0.08    0.17    2.36 v _1836_/X (sky130_fd_sc_hd__buf_1)
                                         _0956_ (net)
                  0.08    0.00    2.36 v _1858_/A (sky130_fd_sc_hd__buf_1)
     2    0.00    0.04    0.12    2.48 v _1858_/X (sky130_fd_sc_hd__buf_1)
                                         _0960_ (net)
                  0.04    0.00    2.48 v _1859_/A (sky130_fd_sc_hd__buf_1)
    10    0.06    0.35    0.35    2.82 v _1859_/X (sky130_fd_sc_hd__buf_1)
                                         _0961_ (net)
                  0.35    0.00    2.82 v _1865_/A (sky130_fd_sc_hd__inv_2)
     1    0.00    0.08    0.12    2.95 ^ _1865_/Y (sky130_fd_sc_hd__inv_2)
                                         _0023_ (net)
                  0.08    0.00    2.95 ^ _2013_/RESET_B (sky130_fd_sc_hd__dfrtp_2)
                                  2.95   data arrival time

                  0.15   10.00   10.00   clock clk (rise edge)
                          0.00   10.00   clock network delay (ideal)
                         -0.25    9.75   clock uncertainty
                          0.00    9.75   clock reconvergence pessimism
                                  9.75 ^ _2013_/CLK (sky130_fd_sc_hd__dfrtp_2)
                          0.24    9.99   library recovery time
                                  9.99   data required time
-----------------------------------------------------------------------------
                                  9.99   data required time
                                 -2.95   data arrival time
-----------------------------------------------------------------------------
                                  7.04   slack (MET)


Startpoint: reset (input port clocked by clk)
Endpoint: _2014_ (recovery check against rising-edge clock clk)
Path Group: asynchronous
Path Type: max

Fanout     Cap    Slew   Delay    Time   Description
-----------------------------------------------------------------------------
                  0.15    0.00    0.00   clock clk (rise edge)
                          0.00    0.00   clock network delay (ideal)
                          2.00    2.00 v input external delay
     1    0.01    0.03    0.02    2.02 v reset (in)
                                         reset (net)
                  0.03    0.00    2.02 v _1835_/A (sky130_fd_sc_hd__buf_1)
     4    0.02    0.12    0.16    2.18 v _1835_/X (sky130_fd_sc_hd__buf_1)
                                         _0955_ (net)
                  0.12    0.00    2.19 v _1836_/A (sky130_fd_sc_hd__buf_1)
     3    0.01    0.08    0.17    2.36 v _1836_/X (sky130_fd_sc_hd__buf_1)
                                         _0956_ (net)
                  0.08    0.00    2.36 v _1858_/A (sky130_fd_sc_hd__buf_1)
     2    0.00    0.04    0.12    2.48 v _1858_/X (sky130_fd_sc_hd__buf_1)
                                         _0960_ (net)
                  0.04    0.00    2.48 v _1859_/A (sky130_fd_sc_hd__buf_1)
    10    0.06    0.35    0.35    2.82 v _1859_/X (sky130_fd_sc_hd__buf_1)
                                         _0961_ (net)
                  0.35    0.00    2.82 v _1866_/A (sky130_fd_sc_hd__inv_2)
     1    0.00    0.08    0.12    2.95 ^ _1866_/Y (sky130_fd_sc_hd__inv_2)
                                         _0024_ (net)
                  0.08    0.00    2.95 ^ _2014_/RESET_B (sky130_fd_sc_hd__dfrtp_2)
                                  2.95   data arrival time

                  0.15   10.00   10.00   clock clk (rise edge)
                          0.00   10.00   clock network delay (ideal)
                         -0.25    9.75   clock uncertainty
                          0.00    9.75   clock reconvergence pessimism
                                  9.75 ^ _2014_/CLK (sky130_fd_sc_hd__dfrtp_2)
                          0.24    9.99   library recovery time
                                  9.99   data required time
-----------------------------------------------------------------------------
                                  9.99   data required time
                                 -2.95   data arrival time
-----------------------------------------------------------------------------
                                  7.04   slack (MET)


Startpoint: reset (input port clocked by clk)
Endpoint: _2016_ (recovery check against rising-edge clock clk)
Path Group: asynchronous
Path Type: max

Fanout     Cap    Slew   Delay    Time   Description
-----------------------------------------------------------------------------
                  0.15    0.00    0.00   clock clk (rise edge)
                          0.00    0.00   clock network delay (ideal)
                          2.00    2.00 v input external delay
     1    0.01    0.03    0.02    2.02 v reset (in)
                                         reset (net)
                  0.03    0.00    2.02 v _1835_/A (sky130_fd_sc_hd__buf_1)
     4    0.02    0.12    0.16    2.18 v _1835_/X (sky130_fd_sc_hd__buf_1)
                                         _0955_ (net)
                  0.12    0.00    2.19 v _1836_/A (sky130_fd_sc_hd__buf_1)
     3    0.01    0.08    0.17    2.36 v _1836_/X (sky130_fd_sc_hd__buf_1)
                                         _0956_ (net)
                  0.08    0.00    2.36 v _1858_/A (sky130_fd_sc_hd__buf_1)
     2    0.00    0.04    0.12    2.48 v _1858_/X (sky130_fd_sc_hd__buf_1)
                                         _0960_ (net)
                  0.04    0.00    2.48 v _1859_/A (sky130_fd_sc_hd__buf_1)
    10    0.06    0.35    0.35    2.82 v _1859_/X (sky130_fd_sc_hd__buf_1)
                                         _0961_ (net)
                  0.35    0.00    2.82 v _1868_/A (sky130_fd_sc_hd__inv_2)
     1    0.00    0.08    0.12    2.95 ^ _1868_/Y (sky130_fd_sc_hd__inv_2)
                                         _0026_ (net)
                  0.08    0.00    2.95 ^ _2016_/RESET_B (sky130_fd_sc_hd__dfrtp_2)
                                  2.95   data arrival time

                  0.15   10.00   10.00   clock clk (rise edge)
                          0.00   10.00   clock network delay (ideal)
                         -0.25    9.75   clock uncertainty
                          0.00    9.75   clock reconvergence pessimism
                                  9.75 ^ _2016_/CLK (sky130_fd_sc_hd__dfrtp_2)
                          0.24    9.99   library recovery time
                                  9.99   data required time
-----------------------------------------------------------------------------
                                  9.99   data required time
                                 -2.95   data arrival time
-----------------------------------------------------------------------------
                                  7.04   slack (MET)


Startpoint: reset (input port clocked by clk)
Endpoint: _2017_ (recovery check against rising-edge clock clk)
Path Group: asynchronous
Path Type: max

Fanout     Cap    Slew   Delay    Time   Description
-----------------------------------------------------------------------------
                  0.15    0.00    0.00   clock clk (rise edge)
                          0.00    0.00   clock network delay (ideal)
                          2.00    2.00 v input external delay
     1    0.01    0.03    0.02    2.02 v reset (in)
                                         reset (net)
                  0.03    0.00    2.02 v _1835_/A (sky130_fd_sc_hd__buf_1)
     4    0.02    0.12    0.16    2.18 v _1835_/X (sky130_fd_sc_hd__buf_1)
                                         _0955_ (net)
                  0.12    0.00    2.19 v _1836_/A (sky130_fd_sc_hd__buf_1)
     3    0.01    0.08    0.17    2.36 v _1836_/X (sky130_fd_sc_hd__buf_1)
                                         _0956_ (net)
                  0.08    0.00    2.36 v _1858_/A (sky130_fd_sc_hd__buf_1)
     2    0.00    0.04    0.12    2.48 v _1858_/X (sky130_fd_sc_hd__buf_1)
                                         _0960_ (net)
                  0.04    0.00    2.48 v _1859_/A (sky130_fd_sc_hd__buf_1)
    10    0.06    0.35    0.35    2.82 v _1859_/X (sky130_fd_sc_hd__buf_1)
                                         _0961_ (net)
                  0.35    0.00    2.82 v _1869_/A (sky130_fd_sc_hd__inv_2)
     1    0.00    0.08    0.12    2.95 ^ _1869_/Y (sky130_fd_sc_hd__inv_2)
                                         _0027_ (net)
                  0.08    0.00    2.95 ^ _2017_/RESET_B (sky130_fd_sc_hd__dfrtp_2)
                                  2.95   data arrival time

                  0.15   10.00   10.00   clock clk (rise edge)
                          0.00   10.00   clock network delay (ideal)
                         -0.25    9.75   clock uncertainty
                          0.00    9.75   clock reconvergence pessimism
                                  9.75 ^ _2017_/CLK (sky130_fd_sc_hd__dfrtp_2)
                          0.24    9.99   library recovery time
                                  9.99   data required time
-----------------------------------------------------------------------------
                                  9.99   data required time
                                 -2.95   data arrival time
-----------------------------------------------------------------------------
                                  7.04   slack (MET)


Startpoint: reset (input port clocked by clk)
Endpoint: _2023_ (recovery check against rising-edge clock clk)
Path Group: asynchronous
Path Type: max

Fanout     Cap    Slew   Delay    Time   Description
-----------------------------------------------------------------------------
                  0.15    0.00    0.00   clock clk (rise edge)
                          0.00    0.00   clock network delay (ideal)
                          2.00    2.00 v input external delay
     1    0.01    0.03    0.02    2.02 v reset (in)
                                         reset (net)
                  0.03    0.00    2.02 v _1835_/A (sky130_fd_sc_hd__buf_1)
     4    0.02    0.12    0.16    2.18 v _1835_/X (sky130_fd_sc_hd__buf_1)
                                         _0955_ (net)
                  0.12    0.00    2.19 v _1836_/A (sky130_fd_sc_hd__buf_1)
     3    0.01    0.08    0.17    2.36 v _1836_/X (sky130_fd_sc_hd__buf_1)
                                         _0956_ (net)
                  0.08    0.00    2.36 v _1875_/A (sky130_fd_sc_hd__buf_1)
     4    0.01    0.09    0.16    2.52 v _1875_/X (sky130_fd_sc_hd__buf_1)
                                         _0963_ (net)
                  0.09    0.00    2.52 v _1876_/A (sky130_fd_sc_hd__buf_1)
     8    0.04    0.23    0.28    2.80 v _1876_/X (sky130_fd_sc_hd__buf_1)
                                         _0964_ (net)
                  0.23    0.00    2.80 v _1878_/A (sky130_fd_sc_hd__inv_2)
     1    0.00    0.06    0.10    2.91 ^ _1878_/Y (sky130_fd_sc_hd__inv_2)
                                         _0033_ (net)
                  0.06    0.00    2.91 ^ _2023_/RESET_B (sky130_fd_sc_hd__dfrtp_2)
                                  2.91   data arrival time

                  0.15   10.00   10.00   clock clk (rise edge)
                          0.00   10.00   clock network delay (ideal)
                         -0.25    9.75   clock uncertainty
                          0.00    9.75   clock reconvergence pessimism
                                  9.75 ^ _2023_/CLK (sky130_fd_sc_hd__dfrtp_2)
                          0.25   10.00   library recovery time
                                 10.00   data required time
-----------------------------------------------------------------------------
                                 10.00   data required time
                                 -2.91   data arrival time
-----------------------------------------------------------------------------
                                  7.09   slack (MET)


Startpoint: reset (input port clocked by clk)
Endpoint: _2024_ (recovery check against rising-edge clock clk)
Path Group: asynchronous
Path Type: max

Fanout     Cap    Slew   Delay    Time   Description
-----------------------------------------------------------------------------
                  0.15    0.00    0.00   clock clk (rise edge)
                          0.00    0.00   clock network delay (ideal)
                          2.00    2.00 v input external delay
     1    0.01    0.03    0.02    2.02 v reset (in)
                                         reset (net)
                  0.03    0.00    2.02 v _1835_/A (sky130_fd_sc_hd__buf_1)
     4    0.02    0.12    0.16    2.18 v _1835_/X (sky130_fd_sc_hd__buf_1)
                                         _0955_ (net)
                  0.12    0.00    2.19 v _1836_/A (sky130_fd_sc_hd__buf_1)
     3    0.01    0.08    0.17    2.36 v _1836_/X (sky130_fd_sc_hd__buf_1)
                                         _0956_ (net)
                  0.08    0.00    2.36 v _1875_/A (sky130_fd_sc_hd__buf_1)
     4    0.01    0.09    0.16    2.52 v _1875_/X (sky130_fd_sc_hd__buf_1)
                                         _0963_ (net)
                  0.09    0.00    2.52 v _1876_/A (sky130_fd_sc_hd__buf_1)
     8    0.04    0.23    0.28    2.80 v _1876_/X (sky130_fd_sc_hd__buf_1)
                                         _0964_ (net)
                  0.23    0.00    2.80 v _1879_/A (sky130_fd_sc_hd__inv_2)
     1    0.00    0.06    0.10    2.91 ^ _1879_/Y (sky130_fd_sc_hd__inv_2)
                                         _0034_ (net)
                  0.06    0.00    2.91 ^ _2024_/RESET_B (sky130_fd_sc_hd__dfrtp_2)
                                  2.91   data arrival time

                  0.15   10.00   10.00   clock clk (rise edge)
                          0.00   10.00   clock network delay (ideal)
                         -0.25    9.75   clock uncertainty
                          0.00    9.75   clock reconvergence pessimism
                                  9.75 ^ _2024_/CLK (sky130_fd_sc_hd__dfrtp_2)
                          0.25   10.00   library recovery time
                                 10.00   data required time
-----------------------------------------------------------------------------
                                 10.00   data required time
                                 -2.91   data arrival time
-----------------------------------------------------------------------------
                                  7.09   slack (MET)


Startpoint: reset (input port clocked by clk)
Endpoint: _2025_ (recovery check against rising-edge clock clk)
Path Group: asynchronous
Path Type: max

Fanout     Cap    Slew   Delay    Time   Description
-----------------------------------------------------------------------------
                  0.15    0.00    0.00   clock clk (rise edge)
                          0.00    0.00   clock network delay (ideal)
                          2.00    2.00 v input external delay
     1    0.01    0.03    0.02    2.02 v reset (in)
                                         reset (net)
                  0.03    0.00    2.02 v _1835_/A (sky130_fd_sc_hd__buf_1)
     4    0.02    0.12    0.16    2.18 v _1835_/X (sky130_fd_sc_hd__buf_1)
                                         _0955_ (net)
                  0.12    0.00    2.19 v _1836_/A (sky130_fd_sc_hd__buf_1)
     3    0.01    0.08    0.17    2.36 v _1836_/X (sky130_fd_sc_hd__buf_1)
                                         _0956_ (net)
                  0.08    0.00    2.36 v _1875_/A (sky130_fd_sc_hd__buf_1)
     4    0.01    0.09    0.16    2.52 v _1875_/X (sky130_fd_sc_hd__buf_1)
                                         _0963_ (net)
                  0.09    0.00    2.52 v _1876_/A (sky130_fd_sc_hd__buf_1)
     8    0.04    0.23    0.28    2.80 v _1876_/X (sky130_fd_sc_hd__buf_1)
                                         _0964_ (net)
                  0.23    0.00    2.80 v _1880_/A (sky130_fd_sc_hd__inv_2)
     1    0.00    0.06    0.10    2.91 ^ _1880_/Y (sky130_fd_sc_hd__inv_2)
                                         _0035_ (net)
                  0.06    0.00    2.91 ^ _2025_/RESET_B (sky130_fd_sc_hd__dfrtp_2)
                                  2.91   data arrival time

                  0.15   10.00   10.00   clock clk (rise edge)
                          0.00   10.00   clock network delay (ideal)
                         -0.25    9.75   clock uncertainty
                          0.00    9.75   clock reconvergence pessimism
                                  9.75 ^ _2025_/CLK (sky130_fd_sc_hd__dfrtp_2)
                          0.25   10.00   library recovery time
                                 10.00   data required time
-----------------------------------------------------------------------------
                                 10.00   data required time
                                 -2.91   data arrival time
-----------------------------------------------------------------------------
                                  7.09   slack (MET)


Startpoint: reset (input port clocked by clk)
Endpoint: _2026_ (recovery check against rising-edge clock clk)
Path Group: asynchronous
Path Type: max

Fanout     Cap    Slew   Delay    Time   Description
-----------------------------------------------------------------------------
                  0.15    0.00    0.00   clock clk (rise edge)
                          0.00    0.00   clock network delay (ideal)
                          2.00    2.00 v input external delay
     1    0.01    0.03    0.02    2.02 v reset (in)
                                         reset (net)
                  0.03    0.00    2.02 v _1835_/A (sky130_fd_sc_hd__buf_1)
     4    0.02    0.12    0.16    2.18 v _1835_/X (sky130_fd_sc_hd__buf_1)
                                         _0955_ (net)
                  0.12    0.00    2.19 v _1836_/A (sky130_fd_sc_hd__buf_1)
     3    0.01    0.08    0.17    2.36 v _1836_/X (sky130_fd_sc_hd__buf_1)
                                         _0956_ (net)
                  0.08    0.00    2.36 v _1875_/A (sky130_fd_sc_hd__buf_1)
     4    0.01    0.09    0.16    2.52 v _1875_/X (sky130_fd_sc_hd__buf_1)
                                         _0963_ (net)
                  0.09    0.00    2.52 v _1876_/A (sky130_fd_sc_hd__buf_1)
     8    0.04    0.23    0.28    2.80 v _1876_/X (sky130_fd_sc_hd__buf_1)
                                         _0964_ (net)
                  0.23    0.00    2.80 v _1881_/A (sky130_fd_sc_hd__inv_2)
     1    0.00    0.06    0.10    2.91 ^ _1881_/Y (sky130_fd_sc_hd__inv_2)
                                         _0036_ (net)
                  0.06    0.00    2.91 ^ _2026_/RESET_B (sky130_fd_sc_hd__dfrtp_2)
                                  2.91   data arrival time

                  0.15   10.00   10.00   clock clk (rise edge)
                          0.00   10.00   clock network delay (ideal)
                         -0.25    9.75   clock uncertainty
                          0.00    9.75   clock reconvergence pessimism
                                  9.75 ^ _2026_/CLK (sky130_fd_sc_hd__dfrtp_2)
                          0.25   10.00   library recovery time
                                 10.00   data required time
-----------------------------------------------------------------------------
                                 10.00   data required time
                                 -2.91   data arrival time
-----------------------------------------------------------------------------
                                  7.09   slack (MET)


Startpoint: reset (input port clocked by clk)
Endpoint: _2022_ (recovery check against rising-edge clock clk)
Path Group: asynchronous
Path Type: max

Fanout     Cap    Slew   Delay    Time   Description
-----------------------------------------------------------------------------
                  0.15    0.00    0.00   clock clk (rise edge)
                          0.00    0.00   clock network delay (ideal)
                          2.00    2.00 v input external delay
     1    0.01    0.03    0.02    2.02 v reset (in)
                                         reset (net)
                  0.03    0.00    2.02 v _1835_/A (sky130_fd_sc_hd__buf_1)
     4    0.02    0.12    0.16    2.18 v _1835_/X (sky130_fd_sc_hd__buf_1)
                                         _0955_ (net)
                  0.12    0.00    2.19 v _1836_/A (sky130_fd_sc_hd__buf_1)
     3    0.01    0.08    0.17    2.36 v _1836_/X (sky130_fd_sc_hd__buf_1)
                                         _0956_ (net)
                  0.08    0.00    2.36 v _1875_/A (sky130_fd_sc_hd__buf_1)
     4    0.01    0.09    0.16    2.52 v _1875_/X (sky130_fd_sc_hd__buf_1)
                                         _0963_ (net)
                  0.09    0.00    2.52 v _1876_/A (sky130_fd_sc_hd__buf_1)
     8    0.04    0.23    0.28    2.80 v _1876_/X (sky130_fd_sc_hd__buf_1)
                                         _0964_ (net)
                  0.23    0.00    2.80 v _1877_/A (sky130_fd_sc_hd__inv_2)
     1    0.00    0.06    0.10    2.91 ^ _1877_/Y (sky130_fd_sc_hd__inv_2)
                                         _0032_ (net)
                  0.06    0.00    2.91 ^ _2022_/RESET_B (sky130_fd_sc_hd__dfrtp_2)
                                  2.91   data arrival time

                  0.15   10.00   10.00   clock clk (rise edge)
                          0.00   10.00   clock network delay (ideal)
                         -0.25    9.75   clock uncertainty
                          0.00    9.75   clock reconvergence pessimism
                                  9.75 ^ _2022_/CLK (sky130_fd_sc_hd__dfrtp_2)
                          0.25   10.00   library recovery time
                                 10.00   data required time
-----------------------------------------------------------------------------
                                 10.00   data required time
                                 -2.91   data arrival time
-----------------------------------------------------------------------------
                                  7.09   slack (MET)


Startpoint: reset (input port clocked by clk)
Endpoint: _2028_ (recovery check against rising-edge clock clk)
Path Group: asynchronous
Path Type: max

Fanout     Cap    Slew   Delay    Time   Description
-----------------------------------------------------------------------------
                  0.15    0.00    0.00   clock clk (rise edge)
                          0.00    0.00   clock network delay (ideal)
                          2.00    2.00 v input external delay
     1    0.01    0.03    0.02    2.02 v reset (in)
                                         reset (net)
                  0.03    0.00    2.02 v _1835_/A (sky130_fd_sc_hd__buf_1)
     4    0.02    0.12    0.16    2.18 v _1835_/X (sky130_fd_sc_hd__buf_1)
                                         _0955_ (net)
                  0.12    0.00    2.19 v _1836_/A (sky130_fd_sc_hd__buf_1)
     3    0.01    0.08    0.17    2.36 v _1836_/X (sky130_fd_sc_hd__buf_1)
                                         _0956_ (net)
                  0.08    0.00    2.36 v _1875_/A (sky130_fd_sc_hd__buf_1)
     4    0.01    0.09    0.16    2.52 v _1875_/X (sky130_fd_sc_hd__buf_1)
                                         _0963_ (net)
                  0.09    0.00    2.52 v _1876_/A (sky130_fd_sc_hd__buf_1)
     8    0.04    0.23    0.28    2.80 v _1876_/X (sky130_fd_sc_hd__buf_1)
                                         _0964_ (net)
                  0.23    0.00    2.80 v _1883_/A (sky130_fd_sc_hd__inv_2)
     1    0.00    0.06    0.10    2.91 ^ _1883_/Y (sky130_fd_sc_hd__inv_2)
                                         _0038_ (net)
                  0.06    0.00    2.91 ^ _2028_/RESET_B (sky130_fd_sc_hd__dfrtp_2)
                                  2.91   data arrival time

                  0.15   10.00   10.00   clock clk (rise edge)
                          0.00   10.00   clock network delay (ideal)
                         -0.25    9.75   clock uncertainty
                          0.00    9.75   clock reconvergence pessimism
                                  9.75 ^ _2028_/CLK (sky130_fd_sc_hd__dfrtp_2)
                          0.25   10.00   library recovery time
                                 10.00   data required time
-----------------------------------------------------------------------------
                                 10.00   data required time
                                 -2.91   data arrival time
-----------------------------------------------------------------------------
                                  7.09   slack (MET)


Startpoint: reset (input port clocked by clk)
Endpoint: _2027_ (recovery check against rising-edge clock clk)
Path Group: asynchronous
Path Type: max

Fanout     Cap    Slew   Delay    Time   Description
-----------------------------------------------------------------------------
                  0.15    0.00    0.00   clock clk (rise edge)
                          0.00    0.00   clock network delay (ideal)
                          2.00    2.00 v input external delay
     1    0.01    0.03    0.02    2.02 v reset (in)
                                         reset (net)
                  0.03    0.00    2.02 v _1835_/A (sky130_fd_sc_hd__buf_1)
     4    0.02    0.12    0.16    2.18 v _1835_/X (sky130_fd_sc_hd__buf_1)
                                         _0955_ (net)
                  0.12    0.00    2.19 v _1836_/A (sky130_fd_sc_hd__buf_1)
     3    0.01    0.08    0.17    2.36 v _1836_/X (sky130_fd_sc_hd__buf_1)
                                         _0956_ (net)
                  0.08    0.00    2.36 v _1875_/A (sky130_fd_sc_hd__buf_1)
     4    0.01    0.09    0.16    2.52 v _1875_/X (sky130_fd_sc_hd__buf_1)
                                         _0963_ (net)
                  0.09    0.00    2.52 v _1876_/A (sky130_fd_sc_hd__buf_1)
     8    0.04    0.23    0.28    2.80 v _1876_/X (sky130_fd_sc_hd__buf_1)
                                         _0964_ (net)
                  0.23    0.00    2.80 v _1882_/A (sky130_fd_sc_hd__inv_2)
     1    0.00    0.06    0.10    2.91 ^ _1882_/Y (sky130_fd_sc_hd__inv_2)
                                         _0037_ (net)
                  0.06    0.00    2.91 ^ _2027_/RESET_B (sky130_fd_sc_hd__dfrtp_2)
                                  2.91   data arrival time

                  0.15   10.00   10.00   clock clk (rise edge)
                          0.00   10.00   clock network delay (ideal)
                         -0.25    9.75   clock uncertainty
                          0.00    9.75   clock reconvergence pessimism
                                  9.75 ^ _2027_/CLK (sky130_fd_sc_hd__dfrtp_2)
                          0.25   10.00   library recovery time
                                 10.00   data required time
-----------------------------------------------------------------------------
                                 10.00   data required time
                                 -2.91   data arrival time
-----------------------------------------------------------------------------
                                  7.09   slack (MET)


Startpoint: reset (input port clocked by clk)
Endpoint: _2029_ (recovery check against rising-edge clock clk)
Path Group: asynchronous
Path Type: max

Fanout     Cap    Slew   Delay    Time   Description
-----------------------------------------------------------------------------
                  0.15    0.00    0.00   clock clk (rise edge)
                          0.00    0.00   clock network delay (ideal)
                          2.00    2.00 v input external delay
     1    0.01    0.03    0.02    2.02 v reset (in)
                                         reset (net)
                  0.03    0.00    2.02 v _1835_/A (sky130_fd_sc_hd__buf_1)
     4    0.02    0.12    0.16    2.18 v _1835_/X (sky130_fd_sc_hd__buf_1)
                                         _0955_ (net)
                  0.12    0.00    2.19 v _1836_/A (sky130_fd_sc_hd__buf_1)
     3    0.01    0.08    0.17    2.36 v _1836_/X (sky130_fd_sc_hd__buf_1)
                                         _0956_ (net)
                  0.08    0.00    2.36 v _1875_/A (sky130_fd_sc_hd__buf_1)
     4    0.01    0.09    0.16    2.52 v _1875_/X (sky130_fd_sc_hd__buf_1)
                                         _0963_ (net)
                  0.09    0.00    2.52 v _1876_/A (sky130_fd_sc_hd__buf_1)
     8    0.04    0.23    0.28    2.80 v _1876_/X (sky130_fd_sc_hd__buf_1)
                                         _0964_ (net)
                  0.23    0.00    2.80 v _1884_/A (sky130_fd_sc_hd__inv_2)
     1    0.00    0.06    0.10    2.90 ^ _1884_/Y (sky130_fd_sc_hd__inv_2)
                                         _0039_ (net)
                  0.06    0.00    2.90 ^ _2029_/RESET_B (sky130_fd_sc_hd__dfrtp_2)
                                  2.90   data arrival time

                  0.15   10.00   10.00   clock clk (rise edge)
                          0.00   10.00   clock network delay (ideal)
                         -0.25    9.75   clock uncertainty
                          0.00    9.75   clock reconvergence pessimism
                                  9.75 ^ _2029_/CLK (sky130_fd_sc_hd__dfrtp_2)
                          0.25   10.00   library recovery time
                                 10.00   data required time
-----------------------------------------------------------------------------
                                 10.00   data required time
                                 -2.90   data arrival time
-----------------------------------------------------------------------------
                                  7.09   slack (MET)


Startpoint: reset (input port clocked by clk)
Endpoint: _2070_ (recovery check against rising-edge clock clk)
Path Group: asynchronous
Path Type: max

Fanout     Cap    Slew   Delay    Time   Description
-----------------------------------------------------------------------------
                  0.15    0.00    0.00   clock clk (rise edge)
                          0.00    0.00   clock network delay (ideal)
                          2.00    2.00 v input external delay
     1    0.01    0.03    0.02    2.02 v reset (in)
                                         reset (net)
                  0.03    0.00    2.02 v _1835_/A (sky130_fd_sc_hd__buf_1)
     4    0.02    0.12    0.16    2.18 v _1835_/X (sky130_fd_sc_hd__buf_1)
                                         _0955_ (net)
                  0.12    0.00    2.18 v _1912_/A (sky130_fd_sc_hd__buf_1)
     4    0.02    0.10    0.19    2.37 v _1912_/X (sky130_fd_sc_hd__buf_1)
                                         _0968_ (net)
                  0.10    0.00    2.38 v _1922_/A (sky130_fd_sc_hd__buf_1)
    10    0.06    0.34    0.37    2.74 v _1922_/X (sky130_fd_sc_hd__buf_1)
                                         _0970_ (net)
                  0.34    0.00    2.75 v _1931_/A (sky130_fd_sc_hd__inv_2)
     1    0.00    0.08    0.12    2.87 ^ _1931_/Y (sky130_fd_sc_hd__inv_2)
                                         _0080_ (net)
                  0.08    0.00    2.87 ^ _2070_/RESET_B (sky130_fd_sc_hd__dfrtp_2)
                                  2.87   data arrival time

                  0.15   10.00   10.00   clock clk (rise edge)
                          0.00   10.00   clock network delay (ideal)
                         -0.25    9.75   clock uncertainty
                          0.00    9.75   clock reconvergence pessimism
                                  9.75 ^ _2070_/CLK (sky130_fd_sc_hd__dfrtp_2)
                          0.24    9.99   library recovery time
                                  9.99   data required time
-----------------------------------------------------------------------------
                                  9.99   data required time
                                 -2.87   data arrival time
-----------------------------------------------------------------------------
                                  7.12   slack (MET)


Startpoint: reset (input port clocked by clk)
Endpoint: _2071_ (recovery check against rising-edge clock clk)
Path Group: asynchronous
Path Type: max

Fanout     Cap    Slew   Delay    Time   Description
-----------------------------------------------------------------------------
                  0.15    0.00    0.00   clock clk (rise edge)
                          0.00    0.00   clock network delay (ideal)
                          2.00    2.00 v input external delay
     1    0.01    0.03    0.02    2.02 v reset (in)
                                         reset (net)
                  0.03    0.00    2.02 v _1835_/A (sky130_fd_sc_hd__buf_1)
     4    0.02    0.12    0.16    2.18 v _1835_/X (sky130_fd_sc_hd__buf_1)
                                         _0955_ (net)
                  0.12    0.00    2.18 v _1912_/A (sky130_fd_sc_hd__buf_1)
     4    0.02    0.10    0.19    2.37 v _1912_/X (sky130_fd_sc_hd__buf_1)
                                         _0968_ (net)
                  0.10    0.00    2.38 v _1922_/A (sky130_fd_sc_hd__buf_1)
    10    0.06    0.34    0.37    2.74 v _1922_/X (sky130_fd_sc_hd__buf_1)
                                         _0970_ (net)
                  0.34    0.00    2.75 v _1932_/A (sky130_fd_sc_hd__inv_2)
     1    0.00    0.08    0.12    2.87 ^ _1932_/Y (sky130_fd_sc_hd__inv_2)
                                         _0081_ (net)
                  0.08    0.00    2.87 ^ _2071_/RESET_B (sky130_fd_sc_hd__dfrtp_2)
                                  2.87   data arrival time

                  0.15   10.00   10.00   clock clk (rise edge)
                          0.00   10.00   clock network delay (ideal)
                         -0.25    9.75   clock uncertainty
                          0.00    9.75   clock reconvergence pessimism
                                  9.75 ^ _2071_/CLK (sky130_fd_sc_hd__dfrtp_2)
                          0.24    9.99   library recovery time
                                  9.99   data required time
-----------------------------------------------------------------------------
                                  9.99   data required time
                                 -2.87   data arrival time
-----------------------------------------------------------------------------
                                  7.12   slack (MET)


Startpoint: reset (input port clocked by clk)
Endpoint: _2066_ (recovery check against rising-edge clock clk)
Path Group: asynchronous
Path Type: max

Fanout     Cap    Slew   Delay    Time   Description
-----------------------------------------------------------------------------
                  0.15    0.00    0.00   clock clk (rise edge)
                          0.00    0.00   clock network delay (ideal)
                          2.00    2.00 v input external delay
     1    0.01    0.03    0.02    2.02 v reset (in)
                                         reset (net)
                  0.03    0.00    2.02 v _1835_/A (sky130_fd_sc_hd__buf_1)
     4    0.02    0.12    0.16    2.18 v _1835_/X (sky130_fd_sc_hd__buf_1)
                                         _0955_ (net)
                  0.12    0.00    2.18 v _1912_/A (sky130_fd_sc_hd__buf_1)
     4    0.02    0.10    0.19    2.37 v _1912_/X (sky130_fd_sc_hd__buf_1)
                                         _0968_ (net)
                  0.10    0.00    2.38 v _1922_/A (sky130_fd_sc_hd__buf_1)
    10    0.06    0.34    0.37    2.74 v _1922_/X (sky130_fd_sc_hd__buf_1)
                                         _0970_ (net)
                  0.34    0.00    2.75 v _1927_/A (sky130_fd_sc_hd__inv_2)
     1    0.00    0.08    0.12    2.87 ^ _1927_/Y (sky130_fd_sc_hd__inv_2)
                                         _0076_ (net)
                  0.08    0.00    2.87 ^ _2066_/RESET_B (sky130_fd_sc_hd__dfrtp_2)
                                  2.87   data arrival time

                  0.15   10.00   10.00   clock clk (rise edge)
                          0.00   10.00   clock network delay (ideal)
                         -0.25    9.75   clock uncertainty
                          0.00    9.75   clock reconvergence pessimism
                                  9.75 ^ _2066_/CLK (sky130_fd_sc_hd__dfrtp_2)
                          0.24    9.99   library recovery time
                                  9.99   data required time
-----------------------------------------------------------------------------
                                  9.99   data required time
                                 -2.87   data arrival time
-----------------------------------------------------------------------------
                                  7.12   slack (MET)


Startpoint: reset (input port clocked by clk)
Endpoint: _2069_ (recovery check against rising-edge clock clk)
Path Group: asynchronous
Path Type: max

Fanout     Cap    Slew   Delay    Time   Description
-----------------------------------------------------------------------------
                  0.15    0.00    0.00   clock clk (rise edge)
                          0.00    0.00   clock network delay (ideal)
                          2.00    2.00 v input external delay
     1    0.01    0.03    0.02    2.02 v reset (in)
                                         reset (net)
                  0.03    0.00    2.02 v _1835_/A (sky130_fd_sc_hd__buf_1)
     4    0.02    0.12    0.16    2.18 v _1835_/X (sky130_fd_sc_hd__buf_1)
                                         _0955_ (net)
                  0.12    0.00    2.18 v _1912_/A (sky130_fd_sc_hd__buf_1)
     4    0.02    0.10    0.19    2.37 v _1912_/X (sky130_fd_sc_hd__buf_1)
                                         _0968_ (net)
                  0.10    0.00    2.38 v _1922_/A (sky130_fd_sc_hd__buf_1)
    10    0.06    0.34    0.37    2.74 v _1922_/X (sky130_fd_sc_hd__buf_1)
                                         _0970_ (net)
                  0.34    0.00    2.75 v _1930_/A (sky130_fd_sc_hd__inv_2)
     1    0.00    0.08    0.12    2.87 ^ _1930_/Y (sky130_fd_sc_hd__inv_2)
                                         _0079_ (net)
                  0.08    0.00    2.87 ^ _2069_/RESET_B (sky130_fd_sc_hd__dfrtp_2)
                                  2.87   data arrival time

                  0.15   10.00   10.00   clock clk (rise edge)
                          0.00   10.00   clock network delay (ideal)
                         -0.25    9.75   clock uncertainty
                          0.00    9.75   clock reconvergence pessimism
                                  9.75 ^ _2069_/CLK (sky130_fd_sc_hd__dfrtp_2)
                          0.24    9.99   library recovery time
                                  9.99   data required time
-----------------------------------------------------------------------------
                                  9.99   data required time
                                 -2.87   data arrival time
-----------------------------------------------------------------------------
                                  7.12   slack (MET)


Startpoint: reset (input port clocked by clk)
Endpoint: _2068_ (recovery check against rising-edge clock clk)
Path Group: asynchronous
Path Type: max

Fanout     Cap    Slew   Delay    Time   Description
-----------------------------------------------------------------------------
                  0.15    0.00    0.00   clock clk (rise edge)
                          0.00    0.00   clock network delay (ideal)
                          2.00    2.00 v input external delay
     1    0.01    0.03    0.02    2.02 v reset (in)
                                         reset (net)
                  0.03    0.00    2.02 v _1835_/A (sky130_fd_sc_hd__buf_1)
     4    0.02    0.12    0.16    2.18 v _1835_/X (sky130_fd_sc_hd__buf_1)
                                         _0955_ (net)
                  0.12    0.00    2.18 v _1912_/A (sky130_fd_sc_hd__buf_1)
     4    0.02    0.10    0.19    2.37 v _1912_/X (sky130_fd_sc_hd__buf_1)
                                         _0968_ (net)
                  0.10    0.00    2.38 v _1922_/A (sky130_fd_sc_hd__buf_1)
    10    0.06    0.34    0.37    2.74 v _1922_/X (sky130_fd_sc_hd__buf_1)
                                         _0970_ (net)
                  0.34    0.00    2.74 v _1929_/A (sky130_fd_sc_hd__inv_2)
     1    0.00    0.08    0.12    2.87 ^ _1929_/Y (sky130_fd_sc_hd__inv_2)
                                         _0078_ (net)
                  0.08    0.00    2.87 ^ _2068_/RESET_B (sky130_fd_sc_hd__dfrtp_2)
                                  2.87   data arrival time

                  0.15   10.00   10.00   clock clk (rise edge)
                          0.00   10.00   clock network delay (ideal)
                         -0.25    9.75   clock uncertainty
                          0.00    9.75   clock reconvergence pessimism
                                  9.75 ^ _2068_/CLK (sky130_fd_sc_hd__dfrtp_2)
                          0.24    9.99   library recovery time
                                  9.99   data required time
-----------------------------------------------------------------------------
                                  9.99   data required time
                                 -2.87   data arrival time
-----------------------------------------------------------------------------
                                  7.12   slack (MET)


Startpoint: reset (input port clocked by clk)
Endpoint: _2067_ (recovery check against rising-edge clock clk)
Path Group: asynchronous
Path Type: max

Fanout     Cap    Slew   Delay    Time   Description
-----------------------------------------------------------------------------
                  0.15    0.00    0.00   clock clk (rise edge)
                          0.00    0.00   clock network delay (ideal)
                          2.00    2.00 v input external delay
     1    0.01    0.03    0.02    2.02 v reset (in)
                                         reset (net)
                  0.03    0.00    2.02 v _1835_/A (sky130_fd_sc_hd__buf_1)
     4    0.02    0.12    0.16    2.18 v _1835_/X (sky130_fd_sc_hd__buf_1)
                                         _0955_ (net)
                  0.12    0.00    2.18 v _1912_/A (sky130_fd_sc_hd__buf_1)
     4    0.02    0.10    0.19    2.37 v _1912_/X (sky130_fd_sc_hd__buf_1)
                                         _0968_ (net)
                  0.10    0.00    2.38 v _1922_/A (sky130_fd_sc_hd__buf_1)
    10    0.06    0.34    0.37    2.74 v _1922_/X (sky130_fd_sc_hd__buf_1)
                                         _0970_ (net)
                  0.34    0.00    2.75 v _1928_/A (sky130_fd_sc_hd__inv_2)
     1    0.00    0.08    0.12    2.87 ^ _1928_/Y (sky130_fd_sc_hd__inv_2)
                                         _0077_ (net)
                  0.08    0.00    2.87 ^ _2067_/RESET_B (sky130_fd_sc_hd__dfrtp_2)
                                  2.87   data arrival time

                  0.15   10.00   10.00   clock clk (rise edge)
                          0.00   10.00   clock network delay (ideal)
                         -0.25    9.75   clock uncertainty
                          0.00    9.75   clock reconvergence pessimism
                                  9.75 ^ _2067_/CLK (sky130_fd_sc_hd__dfrtp_2)
                          0.24    9.99   library recovery time
                                  9.99   data required time
-----------------------------------------------------------------------------
                                  9.99   data required time
                                 -2.87   data arrival time
-----------------------------------------------------------------------------
                                  7.12   slack (MET)


Startpoint: reset (input port clocked by clk)
Endpoint: _2064_ (recovery check against rising-edge clock clk)
Path Group: asynchronous
Path Type: max

Fanout     Cap    Slew   Delay    Time   Description
-----------------------------------------------------------------------------
                  0.15    0.00    0.00   clock clk (rise edge)
                          0.00    0.00   clock network delay (ideal)
                          2.00    2.00 v input external delay
     1    0.01    0.03    0.02    2.02 v reset (in)
                                         reset (net)
                  0.03    0.00    2.02 v _1835_/A (sky130_fd_sc_hd__buf_1)
     4    0.02    0.12    0.16    2.18 v _1835_/X (sky130_fd_sc_hd__buf_1)
                                         _0955_ (net)
                  0.12    0.00    2.18 v _1912_/A (sky130_fd_sc_hd__buf_1)
     4    0.02    0.10    0.19    2.37 v _1912_/X (sky130_fd_sc_hd__buf_1)
                                         _0968_ (net)
                  0.10    0.00    2.38 v _1922_/A (sky130_fd_sc_hd__buf_1)
    10    0.06    0.34    0.37    2.74 v _1922_/X (sky130_fd_sc_hd__buf_1)
                                         _0970_ (net)
                  0.34    0.00    2.74 v _1925_/A (sky130_fd_sc_hd__inv_2)
     1    0.00    0.08    0.12    2.87 ^ _1925_/Y (sky130_fd_sc_hd__inv_2)
                                         _0074_ (net)
                  0.08    0.00    2.87 ^ _2064_/RESET_B (sky130_fd_sc_hd__dfrtp_2)
                                  2.87   data arrival time

                  0.15   10.00   10.00   clock clk (rise edge)
                          0.00   10.00   clock network delay (ideal)
                         -0.25    9.75   clock uncertainty
                          0.00    9.75   clock reconvergence pessimism
                                  9.75 ^ _2064_/CLK (sky130_fd_sc_hd__dfrtp_2)
                          0.24    9.99   library recovery time
                                  9.99   data required time
-----------------------------------------------------------------------------
                                  9.99   data required time
                                 -2.87   data arrival time
-----------------------------------------------------------------------------
                                  7.13   slack (MET)


Startpoint: reset (input port clocked by clk)
Endpoint: _2062_ (recovery check against rising-edge clock clk)
Path Group: asynchronous
Path Type: max

Fanout     Cap    Slew   Delay    Time   Description
-----------------------------------------------------------------------------
                  0.15    0.00    0.00   clock clk (rise edge)
                          0.00    0.00   clock network delay (ideal)
                          2.00    2.00 v input external delay
     1    0.01    0.03    0.02    2.02 v reset (in)
                                         reset (net)
                  0.03    0.00    2.02 v _1835_/A (sky130_fd_sc_hd__buf_1)
     4    0.02    0.12    0.16    2.18 v _1835_/X (sky130_fd_sc_hd__buf_1)
                                         _0955_ (net)
                  0.12    0.00    2.18 v _1912_/A (sky130_fd_sc_hd__buf_1)
     4    0.02    0.10    0.19    2.37 v _1912_/X (sky130_fd_sc_hd__buf_1)
                                         _0968_ (net)
                  0.10    0.00    2.38 v _1922_/A (sky130_fd_sc_hd__buf_1)
    10    0.06    0.34    0.37    2.74 v _1922_/X (sky130_fd_sc_hd__buf_1)
                                         _0970_ (net)
                  0.34    0.00    2.74 v _1923_/A (sky130_fd_sc_hd__inv_2)
     1    0.00    0.08    0.12    2.86 ^ _1923_/Y (sky130_fd_sc_hd__inv_2)
                                         _0072_ (net)
                  0.08    0.00    2.86 ^ _2062_/RESET_B (sky130_fd_sc_hd__dfrtp_2)
                                  2.86   data arrival time

                  0.15   10.00   10.00   clock clk (rise edge)
                          0.00   10.00   clock network delay (ideal)
                         -0.25    9.75   clock uncertainty
                          0.00    9.75   clock reconvergence pessimism
                                  9.75 ^ _2062_/CLK (sky130_fd_sc_hd__dfrtp_2)
                          0.24    9.99   library recovery time
                                  9.99   data required time
-----------------------------------------------------------------------------
                                  9.99   data required time
                                 -2.86   data arrival time
-----------------------------------------------------------------------------
                                  7.13   slack (MET)


Startpoint: reset (input port clocked by clk)
Endpoint: _2065_ (recovery check against rising-edge clock clk)
Path Group: asynchronous
Path Type: max

Fanout     Cap    Slew   Delay    Time   Description
-----------------------------------------------------------------------------
                  0.15    0.00    0.00   clock clk (rise edge)
                          0.00    0.00   clock network delay (ideal)
                          2.00    2.00 v input external delay
     1    0.01    0.03    0.02    2.02 v reset (in)
                                         reset (net)
                  0.03    0.00    2.02 v _1835_/A (sky130_fd_sc_hd__buf_1)
     4    0.02    0.12    0.16    2.18 v _1835_/X (sky130_fd_sc_hd__buf_1)
                                         _0955_ (net)
                  0.12    0.00    2.18 v _1912_/A (sky130_fd_sc_hd__buf_1)
     4    0.02    0.10    0.19    2.37 v _1912_/X (sky130_fd_sc_hd__buf_1)
                                         _0968_ (net)
                  0.10    0.00    2.38 v _1922_/A (sky130_fd_sc_hd__buf_1)
    10    0.06    0.34    0.37    2.74 v _1922_/X (sky130_fd_sc_hd__buf_1)
                                         _0970_ (net)
                  0.34    0.00    2.74 v _1926_/A (sky130_fd_sc_hd__inv_2)
     1    0.00    0.08    0.12    2.86 ^ _1926_/Y (sky130_fd_sc_hd__inv_2)
                                         _0075_ (net)
                  0.08    0.00    2.86 ^ _2065_/RESET_B (sky130_fd_sc_hd__dfrtp_2)
                                  2.86   data arrival time

                  0.15   10.00   10.00   clock clk (rise edge)
                          0.00   10.00   clock network delay (ideal)
                         -0.25    9.75   clock uncertainty
                          0.00    9.75   clock reconvergence pessimism
                                  9.75 ^ _2065_/CLK (sky130_fd_sc_hd__dfrtp_2)
                          0.24    9.99   library recovery time
                                  9.99   data required time
-----------------------------------------------------------------------------
                                  9.99   data required time
                                 -2.86   data arrival time
-----------------------------------------------------------------------------
                                  7.13   slack (MET)


Startpoint: reset (input port clocked by clk)
Endpoint: _2063_ (recovery check against rising-edge clock clk)
Path Group: asynchronous
Path Type: max

Fanout     Cap    Slew   Delay    Time   Description
-----------------------------------------------------------------------------
                  0.15    0.00    0.00   clock clk (rise edge)
                          0.00    0.00   clock network delay (ideal)
                          2.00    2.00 v input external delay
     1    0.01    0.03    0.02    2.02 v reset (in)
                                         reset (net)
                  0.03    0.00    2.02 v _1835_/A (sky130_fd_sc_hd__buf_1)
     4    0.02    0.12    0.16    2.18 v _1835_/X (sky130_fd_sc_hd__buf_1)
                                         _0955_ (net)
                  0.12    0.00    2.18 v _1912_/A (sky130_fd_sc_hd__buf_1)
     4    0.02    0.10    0.19    2.37 v _1912_/X (sky130_fd_sc_hd__buf_1)
                                         _0968_ (net)
                  0.10    0.00    2.38 v _1922_/A (sky130_fd_sc_hd__buf_1)
    10    0.06    0.34    0.37    2.74 v _1922_/X (sky130_fd_sc_hd__buf_1)
                                         _0970_ (net)
                  0.34    0.00    2.74 v _1924_/A (sky130_fd_sc_hd__inv_2)
     1    0.00    0.08    0.12    2.86 ^ _1924_/Y (sky130_fd_sc_hd__inv_2)
                                         _0073_ (net)
                  0.08    0.00    2.86 ^ _2063_/RESET_B (sky130_fd_sc_hd__dfrtp_2)
                                  2.86   data arrival time

                  0.15   10.00   10.00   clock clk (rise edge)
                          0.00   10.00   clock network delay (ideal)
                         -0.25    9.75   clock uncertainty
                          0.00    9.75   clock reconvergence pessimism
                                  9.75 ^ _2063_/CLK (sky130_fd_sc_hd__dfrtp_2)
                          0.24    9.99   library recovery time
                                  9.99   data required time
-----------------------------------------------------------------------------
                                  9.99   data required time
                                 -2.86   data arrival time
-----------------------------------------------------------------------------
                                  7.13   slack (MET)


Startpoint: reset (input port clocked by clk)
Endpoint: _2072_ (recovery check against rising-edge clock clk)
Path Group: asynchronous
Path Type: max

Fanout     Cap    Slew   Delay    Time   Description
-----------------------------------------------------------------------------
                  0.15    0.00    0.00   clock clk (rise edge)
                          0.00    0.00   clock network delay (ideal)
                          2.00    2.00 v input external delay
     1    0.01    0.03    0.02    2.02 v reset (in)
                                         reset (net)
                  0.03    0.00    2.02 v _1835_/A (sky130_fd_sc_hd__buf_1)
     4    0.02    0.12    0.16    2.18 v _1835_/X (sky130_fd_sc_hd__buf_1)
                                         _0955_ (net)
                  0.12    0.00    2.18 v _1912_/A (sky130_fd_sc_hd__buf_1)
     4    0.02    0.10    0.19    2.37 v _1912_/X (sky130_fd_sc_hd__buf_1)
                                         _0968_ (net)
                  0.10    0.00    2.37 v _1933_/A (sky130_fd_sc_hd__buf_1)
    10    0.05    0.31    0.34    2.71 v _1933_/X (sky130_fd_sc_hd__buf_1)
                                         _0971_ (net)
                  0.31    0.00    2.72 v _1934_/A (sky130_fd_sc_hd__inv_2)
     1    0.00    0.08    0.12    2.84 ^ _1934_/Y (sky130_fd_sc_hd__inv_2)
                                         _0082_ (net)
                  0.08    0.00    2.84 ^ _2072_/RESET_B (sky130_fd_sc_hd__dfrtp_2)
                                  2.84   data arrival time

                  0.15   10.00   10.00   clock clk (rise edge)
                          0.00   10.00   clock network delay (ideal)
                         -0.25    9.75   clock uncertainty
                          0.00    9.75   clock reconvergence pessimism
                                  9.75 ^ _2072_/CLK (sky130_fd_sc_hd__dfrtp_2)
                          0.24    9.99   library recovery time
                                  9.99   data required time
-----------------------------------------------------------------------------
                                  9.99   data required time
                                 -2.84   data arrival time
-----------------------------------------------------------------------------
                                  7.15   slack (MET)


Startpoint: reset (input port clocked by clk)
Endpoint: _2073_ (recovery check against rising-edge clock clk)
Path Group: asynchronous
Path Type: max

Fanout     Cap    Slew   Delay    Time   Description
-----------------------------------------------------------------------------
                  0.15    0.00    0.00   clock clk (rise edge)
                          0.00    0.00   clock network delay (ideal)
                          2.00    2.00 v input external delay
     1    0.01    0.03    0.02    2.02 v reset (in)
                                         reset (net)
                  0.03    0.00    2.02 v _1835_/A (sky130_fd_sc_hd__buf_1)
     4    0.02    0.12    0.16    2.18 v _1835_/X (sky130_fd_sc_hd__buf_1)
                                         _0955_ (net)
                  0.12    0.00    2.18 v _1912_/A (sky130_fd_sc_hd__buf_1)
     4    0.02    0.10    0.19    2.37 v _1912_/X (sky130_fd_sc_hd__buf_1)
                                         _0968_ (net)
                  0.10    0.00    2.37 v _1933_/A (sky130_fd_sc_hd__buf_1)
    10    0.05    0.31    0.34    2.71 v _1933_/X (sky130_fd_sc_hd__buf_1)
                                         _0971_ (net)
                  0.31    0.00    2.72 v _1935_/A (sky130_fd_sc_hd__inv_2)
     1    0.00    0.07    0.12    2.84 ^ _1935_/Y (sky130_fd_sc_hd__inv_2)
                                         _0083_ (net)
                  0.07    0.00    2.84 ^ _2073_/RESET_B (sky130_fd_sc_hd__dfrtp_2)
                                  2.84   data arrival time

                  0.15   10.00   10.00   clock clk (rise edge)
                          0.00   10.00   clock network delay (ideal)
                         -0.25    9.75   clock uncertainty
                          0.00    9.75   clock reconvergence pessimism
                                  9.75 ^ _2073_/CLK (sky130_fd_sc_hd__dfrtp_2)
                          0.24    9.99   library recovery time
                                  9.99   data required time
-----------------------------------------------------------------------------
                                  9.99   data required time
                                 -2.84   data arrival time
-----------------------------------------------------------------------------
                                  7.16   slack (MET)


Startpoint: reset (input port clocked by clk)
Endpoint: _2077_ (recovery check against rising-edge clock clk)
Path Group: asynchronous
Path Type: max

Fanout     Cap    Slew   Delay    Time   Description
-----------------------------------------------------------------------------
                  0.15    0.00    0.00   clock clk (rise edge)
                          0.00    0.00   clock network delay (ideal)
                          2.00    2.00 v input external delay
     1    0.01    0.03    0.02    2.02 v reset (in)
                                         reset (net)
                  0.03    0.00    2.02 v _1835_/A (sky130_fd_sc_hd__buf_1)
     4    0.02    0.12    0.16    2.18 v _1835_/X (sky130_fd_sc_hd__buf_1)
                                         _0955_ (net)
                  0.12    0.00    2.18 v _1912_/A (sky130_fd_sc_hd__buf_1)
     4    0.02    0.10    0.19    2.37 v _1912_/X (sky130_fd_sc_hd__buf_1)
                                         _0968_ (net)
                  0.10    0.00    2.37 v _1933_/A (sky130_fd_sc_hd__buf_1)
    10    0.05    0.31    0.34    2.71 v _1933_/X (sky130_fd_sc_hd__buf_1)
                                         _0971_ (net)
                  0.31    0.00    2.72 v _1939_/A (sky130_fd_sc_hd__inv_2)
     1    0.00    0.07    0.12    2.84 ^ _1939_/Y (sky130_fd_sc_hd__inv_2)
                                         _0087_ (net)
                  0.07    0.00    2.84 ^ _2077_/RESET_B (sky130_fd_sc_hd__dfrtp_2)
                                  2.84   data arrival time

                  0.15   10.00   10.00   clock clk (rise edge)
                          0.00   10.00   clock network delay (ideal)
                         -0.25    9.75   clock uncertainty
                          0.00    9.75   clock reconvergence pessimism
                                  9.75 ^ _2077_/CLK (sky130_fd_sc_hd__dfrtp_2)
                          0.24    9.99   library recovery time
                                  9.99   data required time
-----------------------------------------------------------------------------
                                  9.99   data required time
                                 -2.84   data arrival time
-----------------------------------------------------------------------------
                                  7.16   slack (MET)


Startpoint: reset (input port clocked by clk)
Endpoint: _2074_ (recovery check against rising-edge clock clk)
Path Group: asynchronous
Path Type: max

Fanout     Cap    Slew   Delay    Time   Description
-----------------------------------------------------------------------------
                  0.15    0.00    0.00   clock clk (rise edge)
                          0.00    0.00   clock network delay (ideal)
                          2.00    2.00 v input external delay
     1    0.01    0.03    0.02    2.02 v reset (in)
                                         reset (net)
                  0.03    0.00    2.02 v _1835_/A (sky130_fd_sc_hd__buf_1)
     4    0.02    0.12    0.16    2.18 v _1835_/X (sky130_fd_sc_hd__buf_1)
                                         _0955_ (net)
                  0.12    0.00    2.18 v _1912_/A (sky130_fd_sc_hd__buf_1)
     4    0.02    0.10    0.19    2.37 v _1912_/X (sky130_fd_sc_hd__buf_1)
                                         _0968_ (net)
                  0.10    0.00    2.37 v _1933_/A (sky130_fd_sc_hd__buf_1)
    10    0.05    0.31    0.34    2.71 v _1933_/X (sky130_fd_sc_hd__buf_1)
                                         _0971_ (net)
                  0.31    0.00    2.72 v _1936_/A (sky130_fd_sc_hd__inv_2)
     1    0.00    0.07    0.12    2.84 ^ _1936_/Y (sky130_fd_sc_hd__inv_2)
                                         _0084_ (net)
                  0.07    0.00    2.84 ^ _2074_/RESET_B (sky130_fd_sc_hd__dfrtp_2)
                                  2.84   data arrival time

                  0.15   10.00   10.00   clock clk (rise edge)
                          0.00   10.00   clock network delay (ideal)
                         -0.25    9.75   clock uncertainty
                          0.00    9.75   clock reconvergence pessimism
                                  9.75 ^ _2074_/CLK (sky130_fd_sc_hd__dfrtp_2)
                          0.24    9.99   library recovery time
                                  9.99   data required time
-----------------------------------------------------------------------------
                                  9.99   data required time
                                 -2.84   data arrival time
-----------------------------------------------------------------------------
                                  7.16   slack (MET)


Startpoint: reset (input port clocked by clk)
Endpoint: _2075_ (recovery check against rising-edge clock clk)
Path Group: asynchronous
Path Type: max

Fanout     Cap    Slew   Delay    Time   Description
-----------------------------------------------------------------------------
                  0.15    0.00    0.00   clock clk (rise edge)
                          0.00    0.00   clock network delay (ideal)
                          2.00    2.00 v input external delay
     1    0.01    0.03    0.02    2.02 v reset (in)
                                         reset (net)
                  0.03    0.00    2.02 v _1835_/A (sky130_fd_sc_hd__buf_1)
     4    0.02    0.12    0.16    2.18 v _1835_/X (sky130_fd_sc_hd__buf_1)
                                         _0955_ (net)
                  0.12    0.00    2.18 v _1912_/A (sky130_fd_sc_hd__buf_1)
     4    0.02    0.10    0.19    2.37 v _1912_/X (sky130_fd_sc_hd__buf_1)
                                         _0968_ (net)
                  0.10    0.00    2.37 v _1933_/A (sky130_fd_sc_hd__buf_1)
    10    0.05    0.31    0.34    2.71 v _1933_/X (sky130_fd_sc_hd__buf_1)
                                         _0971_ (net)
                  0.31    0.00    2.72 v _1937_/A (sky130_fd_sc_hd__inv_2)
     1    0.00    0.07    0.12    2.84 ^ _1937_/Y (sky130_fd_sc_hd__inv_2)
                                         _0085_ (net)
                  0.07    0.00    2.84 ^ _2075_/RESET_B (sky130_fd_sc_hd__dfrtp_2)
                                  2.84   data arrival time

                  0.15   10.00   10.00   clock clk (rise edge)
                          0.00   10.00   clock network delay (ideal)
                         -0.25    9.75   clock uncertainty
                          0.00    9.75   clock reconvergence pessimism
                                  9.75 ^ _2075_/CLK (sky130_fd_sc_hd__dfrtp_2)
                          0.24    9.99   library recovery time
                                  9.99   data required time
-----------------------------------------------------------------------------
                                  9.99   data required time
                                 -2.84   data arrival time
-----------------------------------------------------------------------------
                                  7.16   slack (MET)


Startpoint: reset (input port clocked by clk)
Endpoint: _2076_ (recovery check against rising-edge clock clk)
Path Group: asynchronous
Path Type: max

Fanout     Cap    Slew   Delay    Time   Description
-----------------------------------------------------------------------------
                  0.15    0.00    0.00   clock clk (rise edge)
                          0.00    0.00   clock network delay (ideal)
                          2.00    2.00 v input external delay
     1    0.01    0.03    0.02    2.02 v reset (in)
                                         reset (net)
                  0.03    0.00    2.02 v _1835_/A (sky130_fd_sc_hd__buf_1)
     4    0.02    0.12    0.16    2.18 v _1835_/X (sky130_fd_sc_hd__buf_1)
                                         _0955_ (net)
                  0.12    0.00    2.18 v _1912_/A (sky130_fd_sc_hd__buf_1)
     4    0.02    0.10    0.19    2.37 v _1912_/X (sky130_fd_sc_hd__buf_1)
                                         _0968_ (net)
                  0.10    0.00    2.37 v _1933_/A (sky130_fd_sc_hd__buf_1)
    10    0.05    0.31    0.34    2.71 v _1933_/X (sky130_fd_sc_hd__buf_1)
                                         _0971_ (net)
                  0.31    0.00    2.72 v _1938_/A (sky130_fd_sc_hd__inv_2)
     1    0.00    0.07    0.12    2.84 ^ _1938_/Y (sky130_fd_sc_hd__inv_2)
                                         _0086_ (net)
                  0.07    0.00    2.84 ^ _2076_/RESET_B (sky130_fd_sc_hd__dfrtp_2)
                                  2.84   data arrival time

                  0.15   10.00   10.00   clock clk (rise edge)
                          0.00   10.00   clock network delay (ideal)
                         -0.25    9.75   clock uncertainty
                          0.00    9.75   clock reconvergence pessimism
                                  9.75 ^ _2076_/CLK (sky130_fd_sc_hd__dfrtp_2)
                          0.24    9.99   library recovery time
                                  9.99   data required time
-----------------------------------------------------------------------------
                                  9.99   data required time
                                 -2.84   data arrival time
-----------------------------------------------------------------------------
                                  7.16   slack (MET)


Startpoint: reset (input port clocked by clk)
Endpoint: _2080_ (recovery check against rising-edge clock clk)
Path Group: asynchronous
Path Type: max

Fanout     Cap    Slew   Delay    Time   Description
-----------------------------------------------------------------------------
                  0.15    0.00    0.00   clock clk (rise edge)
                          0.00    0.00   clock network delay (ideal)
                          2.00    2.00 v input external delay
     1    0.01    0.03    0.02    2.02 v reset (in)
                                         reset (net)
                  0.03    0.00    2.02 v _1835_/A (sky130_fd_sc_hd__buf_1)
     4    0.02    0.12    0.16    2.18 v _1835_/X (sky130_fd_sc_hd__buf_1)
                                         _0955_ (net)
                  0.12    0.00    2.18 v _1912_/A (sky130_fd_sc_hd__buf_1)
     4    0.02    0.10    0.19    2.37 v _1912_/X (sky130_fd_sc_hd__buf_1)
                                         _0968_ (net)
                  0.10    0.00    2.37 v _1933_/A (sky130_fd_sc_hd__buf_1)
    10    0.05    0.31    0.34    2.71 v _1933_/X (sky130_fd_sc_hd__buf_1)
                                         _0971_ (net)
                  0.31    0.00    2.72 v _1942_/A (sky130_fd_sc_hd__inv_2)
     1    0.00    0.07    0.12    2.83 ^ _1942_/Y (sky130_fd_sc_hd__inv_2)
                                         _0090_ (net)
                  0.07    0.00    2.83 ^ _2080_/RESET_B (sky130_fd_sc_hd__dfrtp_2)
                                  2.83   data arrival time

                  0.15   10.00   10.00   clock clk (rise edge)
                          0.00   10.00   clock network delay (ideal)
                         -0.25    9.75   clock uncertainty
                          0.00    9.75   clock reconvergence pessimism
                                  9.75 ^ _2080_/CLK (sky130_fd_sc_hd__dfrtp_2)
                          0.24    9.99   library recovery time
                                  9.99   data required time
-----------------------------------------------------------------------------
                                  9.99   data required time
                                 -2.83   data arrival time
-----------------------------------------------------------------------------
                                  7.16   slack (MET)


Startpoint: reset (input port clocked by clk)
Endpoint: _2079_ (recovery check against rising-edge clock clk)
Path Group: asynchronous
Path Type: max

Fanout     Cap    Slew   Delay    Time   Description
-----------------------------------------------------------------------------
                  0.15    0.00    0.00   clock clk (rise edge)
                          0.00    0.00   clock network delay (ideal)
                          2.00    2.00 v input external delay
     1    0.01    0.03    0.02    2.02 v reset (in)
                                         reset (net)
                  0.03    0.00    2.02 v _1835_/A (sky130_fd_sc_hd__buf_1)
     4    0.02    0.12    0.16    2.18 v _1835_/X (sky130_fd_sc_hd__buf_1)
                                         _0955_ (net)
                  0.12    0.00    2.18 v _1912_/A (sky130_fd_sc_hd__buf_1)
     4    0.02    0.10    0.19    2.37 v _1912_/X (sky130_fd_sc_hd__buf_1)
                                         _0968_ (net)
                  0.10    0.00    2.37 v _1933_/A (sky130_fd_sc_hd__buf_1)
    10    0.05    0.31    0.34    2.71 v _1933_/X (sky130_fd_sc_hd__buf_1)
                                         _0971_ (net)
                  0.31    0.00    2.72 v _1941_/A (sky130_fd_sc_hd__inv_2)
     1    0.00    0.07    0.12    2.83 ^ _1941_/Y (sky130_fd_sc_hd__inv_2)
                                         _0089_ (net)
                  0.07    0.00    2.83 ^ _2079_/RESET_B (sky130_fd_sc_hd__dfrtp_2)
                                  2.83   data arrival time

                  0.15   10.00   10.00   clock clk (rise edge)
                          0.00   10.00   clock network delay (ideal)
                         -0.25    9.75   clock uncertainty
                          0.00    9.75   clock reconvergence pessimism
                                  9.75 ^ _2079_/CLK (sky130_fd_sc_hd__dfrtp_2)
                          0.24    9.99   library recovery time
                                  9.99   data required time
-----------------------------------------------------------------------------
                                  9.99   data required time
                                 -2.83   data arrival time
-----------------------------------------------------------------------------
                                  7.16   slack (MET)


Startpoint: reset (input port clocked by clk)
Endpoint: _2078_ (recovery check against rising-edge clock clk)
Path Group: asynchronous
Path Type: max

Fanout     Cap    Slew   Delay    Time   Description
-----------------------------------------------------------------------------
                  0.15    0.00    0.00   clock clk (rise edge)
                          0.00    0.00   clock network delay (ideal)
                          2.00    2.00 v input external delay
     1    0.01    0.03    0.02    2.02 v reset (in)
                                         reset (net)
                  0.03    0.00    2.02 v _1835_/A (sky130_fd_sc_hd__buf_1)
     4    0.02    0.12    0.16    2.18 v _1835_/X (sky130_fd_sc_hd__buf_1)
                                         _0955_ (net)
                  0.12    0.00    2.18 v _1912_/A (sky130_fd_sc_hd__buf_1)
     4    0.02    0.10    0.19    2.37 v _1912_/X (sky130_fd_sc_hd__buf_1)
                                         _0968_ (net)
                  0.10    0.00    2.37 v _1933_/A (sky130_fd_sc_hd__buf_1)
    10    0.05    0.31    0.34    2.71 v _1933_/X (sky130_fd_sc_hd__buf_1)
                                         _0971_ (net)
                  0.31    0.00    2.72 v _1940_/A (sky130_fd_sc_hd__inv_2)
     1    0.00    0.07    0.12    2.83 ^ _1940_/Y (sky130_fd_sc_hd__inv_2)
                                         _0088_ (net)
                  0.07    0.00    2.83 ^ _2078_/RESET_B (sky130_fd_sc_hd__dfrtp_2)
                                  2.83   data arrival time

                  0.15   10.00   10.00   clock clk (rise edge)
                          0.00   10.00   clock network delay (ideal)
                         -0.25    9.75   clock uncertainty
                          0.00    9.75   clock reconvergence pessimism
                                  9.75 ^ _2078_/CLK (sky130_fd_sc_hd__dfrtp_2)
                          0.24    9.99   library recovery time
                                  9.99   data required time
-----------------------------------------------------------------------------
                                  9.99   data required time
                                 -2.83   data arrival time
-----------------------------------------------------------------------------
                                  7.16   slack (MET)


Startpoint: reset (input port clocked by clk)
Endpoint: _2081_ (recovery check against rising-edge clock clk)
Path Group: asynchronous
Path Type: max

Fanout     Cap    Slew   Delay    Time   Description
-----------------------------------------------------------------------------
                  0.15    0.00    0.00   clock clk (rise edge)
                          0.00    0.00   clock network delay (ideal)
                          2.00    2.00 v input external delay
     1    0.01    0.03    0.02    2.02 v reset (in)
                                         reset (net)
                  0.03    0.00    2.02 v _1835_/A (sky130_fd_sc_hd__buf_1)
     4    0.02    0.12    0.16    2.18 v _1835_/X (sky130_fd_sc_hd__buf_1)
                                         _0955_ (net)
                  0.12    0.00    2.18 v _1912_/A (sky130_fd_sc_hd__buf_1)
     4    0.02    0.10    0.19    2.37 v _1912_/X (sky130_fd_sc_hd__buf_1)
                                         _0968_ (net)
                  0.10    0.00    2.37 v _1933_/A (sky130_fd_sc_hd__buf_1)
    10    0.05    0.31    0.34    2.71 v _1933_/X (sky130_fd_sc_hd__buf_1)
                                         _0971_ (net)
                  0.31    0.00    2.72 v _1943_/A (sky130_fd_sc_hd__inv_2)
     1    0.00    0.07    0.12    2.83 ^ _1943_/Y (sky130_fd_sc_hd__inv_2)
                                         _0091_ (net)
                  0.07    0.00    2.83 ^ _2081_/RESET_B (sky130_fd_sc_hd__dfrtp_2)
                                  2.83   data arrival time

                  0.15   10.00   10.00   clock clk (rise edge)
                          0.00   10.00   clock network delay (ideal)
                         -0.25    9.75   clock uncertainty
                          0.00    9.75   clock reconvergence pessimism
                                  9.75 ^ _2081_/CLK (sky130_fd_sc_hd__dfrtp_2)
                          0.24    9.99   library recovery time
                                  9.99   data required time
-----------------------------------------------------------------------------
                                  9.99   data required time
                                 -2.83   data arrival time
-----------------------------------------------------------------------------
                                  7.16   slack (MET)


Startpoint: reset (input port clocked by clk)
Endpoint: _2105_ (recovery check against rising-edge clock clk)
Path Group: asynchronous
Path Type: max

Fanout     Cap    Slew   Delay    Time   Description
-----------------------------------------------------------------------------
                  0.15    0.00    0.00   clock clk (rise edge)
                          0.00    0.00   clock network delay (ideal)
                          2.00    2.00 v input external delay
     1    0.01    0.03    0.02    2.02 v reset (in)
                                         reset (net)
                  0.03    0.00    2.02 v _1835_/A (sky130_fd_sc_hd__buf_1)
     4    0.02    0.12    0.16    2.18 v _1835_/X (sky130_fd_sc_hd__buf_1)
                                         _0955_ (net)
                  0.12    0.00    2.18 v _1970_/A (sky130_fd_sc_hd__buf_1)
     2    0.00    0.04    0.14    2.32 v _1970_/X (sky130_fd_sc_hd__buf_1)
                                         _0976_ (net)
                  0.04    0.00    2.32 v _1971_/A (sky130_fd_sc_hd__buf_1)
    10    0.06    0.35    0.34    2.66 v _1971_/X (sky130_fd_sc_hd__buf_1)
                                         _0977_ (net)
                  0.35    0.01    2.67 v _1973_/A (sky130_fd_sc_hd__inv_2)
     1    0.00    0.08    0.13    2.79 ^ _1973_/Y (sky130_fd_sc_hd__inv_2)
                                         _0115_ (net)
                  0.08    0.00    2.79 ^ _2105_/RESET_B (sky130_fd_sc_hd__dfrtp_2)
                                  2.79   data arrival time

                  0.15   10.00   10.00   clock clk (rise edge)
                          0.00   10.00   clock network delay (ideal)
                         -0.25    9.75   clock uncertainty
                          0.00    9.75   clock reconvergence pessimism
                                  9.75 ^ _2105_/CLK (sky130_fd_sc_hd__dfrtp_2)
                          0.24    9.99   library recovery time
                                  9.99   data required time
-----------------------------------------------------------------------------
                                  9.99   data required time
                                 -2.79   data arrival time
-----------------------------------------------------------------------------
                                  7.20   slack (MET)


Startpoint: reset (input port clocked by clk)
Endpoint: _2107_ (recovery check against rising-edge clock clk)
Path Group: asynchronous
Path Type: max

Fanout     Cap    Slew   Delay    Time   Description
-----------------------------------------------------------------------------
                  0.15    0.00    0.00   clock clk (rise edge)
                          0.00    0.00   clock network delay (ideal)
                          2.00    2.00 v input external delay
     1    0.01    0.03    0.02    2.02 v reset (in)
                                         reset (net)
                  0.03    0.00    2.02 v _1835_/A (sky130_fd_sc_hd__buf_1)
     4    0.02    0.12    0.16    2.18 v _1835_/X (sky130_fd_sc_hd__buf_1)
                                         _0955_ (net)
                  0.12    0.00    2.18 v _1970_/A (sky130_fd_sc_hd__buf_1)
     2    0.00    0.04    0.14    2.32 v _1970_/X (sky130_fd_sc_hd__buf_1)
                                         _0976_ (net)
                  0.04    0.00    2.32 v _1971_/A (sky130_fd_sc_hd__buf_1)
    10    0.06    0.35    0.34    2.66 v _1971_/X (sky130_fd_sc_hd__buf_1)
                                         _0977_ (net)
                  0.35    0.01    2.67 v _1975_/A (sky130_fd_sc_hd__inv_2)
     1    0.00    0.08    0.13    2.79 ^ _1975_/Y (sky130_fd_sc_hd__inv_2)
                                         _0117_ (net)
                  0.08    0.00    2.79 ^ _2107_/RESET_B (sky130_fd_sc_hd__dfrtp_2)
                                  2.79   data arrival time

                  0.15   10.00   10.00   clock clk (rise edge)
                          0.00   10.00   clock network delay (ideal)
                         -0.25    9.75   clock uncertainty
                          0.00    9.75   clock reconvergence pessimism
                                  9.75 ^ _2107_/CLK (sky130_fd_sc_hd__dfrtp_2)
                          0.24    9.99   library recovery time
                                  9.99   data required time
-----------------------------------------------------------------------------
                                  9.99   data required time
                                 -2.79   data arrival time
-----------------------------------------------------------------------------
                                  7.20   slack (MET)


Startpoint: reset (input port clocked by clk)
Endpoint: _2104_ (recovery check against rising-edge clock clk)
Path Group: asynchronous
Path Type: max

Fanout     Cap    Slew   Delay    Time   Description
-----------------------------------------------------------------------------
                  0.15    0.00    0.00   clock clk (rise edge)
                          0.00    0.00   clock network delay (ideal)
                          2.00    2.00 v input external delay
     1    0.01    0.03    0.02    2.02 v reset (in)
                                         reset (net)
                  0.03    0.00    2.02 v _1835_/A (sky130_fd_sc_hd__buf_1)
     4    0.02    0.12    0.16    2.18 v _1835_/X (sky130_fd_sc_hd__buf_1)
                                         _0955_ (net)
                  0.12    0.00    2.18 v _1970_/A (sky130_fd_sc_hd__buf_1)
     2    0.00    0.04    0.14    2.32 v _1970_/X (sky130_fd_sc_hd__buf_1)
                                         _0976_ (net)
                  0.04    0.00    2.32 v _1971_/A (sky130_fd_sc_hd__buf_1)
    10    0.06    0.35    0.34    2.66 v _1971_/X (sky130_fd_sc_hd__buf_1)
                                         _0977_ (net)
                  0.35    0.01    2.67 v _1972_/A (sky130_fd_sc_hd__inv_2)
     1    0.00    0.08    0.12    2.79 ^ _1972_/Y (sky130_fd_sc_hd__inv_2)
                                         _0114_ (net)
                  0.08    0.00    2.79 ^ _2104_/RESET_B (sky130_fd_sc_hd__dfrtp_2)
                                  2.79   data arrival time

                  0.15   10.00   10.00   clock clk (rise edge)
                          0.00   10.00   clock network delay (ideal)
                         -0.25    9.75   clock uncertainty
                          0.00    9.75   clock reconvergence pessimism
                                  9.75 ^ _2104_/CLK (sky130_fd_sc_hd__dfrtp_2)
                          0.24    9.99   library recovery time
                                  9.99   data required time
-----------------------------------------------------------------------------
                                  9.99   data required time
                                 -2.79   data arrival time
-----------------------------------------------------------------------------
                                  7.20   slack (MET)


Startpoint: reset (input port clocked by clk)
Endpoint: _2106_ (recovery check against rising-edge clock clk)
Path Group: asynchronous
Path Type: max

Fanout     Cap    Slew   Delay    Time   Description
-----------------------------------------------------------------------------
                  0.15    0.00    0.00   clock clk (rise edge)
                          0.00    0.00   clock network delay (ideal)
                          2.00    2.00 v input external delay
     1    0.01    0.03    0.02    2.02 v reset (in)
                                         reset (net)
                  0.03    0.00    2.02 v _1835_/A (sky130_fd_sc_hd__buf_1)
     4    0.02    0.12    0.16    2.18 v _1835_/X (sky130_fd_sc_hd__buf_1)
                                         _0955_ (net)
                  0.12    0.00    2.18 v _1970_/A (sky130_fd_sc_hd__buf_1)
     2    0.00    0.04    0.14    2.32 v _1970_/X (sky130_fd_sc_hd__buf_1)
                                         _0976_ (net)
                  0.04    0.00    2.32 v _1971_/A (sky130_fd_sc_hd__buf_1)
    10    0.06    0.35    0.34    2.66 v _1971_/X (sky130_fd_sc_hd__buf_1)
                                         _0977_ (net)
                  0.35    0.01    2.67 v _1974_/A (sky130_fd_sc_hd__inv_2)
     1    0.00    0.08    0.12    2.79 ^ _1974_/Y (sky130_fd_sc_hd__inv_2)
                                         _0116_ (net)
                  0.08    0.00    2.79 ^ _2106_/RESET_B (sky130_fd_sc_hd__dfrtp_2)
                                  2.79   data arrival time

                  0.15   10.00   10.00   clock clk (rise edge)
                          0.00   10.00   clock network delay (ideal)
                         -0.25    9.75   clock uncertainty
                          0.00    9.75   clock reconvergence pessimism
                                  9.75 ^ _2106_/CLK (sky130_fd_sc_hd__dfrtp_2)
                          0.24    9.99   library recovery time
                                  9.99   data required time
-----------------------------------------------------------------------------
                                  9.99   data required time
                                 -2.79   data arrival time
-----------------------------------------------------------------------------
                                  7.20   slack (MET)


Startpoint: reset (input port clocked by clk)
Endpoint: _2108_ (recovery check against rising-edge clock clk)
Path Group: asynchronous
Path Type: max

Fanout     Cap    Slew   Delay    Time   Description
-----------------------------------------------------------------------------
                  0.15    0.00    0.00   clock clk (rise edge)
                          0.00    0.00   clock network delay (ideal)
                          2.00    2.00 v input external delay
     1    0.01    0.03    0.02    2.02 v reset (in)
                                         reset (net)
                  0.03    0.00    2.02 v _1835_/A (sky130_fd_sc_hd__buf_1)
     4    0.02    0.12    0.16    2.18 v _1835_/X (sky130_fd_sc_hd__buf_1)
                                         _0955_ (net)
                  0.12    0.00    2.18 v _1970_/A (sky130_fd_sc_hd__buf_1)
     2    0.00    0.04    0.14    2.32 v _1970_/X (sky130_fd_sc_hd__buf_1)
                                         _0976_ (net)
                  0.04    0.00    2.32 v _1971_/A (sky130_fd_sc_hd__buf_1)
    10    0.06    0.35    0.34    2.66 v _1971_/X (sky130_fd_sc_hd__buf_1)
                                         _0977_ (net)
                  0.35    0.00    2.66 v _1976_/A (sky130_fd_sc_hd__inv_2)
     1    0.00    0.08    0.12    2.79 ^ _1976_/Y (sky130_fd_sc_hd__inv_2)
                                         _0118_ (net)
                  0.08    0.00    2.79 ^ _2108_/RESET_B (sky130_fd_sc_hd__dfrtp_2)
                                  2.79   data arrival time

                  0.15   10.00   10.00   clock clk (rise edge)
                          0.00   10.00   clock network delay (ideal)
                         -0.25    9.75   clock uncertainty
                          0.00    9.75   clock reconvergence pessimism
                                  9.75 ^ _2108_/CLK (sky130_fd_sc_hd__dfrtp_2)
                          0.24    9.99   library recovery time
                                  9.99   data required time
-----------------------------------------------------------------------------
                                  9.99   data required time
                                 -2.79   data arrival time
-----------------------------------------------------------------------------
                                  7.20   slack (MET)


Startpoint: reset (input port clocked by clk)
Endpoint: _2109_ (recovery check against rising-edge clock clk)
Path Group: asynchronous
Path Type: max

Fanout     Cap    Slew   Delay    Time   Description
-----------------------------------------------------------------------------
                  0.15    0.00    0.00   clock clk (rise edge)
                          0.00    0.00   clock network delay (ideal)
                          2.00    2.00 v input external delay
     1    0.01    0.03    0.02    2.02 v reset (in)
                                         reset (net)
                  0.03    0.00    2.02 v _1835_/A (sky130_fd_sc_hd__buf_1)
     4    0.02    0.12    0.16    2.18 v _1835_/X (sky130_fd_sc_hd__buf_1)
                                         _0955_ (net)
                  0.12    0.00    2.18 v _1970_/A (sky130_fd_sc_hd__buf_1)
     2    0.00    0.04    0.14    2.32 v _1970_/X (sky130_fd_sc_hd__buf_1)
                                         _0976_ (net)
                  0.04    0.00    2.32 v _1971_/A (sky130_fd_sc_hd__buf_1)
    10    0.06    0.35    0.34    2.66 v _1971_/X (sky130_fd_sc_hd__buf_1)
                                         _0977_ (net)
                  0.35    0.00    2.66 v _1977_/A (sky130_fd_sc_hd__inv_2)
     1    0.00    0.08    0.12    2.79 ^ _1977_/Y (sky130_fd_sc_hd__inv_2)
                                         _0119_ (net)
                  0.08    0.00    2.79 ^ _2109_/RESET_B (sky130_fd_sc_hd__dfrtp_2)
                                  2.79   data arrival time

                  0.15   10.00   10.00   clock clk (rise edge)
                          0.00   10.00   clock network delay (ideal)
                         -0.25    9.75   clock uncertainty
                          0.00    9.75   clock reconvergence pessimism
                                  9.75 ^ _2109_/CLK (sky130_fd_sc_hd__dfrtp_2)
                          0.24    9.99   library recovery time
                                  9.99   data required time
-----------------------------------------------------------------------------
                                  9.99   data required time
                                 -2.79   data arrival time
-----------------------------------------------------------------------------
                                  7.20   slack (MET)


Startpoint: reset (input port clocked by clk)
Endpoint: _2110_ (recovery check against rising-edge clock clk)
Path Group: asynchronous
Path Type: max

Fanout     Cap    Slew   Delay    Time   Description
-----------------------------------------------------------------------------
                  0.15    0.00    0.00   clock clk (rise edge)
                          0.00    0.00   clock network delay (ideal)
                          2.00    2.00 v input external delay
     1    0.01    0.03    0.02    2.02 v reset (in)
                                         reset (net)
                  0.03    0.00    2.02 v _1835_/A (sky130_fd_sc_hd__buf_1)
     4    0.02    0.12    0.16    2.18 v _1835_/X (sky130_fd_sc_hd__buf_1)
                                         _0955_ (net)
                  0.12    0.00    2.18 v _1970_/A (sky130_fd_sc_hd__buf_1)
     2    0.00    0.04    0.14    2.32 v _1970_/X (sky130_fd_sc_hd__buf_1)
                                         _0976_ (net)
                  0.04    0.00    2.32 v _1971_/A (sky130_fd_sc_hd__buf_1)
    10    0.06    0.35    0.34    2.66 v _1971_/X (sky130_fd_sc_hd__buf_1)
                                         _0977_ (net)
                  0.35    0.00    2.66 v _1978_/A (sky130_fd_sc_hd__inv_2)
     1    0.00    0.08    0.12    2.79 ^ _1978_/Y (sky130_fd_sc_hd__inv_2)
                                         _0120_ (net)
                  0.08    0.00    2.79 ^ _2110_/RESET_B (sky130_fd_sc_hd__dfrtp_2)
                                  2.79   data arrival time

                  0.15   10.00   10.00   clock clk (rise edge)
                          0.00   10.00   clock network delay (ideal)
                         -0.25    9.75   clock uncertainty
                          0.00    9.75   clock reconvergence pessimism
                                  9.75 ^ _2110_/CLK (sky130_fd_sc_hd__dfrtp_2)
                          0.24    9.99   library recovery time
                                  9.99   data required time
-----------------------------------------------------------------------------
                                  9.99   data required time
                                 -2.79   data arrival time
-----------------------------------------------------------------------------
                                  7.20   slack (MET)


Startpoint: reset (input port clocked by clk)
Endpoint: _2111_ (recovery check against rising-edge clock clk)
Path Group: asynchronous
Path Type: max

Fanout     Cap    Slew   Delay    Time   Description
-----------------------------------------------------------------------------
                  0.15    0.00    0.00   clock clk (rise edge)
                          0.00    0.00   clock network delay (ideal)
                          2.00    2.00 v input external delay
     1    0.01    0.03    0.02    2.02 v reset (in)
                                         reset (net)
                  0.03    0.00    2.02 v _1835_/A (sky130_fd_sc_hd__buf_1)
     4    0.02    0.12    0.16    2.18 v _1835_/X (sky130_fd_sc_hd__buf_1)
                                         _0955_ (net)
                  0.12    0.00    2.18 v _1970_/A (sky130_fd_sc_hd__buf_1)
     2    0.00    0.04    0.14    2.32 v _1970_/X (sky130_fd_sc_hd__buf_1)
                                         _0976_ (net)
                  0.04    0.00    2.32 v _1971_/A (sky130_fd_sc_hd__buf_1)
    10    0.06    0.35    0.34    2.66 v _1971_/X (sky130_fd_sc_hd__buf_1)
                                         _0977_ (net)
                  0.35    0.00    2.66 v _1979_/A (sky130_fd_sc_hd__inv_2)
     1    0.00    0.08    0.12    2.79 ^ _1979_/Y (sky130_fd_sc_hd__inv_2)
                                         _0121_ (net)
                  0.08    0.00    2.79 ^ _2111_/RESET_B (sky130_fd_sc_hd__dfrtp_2)
                                  2.79   data arrival time

                  0.15   10.00   10.00   clock clk (rise edge)
                          0.00   10.00   clock network delay (ideal)
                         -0.25    9.75   clock uncertainty
                          0.00    9.75   clock reconvergence pessimism
                                  9.75 ^ _2111_/CLK (sky130_fd_sc_hd__dfrtp_2)
                          0.24    9.99   library recovery time
                                  9.99   data required time
-----------------------------------------------------------------------------
                                  9.99   data required time
                                 -2.79   data arrival time
-----------------------------------------------------------------------------
                                  7.20   slack (MET)


Startpoint: reset (input port clocked by clk)
Endpoint: _2112_ (recovery check against rising-edge clock clk)
Path Group: asynchronous
Path Type: max

Fanout     Cap    Slew   Delay    Time   Description
-----------------------------------------------------------------------------
                  0.15    0.00    0.00   clock clk (rise edge)
                          0.00    0.00   clock network delay (ideal)
                          2.00    2.00 v input external delay
     1    0.01    0.03    0.02    2.02 v reset (in)
                                         reset (net)
                  0.03    0.00    2.02 v _1835_/A (sky130_fd_sc_hd__buf_1)
     4    0.02    0.12    0.16    2.18 v _1835_/X (sky130_fd_sc_hd__buf_1)
                                         _0955_ (net)
                  0.12    0.00    2.18 v _1970_/A (sky130_fd_sc_hd__buf_1)
     2    0.00    0.04    0.14    2.32 v _1970_/X (sky130_fd_sc_hd__buf_1)
                                         _0976_ (net)
                  0.04    0.00    2.32 v _1971_/A (sky130_fd_sc_hd__buf_1)
    10    0.06    0.35    0.34    2.66 v _1971_/X (sky130_fd_sc_hd__buf_1)
                                         _0977_ (net)
                  0.35    0.00    2.66 v _1980_/A (sky130_fd_sc_hd__inv_2)
     1    0.00    0.08    0.12    2.79 ^ _1980_/Y (sky130_fd_sc_hd__inv_2)
                                         _0122_ (net)
                  0.08    0.00    2.79 ^ _2112_/RESET_B (sky130_fd_sc_hd__dfrtp_2)
                                  2.79   data arrival time

                  0.15   10.00   10.00   clock clk (rise edge)
                          0.00   10.00   clock network delay (ideal)
                         -0.25    9.75   clock uncertainty
                          0.00    9.75   clock reconvergence pessimism
                                  9.75 ^ _2112_/CLK (sky130_fd_sc_hd__dfrtp_2)
                          0.24    9.99   library recovery time
                                  9.99   data required time
-----------------------------------------------------------------------------
                                  9.99   data required time
                                 -2.79   data arrival time
-----------------------------------------------------------------------------
                                  7.21   slack (MET)


Startpoint: reset (input port clocked by clk)
Endpoint: _2113_ (recovery check against rising-edge clock clk)
Path Group: asynchronous
Path Type: max

Fanout     Cap    Slew   Delay    Time   Description
-----------------------------------------------------------------------------
                  0.15    0.00    0.00   clock clk (rise edge)
                          0.00    0.00   clock network delay (ideal)
                          2.00    2.00 v input external delay
     1    0.01    0.03    0.02    2.02 v reset (in)
                                         reset (net)
                  0.03    0.00    2.02 v _1835_/A (sky130_fd_sc_hd__buf_1)
     4    0.02    0.12    0.16    2.18 v _1835_/X (sky130_fd_sc_hd__buf_1)
                                         _0955_ (net)
                  0.12    0.00    2.18 v _1970_/A (sky130_fd_sc_hd__buf_1)
     2    0.00    0.04    0.14    2.32 v _1970_/X (sky130_fd_sc_hd__buf_1)
                                         _0976_ (net)
                  0.04    0.00    2.32 v _1971_/A (sky130_fd_sc_hd__buf_1)
    10    0.06    0.35    0.34    2.66 v _1971_/X (sky130_fd_sc_hd__buf_1)
                                         _0977_ (net)
                  0.35    0.00    2.66 v _1981_/A (sky130_fd_sc_hd__inv_2)
     1    0.00    0.08    0.12    2.79 ^ _1981_/Y (sky130_fd_sc_hd__inv_2)
                                         _0123_ (net)
                  0.08    0.00    2.79 ^ _2113_/RESET_B (sky130_fd_sc_hd__dfrtp_2)
                                  2.79   data arrival time

                  0.15   10.00   10.00   clock clk (rise edge)
                          0.00   10.00   clock network delay (ideal)
                         -0.25    9.75   clock uncertainty
                          0.00    9.75   clock reconvergence pessimism
                                  9.75 ^ _2113_/CLK (sky130_fd_sc_hd__dfrtp_2)
                          0.24    9.99   library recovery time
                                  9.99   data required time
-----------------------------------------------------------------------------
                                  9.99   data required time
                                 -2.79   data arrival time
-----------------------------------------------------------------------------
                                  7.21   slack (MET)


Startpoint: reset (input port clocked by clk)
Endpoint: _2055_ (recovery check against rising-edge clock clk)
Path Group: asynchronous
Path Type: max

Fanout     Cap    Slew   Delay    Time   Description
-----------------------------------------------------------------------------
                  0.15    0.00    0.00   clock clk (rise edge)
                          0.00    0.00   clock network delay (ideal)
                          2.00    2.00 v input external delay
     1    0.01    0.03    0.02    2.02 v reset (in)
                                         reset (net)
                  0.03    0.00    2.02 v _1835_/A (sky130_fd_sc_hd__buf_1)
     4    0.02    0.12    0.16    2.18 v _1835_/X (sky130_fd_sc_hd__buf_1)
                                         _0955_ (net)
                  0.12    0.00    2.18 v _1912_/A (sky130_fd_sc_hd__buf_1)
     4    0.02    0.10    0.19    2.37 v _1912_/X (sky130_fd_sc_hd__buf_1)
                                         _0968_ (net)
                  0.10    0.00    2.38 v _1913_/A (sky130_fd_sc_hd__buf_1)
     8    0.04    0.25    0.29    2.67 v _1913_/X (sky130_fd_sc_hd__buf_1)
                                         _0969_ (net)
                  0.25    0.00    2.67 v _1915_/A (sky130_fd_sc_hd__inv_2)
     1    0.00    0.06    0.11    2.78 ^ _1915_/Y (sky130_fd_sc_hd__inv_2)
                                         _0065_ (net)
                  0.06    0.00    2.78 ^ _2055_/RESET_B (sky130_fd_sc_hd__dfrtp_2)
                                  2.78   data arrival time

                  0.15   10.00   10.00   clock clk (rise edge)
                          0.00   10.00   clock network delay (ideal)
                         -0.25    9.75   clock uncertainty
                          0.00    9.75   clock reconvergence pessimism
                                  9.75 ^ _2055_/CLK (sky130_fd_sc_hd__dfrtp_2)
                          0.25   10.00   library recovery time
                                 10.00   data required time
-----------------------------------------------------------------------------
                                 10.00   data required time
                                 -2.78   data arrival time
-----------------------------------------------------------------------------
                                  7.22   slack (MET)


Startpoint: reset (input port clocked by clk)
Endpoint: _2053_ (recovery check against rising-edge clock clk)
Path Group: asynchronous
Path Type: max

Fanout     Cap    Slew   Delay    Time   Description
-----------------------------------------------------------------------------
                  0.15    0.00    0.00   clock clk (rise edge)
                          0.00    0.00   clock network delay (ideal)
                          2.00    2.00 v input external delay
     1    0.01    0.03    0.02    2.02 v reset (in)
                                         reset (net)
                  0.03    0.00    2.02 v _1835_/A (sky130_fd_sc_hd__buf_1)
     4    0.02    0.12    0.16    2.18 v _1835_/X (sky130_fd_sc_hd__buf_1)
                                         _0955_ (net)
                  0.12    0.00    2.19 v _1836_/A (sky130_fd_sc_hd__buf_1)
     3    0.01    0.08    0.17    2.36 v _1836_/X (sky130_fd_sc_hd__buf_1)
                                         _0956_ (net)
                  0.08    0.00    2.36 v _1875_/A (sky130_fd_sc_hd__buf_1)
     4    0.01    0.09    0.16    2.52 v _1875_/X (sky130_fd_sc_hd__buf_1)
                                         _0963_ (net)
                  0.09    0.00    2.52 v _1907_/A (sky130_fd_sc_hd__buf_1)
     4    0.02    0.12    0.19    2.71 v _1907_/X (sky130_fd_sc_hd__buf_1)
                                         _0967_ (net)
                  0.12    0.00    2.71 v _1911_/A (sky130_fd_sc_hd__inv_2)
     1    0.00    0.04    0.07    2.78 ^ _1911_/Y (sky130_fd_sc_hd__inv_2)
                                         _0063_ (net)
                  0.04    0.00    2.78 ^ _2053_/RESET_B (sky130_fd_sc_hd__dfrtp_2)
                                  2.78   data arrival time

                  0.15   10.00   10.00   clock clk (rise edge)
                          0.00   10.00   clock network delay (ideal)
                         -0.25    9.75   clock uncertainty
                          0.00    9.75   clock reconvergence pessimism
                                  9.75 ^ _2053_/CLK (sky130_fd_sc_hd__dfrtp_2)
                          0.25   10.00   library recovery time
                                 10.00   data required time
-----------------------------------------------------------------------------
                                 10.00   data required time
                                 -2.78   data arrival time
-----------------------------------------------------------------------------
                                  7.22   slack (MET)


Startpoint: reset (input port clocked by clk)
Endpoint: _2051_ (recovery check against rising-edge clock clk)
Path Group: asynchronous
Path Type: max

Fanout     Cap    Slew   Delay    Time   Description
-----------------------------------------------------------------------------
                  0.15    0.00    0.00   clock clk (rise edge)
                          0.00    0.00   clock network delay (ideal)
                          2.00    2.00 v input external delay
     1    0.01    0.03    0.02    2.02 v reset (in)
                                         reset (net)
                  0.03    0.00    2.02 v _1835_/A (sky130_fd_sc_hd__buf_1)
     4    0.02    0.12    0.16    2.18 v _1835_/X (sky130_fd_sc_hd__buf_1)
                                         _0955_ (net)
                  0.12    0.00    2.19 v _1836_/A (sky130_fd_sc_hd__buf_1)
     3    0.01    0.08    0.17    2.36 v _1836_/X (sky130_fd_sc_hd__buf_1)
                                         _0956_ (net)
                  0.08    0.00    2.36 v _1875_/A (sky130_fd_sc_hd__buf_1)
     4    0.01    0.09    0.16    2.52 v _1875_/X (sky130_fd_sc_hd__buf_1)
                                         _0963_ (net)
                  0.09    0.00    2.52 v _1907_/A (sky130_fd_sc_hd__buf_1)
     4    0.02    0.12    0.19    2.71 v _1907_/X (sky130_fd_sc_hd__buf_1)
                                         _0967_ (net)
                  0.12    0.00    2.71 v _1909_/A (sky130_fd_sc_hd__inv_2)
     1    0.00    0.04    0.07    2.78 ^ _1909_/Y (sky130_fd_sc_hd__inv_2)
                                         _0061_ (net)
                  0.04    0.00    2.78 ^ _2051_/RESET_B (sky130_fd_sc_hd__dfrtp_2)
                                  2.78   data arrival time

                  0.15   10.00   10.00   clock clk (rise edge)
                          0.00   10.00   clock network delay (ideal)
                         -0.25    9.75   clock uncertainty
                          0.00    9.75   clock reconvergence pessimism
                                  9.75 ^ _2051_/CLK (sky130_fd_sc_hd__dfrtp_2)
                          0.25   10.00   library recovery time
                                 10.00   data required time
-----------------------------------------------------------------------------
                                 10.00   data required time
                                 -2.78   data arrival time
-----------------------------------------------------------------------------
                                  7.22   slack (MET)


Startpoint: reset (input port clocked by clk)
Endpoint: _2050_ (recovery check against rising-edge clock clk)
Path Group: asynchronous
Path Type: max

Fanout     Cap    Slew   Delay    Time   Description
-----------------------------------------------------------------------------
                  0.15    0.00    0.00   clock clk (rise edge)
                          0.00    0.00   clock network delay (ideal)
                          2.00    2.00 v input external delay
     1    0.01    0.03    0.02    2.02 v reset (in)
                                         reset (net)
                  0.03    0.00    2.02 v _1835_/A (sky130_fd_sc_hd__buf_1)
     4    0.02    0.12    0.16    2.18 v _1835_/X (sky130_fd_sc_hd__buf_1)
                                         _0955_ (net)
                  0.12    0.00    2.19 v _1836_/A (sky130_fd_sc_hd__buf_1)
     3    0.01    0.08    0.17    2.36 v _1836_/X (sky130_fd_sc_hd__buf_1)
                                         _0956_ (net)
                  0.08    0.00    2.36 v _1875_/A (sky130_fd_sc_hd__buf_1)
     4    0.01    0.09    0.16    2.52 v _1875_/X (sky130_fd_sc_hd__buf_1)
                                         _0963_ (net)
                  0.09    0.00    2.52 v _1907_/A (sky130_fd_sc_hd__buf_1)
     4    0.02    0.12    0.19    2.71 v _1907_/X (sky130_fd_sc_hd__buf_1)
                                         _0967_ (net)
                  0.12    0.00    2.71 v _1908_/A (sky130_fd_sc_hd__inv_2)
     1    0.00    0.04    0.07    2.78 ^ _1908_/Y (sky130_fd_sc_hd__inv_2)
                                         _0060_ (net)
                  0.04    0.00    2.78 ^ _2050_/RESET_B (sky130_fd_sc_hd__dfrtp_2)
                                  2.78   data arrival time

                  0.15   10.00   10.00   clock clk (rise edge)
                          0.00   10.00   clock network delay (ideal)
                         -0.25    9.75   clock uncertainty
                          0.00    9.75   clock reconvergence pessimism
                                  9.75 ^ _2050_/CLK (sky130_fd_sc_hd__dfrtp_2)
                          0.25   10.00   library recovery time
                                 10.00   data required time
-----------------------------------------------------------------------------
                                 10.00   data required time
                                 -2.78   data arrival time
-----------------------------------------------------------------------------
                                  7.22   slack (MET)


Startpoint: reset (input port clocked by clk)
Endpoint: _2052_ (recovery check against rising-edge clock clk)
Path Group: asynchronous
Path Type: max

Fanout     Cap    Slew   Delay    Time   Description
-----------------------------------------------------------------------------
                  0.15    0.00    0.00   clock clk (rise edge)
                          0.00    0.00   clock network delay (ideal)
                          2.00    2.00 v input external delay
     1    0.01    0.03    0.02    2.02 v reset (in)
                                         reset (net)
                  0.03    0.00    2.02 v _1835_/A (sky130_fd_sc_hd__buf_1)
     4    0.02    0.12    0.16    2.18 v _1835_/X (sky130_fd_sc_hd__buf_1)
                                         _0955_ (net)
                  0.12    0.00    2.19 v _1836_/A (sky130_fd_sc_hd__buf_1)
     3    0.01    0.08    0.17    2.36 v _1836_/X (sky130_fd_sc_hd__buf_1)
                                         _0956_ (net)
                  0.08    0.00    2.36 v _1875_/A (sky130_fd_sc_hd__buf_1)
     4    0.01    0.09    0.16    2.52 v _1875_/X (sky130_fd_sc_hd__buf_1)
                                         _0963_ (net)
                  0.09    0.00    2.52 v _1907_/A (sky130_fd_sc_hd__buf_1)
     4    0.02    0.12    0.19    2.71 v _1907_/X (sky130_fd_sc_hd__buf_1)
                                         _0967_ (net)
                  0.12    0.00    2.71 v _1910_/A (sky130_fd_sc_hd__inv_2)
     1    0.00    0.04    0.07    2.78 ^ _1910_/Y (sky130_fd_sc_hd__inv_2)
                                         _0062_ (net)
                  0.04    0.00    2.78 ^ _2052_/RESET_B (sky130_fd_sc_hd__dfrtp_2)
                                  2.78   data arrival time

                  0.15   10.00   10.00   clock clk (rise edge)
                          0.00   10.00   clock network delay (ideal)
                         -0.25    9.75   clock uncertainty
                          0.00    9.75   clock reconvergence pessimism
                                  9.75 ^ _2052_/CLK (sky130_fd_sc_hd__dfrtp_2)
                          0.25   10.00   library recovery time
                                 10.00   data required time
-----------------------------------------------------------------------------
                                 10.00   data required time
                                 -2.78   data arrival time
-----------------------------------------------------------------------------
                                  7.22   slack (MET)


Startpoint: reset (input port clocked by clk)
Endpoint: _2057_ (recovery check against rising-edge clock clk)
Path Group: asynchronous
Path Type: max

Fanout     Cap    Slew   Delay    Time   Description
-----------------------------------------------------------------------------
                  0.15    0.00    0.00   clock clk (rise edge)
                          0.00    0.00   clock network delay (ideal)
                          2.00    2.00 v input external delay
     1    0.01    0.03    0.02    2.02 v reset (in)
                                         reset (net)
                  0.03    0.00    2.02 v _1835_/A (sky130_fd_sc_hd__buf_1)
     4    0.02    0.12    0.16    2.18 v _1835_/X (sky130_fd_sc_hd__buf_1)
                                         _0955_ (net)
                  0.12    0.00    2.18 v _1912_/A (sky130_fd_sc_hd__buf_1)
     4    0.02    0.10    0.19    2.37 v _1912_/X (sky130_fd_sc_hd__buf_1)
                                         _0968_ (net)
                  0.10    0.00    2.38 v _1913_/A (sky130_fd_sc_hd__buf_1)
     8    0.04    0.25    0.29    2.67 v _1913_/X (sky130_fd_sc_hd__buf_1)
                                         _0969_ (net)
                  0.25    0.00    2.67 v _1917_/A (sky130_fd_sc_hd__inv_2)
     1    0.00    0.06    0.10    2.78 ^ _1917_/Y (sky130_fd_sc_hd__inv_2)
                                         _0067_ (net)
                  0.06    0.00    2.78 ^ _2057_/RESET_B (sky130_fd_sc_hd__dfrtp_2)
                                  2.78   data arrival time

                  0.15   10.00   10.00   clock clk (rise edge)
                          0.00   10.00   clock network delay (ideal)
                         -0.25    9.75   clock uncertainty
                          0.00    9.75   clock reconvergence pessimism
                                  9.75 ^ _2057_/CLK (sky130_fd_sc_hd__dfrtp_2)
                          0.25   10.00   library recovery time
                                 10.00   data required time
-----------------------------------------------------------------------------
                                 10.00   data required time
                                 -2.78   data arrival time
-----------------------------------------------------------------------------
                                  7.22   slack (MET)


Startpoint: reset (input port clocked by clk)
Endpoint: _2056_ (recovery check against rising-edge clock clk)
Path Group: asynchronous
Path Type: max

Fanout     Cap    Slew   Delay    Time   Description
-----------------------------------------------------------------------------
                  0.15    0.00    0.00   clock clk (rise edge)
                          0.00    0.00   clock network delay (ideal)
                          2.00    2.00 v input external delay
     1    0.01    0.03    0.02    2.02 v reset (in)
                                         reset (net)
                  0.03    0.00    2.02 v _1835_/A (sky130_fd_sc_hd__buf_1)
     4    0.02    0.12    0.16    2.18 v _1835_/X (sky130_fd_sc_hd__buf_1)
                                         _0955_ (net)
                  0.12    0.00    2.18 v _1912_/A (sky130_fd_sc_hd__buf_1)
     4    0.02    0.10    0.19    2.37 v _1912_/X (sky130_fd_sc_hd__buf_1)
                                         _0968_ (net)
                  0.10    0.00    2.38 v _1913_/A (sky130_fd_sc_hd__buf_1)
     8    0.04    0.25    0.29    2.67 v _1913_/X (sky130_fd_sc_hd__buf_1)
                                         _0969_ (net)
                  0.25    0.00    2.67 v _1916_/A (sky130_fd_sc_hd__inv_2)
     1    0.00    0.06    0.10    2.77 ^ _1916_/Y (sky130_fd_sc_hd__inv_2)
                                         _0066_ (net)
                  0.06    0.00    2.77 ^ _2056_/RESET_B (sky130_fd_sc_hd__dfrtp_2)
                                  2.77   data arrival time

                  0.15   10.00   10.00   clock clk (rise edge)
                          0.00   10.00   clock network delay (ideal)
                         -0.25    9.75   clock uncertainty
                          0.00    9.75   clock reconvergence pessimism
                                  9.75 ^ _2056_/CLK (sky130_fd_sc_hd__dfrtp_2)
                          0.25   10.00   library recovery time
                                 10.00   data required time
-----------------------------------------------------------------------------
                                 10.00   data required time
                                 -2.77   data arrival time
-----------------------------------------------------------------------------
                                  7.22   slack (MET)


Startpoint: reset (input port clocked by clk)
Endpoint: _2058_ (recovery check against rising-edge clock clk)
Path Group: asynchronous
Path Type: max

Fanout     Cap    Slew   Delay    Time   Description
-----------------------------------------------------------------------------
                  0.15    0.00    0.00   clock clk (rise edge)
                          0.00    0.00   clock network delay (ideal)
                          2.00    2.00 v input external delay
     1    0.01    0.03    0.02    2.02 v reset (in)
                                         reset (net)
                  0.03    0.00    2.02 v _1835_/A (sky130_fd_sc_hd__buf_1)
     4    0.02    0.12    0.16    2.18 v _1835_/X (sky130_fd_sc_hd__buf_1)
                                         _0955_ (net)
                  0.12    0.00    2.18 v _1912_/A (sky130_fd_sc_hd__buf_1)
     4    0.02    0.10    0.19    2.37 v _1912_/X (sky130_fd_sc_hd__buf_1)
                                         _0968_ (net)
                  0.10    0.00    2.38 v _1913_/A (sky130_fd_sc_hd__buf_1)
     8    0.04    0.25    0.29    2.67 v _1913_/X (sky130_fd_sc_hd__buf_1)
                                         _0969_ (net)
                  0.25    0.00    2.67 v _1918_/A (sky130_fd_sc_hd__inv_2)
     1    0.00    0.06    0.10    2.77 ^ _1918_/Y (sky130_fd_sc_hd__inv_2)
                                         _0068_ (net)
                  0.06    0.00    2.77 ^ _2058_/RESET_B (sky130_fd_sc_hd__dfrtp_2)
                                  2.77   data arrival time

                  0.15   10.00   10.00   clock clk (rise edge)
                          0.00   10.00   clock network delay (ideal)
                         -0.25    9.75   clock uncertainty
                          0.00    9.75   clock reconvergence pessimism
                                  9.75 ^ _2058_/CLK (sky130_fd_sc_hd__dfrtp_2)
                          0.25   10.00   library recovery time
                                 10.00   data required time
-----------------------------------------------------------------------------
                                 10.00   data required time
                                 -2.77   data arrival time
-----------------------------------------------------------------------------
                                  7.22   slack (MET)


Startpoint: reset (input port clocked by clk)
Endpoint: _2054_ (recovery check against rising-edge clock clk)
Path Group: asynchronous
Path Type: max

Fanout     Cap    Slew   Delay    Time   Description
-----------------------------------------------------------------------------
                  0.15    0.00    0.00   clock clk (rise edge)
                          0.00    0.00   clock network delay (ideal)
                          2.00    2.00 v input external delay
     1    0.01    0.03    0.02    2.02 v reset (in)
                                         reset (net)
                  0.03    0.00    2.02 v _1835_/A (sky130_fd_sc_hd__buf_1)
     4    0.02    0.12    0.16    2.18 v _1835_/X (sky130_fd_sc_hd__buf_1)
                                         _0955_ (net)
                  0.12    0.00    2.18 v _1912_/A (sky130_fd_sc_hd__buf_1)
     4    0.02    0.10    0.19    2.37 v _1912_/X (sky130_fd_sc_hd__buf_1)
                                         _0968_ (net)
                  0.10    0.00    2.38 v _1913_/A (sky130_fd_sc_hd__buf_1)
     8    0.04    0.25    0.29    2.67 v _1913_/X (sky130_fd_sc_hd__buf_1)
                                         _0969_ (net)
                  0.25    0.00    2.67 v _1914_/A (sky130_fd_sc_hd__inv_2)
     1    0.00    0.06    0.10    2.77 ^ _1914_/Y (sky130_fd_sc_hd__inv_2)
                                         _0064_ (net)
                  0.06    0.00    2.77 ^ _2054_/RESET_B (sky130_fd_sc_hd__dfrtp_2)
                                  2.77   data arrival time

                  0.15   10.00   10.00   clock clk (rise edge)
                          0.00   10.00   clock network delay (ideal)
                         -0.25    9.75   clock uncertainty
                          0.00    9.75   clock reconvergence pessimism
                                  9.75 ^ _2054_/CLK (sky130_fd_sc_hd__dfrtp_2)
                          0.25   10.00   library recovery time
                                 10.00   data required time
-----------------------------------------------------------------------------
                                 10.00   data required time
                                 -2.77   data arrival time
-----------------------------------------------------------------------------
                                  7.22   slack (MET)


Startpoint: reset (input port clocked by clk)
Endpoint: _2059_ (recovery check against rising-edge clock clk)
Path Group: asynchronous
Path Type: max

Fanout     Cap    Slew   Delay    Time   Description
-----------------------------------------------------------------------------
                  0.15    0.00    0.00   clock clk (rise edge)
                          0.00    0.00   clock network delay (ideal)
                          2.00    2.00 v input external delay
     1    0.01    0.03    0.02    2.02 v reset (in)
                                         reset (net)
                  0.03    0.00    2.02 v _1835_/A (sky130_fd_sc_hd__buf_1)
     4    0.02    0.12    0.16    2.18 v _1835_/X (sky130_fd_sc_hd__buf_1)
                                         _0955_ (net)
                  0.12    0.00    2.18 v _1912_/A (sky130_fd_sc_hd__buf_1)
     4    0.02    0.10    0.19    2.37 v _1912_/X (sky130_fd_sc_hd__buf_1)
                                         _0968_ (net)
                  0.10    0.00    2.38 v _1913_/A (sky130_fd_sc_hd__buf_1)
     8    0.04    0.25    0.29    2.67 v _1913_/X (sky130_fd_sc_hd__buf_1)
                                         _0969_ (net)
                  0.25    0.00    2.67 v _1919_/A (sky130_fd_sc_hd__inv_2)
     1    0.00    0.06    0.10    2.77 ^ _1919_/Y (sky130_fd_sc_hd__inv_2)
                                         _0069_ (net)
                  0.06    0.00    2.77 ^ _2059_/RESET_B (sky130_fd_sc_hd__dfrtp_2)
                                  2.77   data arrival time

                  0.15   10.00   10.00   clock clk (rise edge)
                          0.00   10.00   clock network delay (ideal)
                         -0.25    9.75   clock uncertainty
                          0.00    9.75   clock reconvergence pessimism
                                  9.75 ^ _2059_/CLK (sky130_fd_sc_hd__dfrtp_2)
                          0.25   10.00   library recovery time
                                 10.00   data required time
-----------------------------------------------------------------------------
                                 10.00   data required time
                                 -2.77   data arrival time
-----------------------------------------------------------------------------
                                  7.22   slack (MET)


Startpoint: reset (input port clocked by clk)
Endpoint: _2061_ (recovery check against rising-edge clock clk)
Path Group: asynchronous
Path Type: max

Fanout     Cap    Slew   Delay    Time   Description
-----------------------------------------------------------------------------
                  0.15    0.00    0.00   clock clk (rise edge)
                          0.00    0.00   clock network delay (ideal)
                          2.00    2.00 v input external delay
     1    0.01    0.03    0.02    2.02 v reset (in)
                                         reset (net)
                  0.03    0.00    2.02 v _1835_/A (sky130_fd_sc_hd__buf_1)
     4    0.02    0.12    0.16    2.18 v _1835_/X (sky130_fd_sc_hd__buf_1)
                                         _0955_ (net)
                  0.12    0.00    2.18 v _1912_/A (sky130_fd_sc_hd__buf_1)
     4    0.02    0.10    0.19    2.37 v _1912_/X (sky130_fd_sc_hd__buf_1)
                                         _0968_ (net)
                  0.10    0.00    2.38 v _1913_/A (sky130_fd_sc_hd__buf_1)
     8    0.04    0.25    0.29    2.67 v _1913_/X (sky130_fd_sc_hd__buf_1)
                                         _0969_ (net)
                  0.25    0.00    2.67 v _1921_/A (sky130_fd_sc_hd__inv_2)
     1    0.00    0.06    0.10    2.77 ^ _1921_/Y (sky130_fd_sc_hd__inv_2)
                                         _0071_ (net)
                  0.06    0.00    2.77 ^ _2061_/RESET_B (sky130_fd_sc_hd__dfrtp_2)
                                  2.77   data arrival time

                  0.15   10.00   10.00   clock clk (rise edge)
                          0.00   10.00   clock network delay (ideal)
                         -0.25    9.75   clock uncertainty
                          0.00    9.75   clock reconvergence pessimism
                                  9.75 ^ _2061_/CLK (sky130_fd_sc_hd__dfrtp_2)
                          0.25   10.00   library recovery time
                                 10.00   data required time
-----------------------------------------------------------------------------
                                 10.00   data required time
                                 -2.77   data arrival time
-----------------------------------------------------------------------------
                                  7.22   slack (MET)


Startpoint: reset (input port clocked by clk)
Endpoint: _2060_ (recovery check against rising-edge clock clk)
Path Group: asynchronous
Path Type: max

Fanout     Cap    Slew   Delay    Time   Description
-----------------------------------------------------------------------------
                  0.15    0.00    0.00   clock clk (rise edge)
                          0.00    0.00   clock network delay (ideal)
                          2.00    2.00 v input external delay
     1    0.01    0.03    0.02    2.02 v reset (in)
                                         reset (net)
                  0.03    0.00    2.02 v _1835_/A (sky130_fd_sc_hd__buf_1)
     4    0.02    0.12    0.16    2.18 v _1835_/X (sky130_fd_sc_hd__buf_1)
                                         _0955_ (net)
                  0.12    0.00    2.18 v _1912_/A (sky130_fd_sc_hd__buf_1)
     4    0.02    0.10    0.19    2.37 v _1912_/X (sky130_fd_sc_hd__buf_1)
                                         _0968_ (net)
                  0.10    0.00    2.38 v _1913_/A (sky130_fd_sc_hd__buf_1)
     8    0.04    0.25    0.29    2.67 v _1913_/X (sky130_fd_sc_hd__buf_1)
                                         _0969_ (net)
                  0.25    0.00    2.67 v _1920_/A (sky130_fd_sc_hd__inv_2)
     1    0.00    0.06    0.10    2.77 ^ _1920_/Y (sky130_fd_sc_hd__inv_2)
                                         _0070_ (net)
                  0.06    0.00    2.77 ^ _2060_/RESET_B (sky130_fd_sc_hd__dfrtp_2)
                                  2.77   data arrival time

                  0.15   10.00   10.00   clock clk (rise edge)
                          0.00   10.00   clock network delay (ideal)
                         -0.25    9.75   clock uncertainty
                          0.00    9.75   clock reconvergence pessimism
                                  9.75 ^ _2060_/CLK (sky130_fd_sc_hd__dfrtp_2)
                          0.25   10.00   library recovery time
                                 10.00   data required time
-----------------------------------------------------------------------------
                                 10.00   data required time
                                 -2.77   data arrival time
-----------------------------------------------------------------------------
                                  7.22   slack (MET)


Startpoint: reset (input port clocked by clk)
Endpoint: _2102_ (recovery check against rising-edge clock clk)
Path Group: asynchronous
Path Type: max

Fanout     Cap    Slew   Delay    Time   Description
-----------------------------------------------------------------------------
                  0.15    0.00    0.00   clock clk (rise edge)
                          0.00    0.00   clock network delay (ideal)
                          2.00    2.00 v input external delay
     1    0.01    0.03    0.02    2.02 v reset (in)
                                         reset (net)
                  0.03    0.00    2.02 v _1835_/A (sky130_fd_sc_hd__buf_1)
     4    0.02    0.12    0.16    2.18 v _1835_/X (sky130_fd_sc_hd__buf_1)
                                         _0955_ (net)
                  0.12    0.00    2.19 v _1949_/A (sky130_fd_sc_hd__buf_1)
     2    0.01    0.05    0.15    2.34 v _1949_/X (sky130_fd_sc_hd__buf_1)
                                         _0973_ (net)
                  0.05    0.00    2.34 v _1959_/A (sky130_fd_sc_hd__buf_1)
    10    0.05    0.29    0.31    2.65 v _1959_/X (sky130_fd_sc_hd__buf_1)
                                         _0975_ (net)
                  0.29    0.00    2.65 v _1968_/A (sky130_fd_sc_hd__inv_2)
     1    0.00    0.07    0.12    2.76 ^ _1968_/Y (sky130_fd_sc_hd__inv_2)
                                         _0112_ (net)
                  0.07    0.00    2.76 ^ _2102_/RESET_B (sky130_fd_sc_hd__dfrtp_2)
                                  2.76   data arrival time

                  0.15   10.00   10.00   clock clk (rise edge)
                          0.00   10.00   clock network delay (ideal)
                         -0.25    9.75   clock uncertainty
                          0.00    9.75   clock reconvergence pessimism
                                  9.75 ^ _2102_/CLK (sky130_fd_sc_hd__dfrtp_2)
                          0.24    9.99   library recovery time
                                  9.99   data required time
-----------------------------------------------------------------------------
                                  9.99   data required time
                                 -2.76   data arrival time
-----------------------------------------------------------------------------
                                  7.23   slack (MET)


Startpoint: reset (input port clocked by clk)
Endpoint: _2098_ (recovery check against rising-edge clock clk)
Path Group: asynchronous
Path Type: max

Fanout     Cap    Slew   Delay    Time   Description
-----------------------------------------------------------------------------
                  0.15    0.00    0.00   clock clk (rise edge)
                          0.00    0.00   clock network delay (ideal)
                          2.00    2.00 v input external delay
     1    0.01    0.03    0.02    2.02 v reset (in)
                                         reset (net)
                  0.03    0.00    2.02 v _1835_/A (sky130_fd_sc_hd__buf_1)
     4    0.02    0.12    0.16    2.18 v _1835_/X (sky130_fd_sc_hd__buf_1)
                                         _0955_ (net)
                  0.12    0.00    2.19 v _1949_/A (sky130_fd_sc_hd__buf_1)
     2    0.01    0.05    0.15    2.34 v _1949_/X (sky130_fd_sc_hd__buf_1)
                                         _0973_ (net)
                  0.05    0.00    2.34 v _1959_/A (sky130_fd_sc_hd__buf_1)
    10    0.05    0.29    0.31    2.65 v _1959_/X (sky130_fd_sc_hd__buf_1)
                                         _0975_ (net)
                  0.29    0.00    2.65 v _1964_/A (sky130_fd_sc_hd__inv_2)
     1    0.00    0.07    0.12    2.76 ^ _1964_/Y (sky130_fd_sc_hd__inv_2)
                                         _0108_ (net)
                  0.07    0.00    2.76 ^ _2098_/RESET_B (sky130_fd_sc_hd__dfrtp_2)
                                  2.76   data arrival time

                  0.15   10.00   10.00   clock clk (rise edge)
                          0.00   10.00   clock network delay (ideal)
                         -0.25    9.75   clock uncertainty
                          0.00    9.75   clock reconvergence pessimism
                                  9.75 ^ _2098_/CLK (sky130_fd_sc_hd__dfrtp_2)
                          0.24    9.99   library recovery time
                                  9.99   data required time
-----------------------------------------------------------------------------
                                  9.99   data required time
                                 -2.76   data arrival time
-----------------------------------------------------------------------------
                                  7.23   slack (MET)


Startpoint: reset (input port clocked by clk)
Endpoint: _2103_ (recovery check against rising-edge clock clk)
Path Group: asynchronous
Path Type: max

Fanout     Cap    Slew   Delay    Time   Description
-----------------------------------------------------------------------------
                  0.15    0.00    0.00   clock clk (rise edge)
                          0.00    0.00   clock network delay (ideal)
                          2.00    2.00 v input external delay
     1    0.01    0.03    0.02    2.02 v reset (in)
                                         reset (net)
                  0.03    0.00    2.02 v _1835_/A (sky130_fd_sc_hd__buf_1)
     4    0.02    0.12    0.16    2.18 v _1835_/X (sky130_fd_sc_hd__buf_1)
                                         _0955_ (net)
                  0.12    0.00    2.19 v _1949_/A (sky130_fd_sc_hd__buf_1)
     2    0.01    0.05    0.15    2.34 v _1949_/X (sky130_fd_sc_hd__buf_1)
                                         _0973_ (net)
                  0.05    0.00    2.34 v _1959_/A (sky130_fd_sc_hd__buf_1)
    10    0.05    0.29    0.31    2.65 v _1959_/X (sky130_fd_sc_hd__buf_1)
                                         _0975_ (net)
                  0.29    0.00    2.65 v _1969_/A (sky130_fd_sc_hd__inv_2)
     1    0.00    0.07    0.12    2.76 ^ _1969_/Y (sky130_fd_sc_hd__inv_2)
                                         _0113_ (net)
                  0.07    0.00    2.76 ^ _2103_/RESET_B (sky130_fd_sc_hd__dfrtp_2)
                                  2.76   data arrival time

                  0.15   10.00   10.00   clock clk (rise edge)
                          0.00   10.00   clock network delay (ideal)
                         -0.25    9.75   clock uncertainty
                          0.00    9.75   clock reconvergence pessimism
                                  9.75 ^ _2103_/CLK (sky130_fd_sc_hd__dfrtp_2)
                          0.24    9.99   library recovery time
                                  9.99   data required time
-----------------------------------------------------------------------------
                                  9.99   data required time
                                 -2.76   data arrival time
-----------------------------------------------------------------------------
                                  7.23   slack (MET)


Startpoint: reset (input port clocked by clk)
Endpoint: _2099_ (recovery check against rising-edge clock clk)
Path Group: asynchronous
Path Type: max

Fanout     Cap    Slew   Delay    Time   Description
-----------------------------------------------------------------------------
                  0.15    0.00    0.00   clock clk (rise edge)
                          0.00    0.00   clock network delay (ideal)
                          2.00    2.00 v input external delay
     1    0.01    0.03    0.02    2.02 v reset (in)
                                         reset (net)
                  0.03    0.00    2.02 v _1835_/A (sky130_fd_sc_hd__buf_1)
     4    0.02    0.12    0.16    2.18 v _1835_/X (sky130_fd_sc_hd__buf_1)
                                         _0955_ (net)
                  0.12    0.00    2.19 v _1949_/A (sky130_fd_sc_hd__buf_1)
     2    0.01    0.05    0.15    2.34 v _1949_/X (sky130_fd_sc_hd__buf_1)
                                         _0973_ (net)
                  0.05    0.00    2.34 v _1959_/A (sky130_fd_sc_hd__buf_1)
    10    0.05    0.29    0.31    2.65 v _1959_/X (sky130_fd_sc_hd__buf_1)
                                         _0975_ (net)
                  0.29    0.00    2.65 v _1965_/A (sky130_fd_sc_hd__inv_2)
     1    0.00    0.07    0.12    2.76 ^ _1965_/Y (sky130_fd_sc_hd__inv_2)
                                         _0109_ (net)
                  0.07    0.00    2.76 ^ _2099_/RESET_B (sky130_fd_sc_hd__dfrtp_2)
                                  2.76   data arrival time

                  0.15   10.00   10.00   clock clk (rise edge)
                          0.00   10.00   clock network delay (ideal)
                         -0.25    9.75   clock uncertainty
                          0.00    9.75   clock reconvergence pessimism
                                  9.75 ^ _2099_/CLK (sky130_fd_sc_hd__dfrtp_2)
                          0.24    9.99   library recovery time
                                  9.99   data required time
-----------------------------------------------------------------------------
                                  9.99   data required time
                                 -2.76   data arrival time
-----------------------------------------------------------------------------
                                  7.23   slack (MET)


Startpoint: reset (input port clocked by clk)
Endpoint: _2101_ (recovery check against rising-edge clock clk)
Path Group: asynchronous
Path Type: max

Fanout     Cap    Slew   Delay    Time   Description
-----------------------------------------------------------------------------
                  0.15    0.00    0.00   clock clk (rise edge)
                          0.00    0.00   clock network delay (ideal)
                          2.00    2.00 v input external delay
     1    0.01    0.03    0.02    2.02 v reset (in)
                                         reset (net)
                  0.03    0.00    2.02 v _1835_/A (sky130_fd_sc_hd__buf_1)
     4    0.02    0.12    0.16    2.18 v _1835_/X (sky130_fd_sc_hd__buf_1)
                                         _0955_ (net)
                  0.12    0.00    2.19 v _1949_/A (sky130_fd_sc_hd__buf_1)
     2    0.01    0.05    0.15    2.34 v _1949_/X (sky130_fd_sc_hd__buf_1)
                                         _0973_ (net)
                  0.05    0.00    2.34 v _1959_/A (sky130_fd_sc_hd__buf_1)
    10    0.05    0.29    0.31    2.65 v _1959_/X (sky130_fd_sc_hd__buf_1)
                                         _0975_ (net)
                  0.29    0.00    2.65 v _1967_/A (sky130_fd_sc_hd__inv_2)
     1    0.00    0.07    0.11    2.76 ^ _1967_/Y (sky130_fd_sc_hd__inv_2)
                                         _0111_ (net)
                  0.07    0.00    2.76 ^ _2101_/RESET_B (sky130_fd_sc_hd__dfrtp_2)
                                  2.76   data arrival time

                  0.15   10.00   10.00   clock clk (rise edge)
                          0.00   10.00   clock network delay (ideal)
                         -0.25    9.75   clock uncertainty
                          0.00    9.75   clock reconvergence pessimism
                                  9.75 ^ _2101_/CLK (sky130_fd_sc_hd__dfrtp_2)
                          0.24    9.99   library recovery time
                                  9.99   data required time
-----------------------------------------------------------------------------
                                  9.99   data required time
                                 -2.76   data arrival time
-----------------------------------------------------------------------------
                                  7.23   slack (MET)


Startpoint: reset (input port clocked by clk)
Endpoint: _2100_ (recovery check against rising-edge clock clk)
Path Group: asynchronous
Path Type: max

Fanout     Cap    Slew   Delay    Time   Description
-----------------------------------------------------------------------------
                  0.15    0.00    0.00   clock clk (rise edge)
                          0.00    0.00   clock network delay (ideal)
                          2.00    2.00 v input external delay
     1    0.01    0.03    0.02    2.02 v reset (in)
                                         reset (net)
                  0.03    0.00    2.02 v _1835_/A (sky130_fd_sc_hd__buf_1)
     4    0.02    0.12    0.16    2.18 v _1835_/X (sky130_fd_sc_hd__buf_1)
                                         _0955_ (net)
                  0.12    0.00    2.19 v _1949_/A (sky130_fd_sc_hd__buf_1)
     2    0.01    0.05    0.15    2.34 v _1949_/X (sky130_fd_sc_hd__buf_1)
                                         _0973_ (net)
                  0.05    0.00    2.34 v _1959_/A (sky130_fd_sc_hd__buf_1)
    10    0.05    0.29    0.31    2.65 v _1959_/X (sky130_fd_sc_hd__buf_1)
                                         _0975_ (net)
                  0.29    0.00    2.65 v _1966_/A (sky130_fd_sc_hd__inv_2)
     1    0.00    0.07    0.12    2.76 ^ _1966_/Y (sky130_fd_sc_hd__inv_2)
                                         _0110_ (net)
                  0.07    0.00    2.76 ^ _2100_/RESET_B (sky130_fd_sc_hd__dfrtp_2)
                                  2.76   data arrival time

                  0.15   10.00   10.00   clock clk (rise edge)
                          0.00   10.00   clock network delay (ideal)
                         -0.25    9.75   clock uncertainty
                          0.00    9.75   clock reconvergence pessimism
                                  9.75 ^ _2100_/CLK (sky130_fd_sc_hd__dfrtp_2)
                          0.24    9.99   library recovery time
                                  9.99   data required time
-----------------------------------------------------------------------------
                                  9.99   data required time
                                 -2.76   data arrival time
-----------------------------------------------------------------------------
                                  7.23   slack (MET)


Startpoint: reset (input port clocked by clk)
Endpoint: _2094_ (recovery check against rising-edge clock clk)
Path Group: asynchronous
Path Type: max

Fanout     Cap    Slew   Delay    Time   Description
-----------------------------------------------------------------------------
                  0.15    0.00    0.00   clock clk (rise edge)
                          0.00    0.00   clock network delay (ideal)
                          2.00    2.00 v input external delay
     1    0.01    0.03    0.02    2.02 v reset (in)
                                         reset (net)
                  0.03    0.00    2.02 v _1835_/A (sky130_fd_sc_hd__buf_1)
     4    0.02    0.12    0.16    2.18 v _1835_/X (sky130_fd_sc_hd__buf_1)
                                         _0955_ (net)
                  0.12    0.00    2.19 v _1949_/A (sky130_fd_sc_hd__buf_1)
     2    0.01    0.05    0.15    2.34 v _1949_/X (sky130_fd_sc_hd__buf_1)
                                         _0973_ (net)
                  0.05    0.00    2.34 v _1959_/A (sky130_fd_sc_hd__buf_1)
    10    0.05    0.29    0.31    2.65 v _1959_/X (sky130_fd_sc_hd__buf_1)
                                         _0975_ (net)
                  0.29    0.00    2.65 v _1960_/A (sky130_fd_sc_hd__inv_2)
     1    0.00    0.07    0.12    2.76 ^ _1960_/Y (sky130_fd_sc_hd__inv_2)
                                         _0104_ (net)
                  0.07    0.00    2.76 ^ _2094_/RESET_B (sky130_fd_sc_hd__dfrtp_2)
                                  2.76   data arrival time

                  0.15   10.00   10.00   clock clk (rise edge)
                          0.00   10.00   clock network delay (ideal)
                         -0.25    9.75   clock uncertainty
                          0.00    9.75   clock reconvergence pessimism
                                  9.75 ^ _2094_/CLK (sky130_fd_sc_hd__dfrtp_2)
                          0.24    9.99   library recovery time
                                  9.99   data required time
-----------------------------------------------------------------------------
                                  9.99   data required time
                                 -2.76   data arrival time
-----------------------------------------------------------------------------
                                  7.23   slack (MET)


Startpoint: reset (input port clocked by clk)
Endpoint: _2096_ (recovery check against rising-edge clock clk)
Path Group: asynchronous
Path Type: max

Fanout     Cap    Slew   Delay    Time   Description
-----------------------------------------------------------------------------
                  0.15    0.00    0.00   clock clk (rise edge)
                          0.00    0.00   clock network delay (ideal)
                          2.00    2.00 v input external delay
     1    0.01    0.03    0.02    2.02 v reset (in)
                                         reset (net)
                  0.03    0.00    2.02 v _1835_/A (sky130_fd_sc_hd__buf_1)
     4    0.02    0.12    0.16    2.18 v _1835_/X (sky130_fd_sc_hd__buf_1)
                                         _0955_ (net)
                  0.12    0.00    2.19 v _1949_/A (sky130_fd_sc_hd__buf_1)
     2    0.01    0.05    0.15    2.34 v _1949_/X (sky130_fd_sc_hd__buf_1)
                                         _0973_ (net)
                  0.05    0.00    2.34 v _1959_/A (sky130_fd_sc_hd__buf_1)
    10    0.05    0.29    0.31    2.65 v _1959_/X (sky130_fd_sc_hd__buf_1)
                                         _0975_ (net)
                  0.29    0.00    2.65 v _1962_/A (sky130_fd_sc_hd__inv_2)
     1    0.00    0.07    0.12    2.76 ^ _1962_/Y (sky130_fd_sc_hd__inv_2)
                                         _0106_ (net)
                  0.07    0.00    2.76 ^ _2096_/RESET_B (sky130_fd_sc_hd__dfrtp_2)
                                  2.76   data arrival time

                  0.15   10.00   10.00   clock clk (rise edge)
                          0.00   10.00   clock network delay (ideal)
                         -0.25    9.75   clock uncertainty
                          0.00    9.75   clock reconvergence pessimism
                                  9.75 ^ _2096_/CLK (sky130_fd_sc_hd__dfrtp_2)
                          0.24    9.99   library recovery time
                                  9.99   data required time
-----------------------------------------------------------------------------
                                  9.99   data required time
                                 -2.76   data arrival time
-----------------------------------------------------------------------------
                                  7.23   slack (MET)


Startpoint: reset (input port clocked by clk)
Endpoint: _2097_ (recovery check against rising-edge clock clk)
Path Group: asynchronous
Path Type: max

Fanout     Cap    Slew   Delay    Time   Description
-----------------------------------------------------------------------------
                  0.15    0.00    0.00   clock clk (rise edge)
                          0.00    0.00   clock network delay (ideal)
                          2.00    2.00 v input external delay
     1    0.01    0.03    0.02    2.02 v reset (in)
                                         reset (net)
                  0.03    0.00    2.02 v _1835_/A (sky130_fd_sc_hd__buf_1)
     4    0.02    0.12    0.16    2.18 v _1835_/X (sky130_fd_sc_hd__buf_1)
                                         _0955_ (net)
                  0.12    0.00    2.19 v _1949_/A (sky130_fd_sc_hd__buf_1)
     2    0.01    0.05    0.15    2.34 v _1949_/X (sky130_fd_sc_hd__buf_1)
                                         _0973_ (net)
                  0.05    0.00    2.34 v _1959_/A (sky130_fd_sc_hd__buf_1)
    10    0.05    0.29    0.31    2.65 v _1959_/X (sky130_fd_sc_hd__buf_1)
                                         _0975_ (net)
                  0.29    0.00    2.65 v _1963_/A (sky130_fd_sc_hd__inv_2)
     1    0.00    0.07    0.11    2.76 ^ _1963_/Y (sky130_fd_sc_hd__inv_2)
                                         _0107_ (net)
                  0.07    0.00    2.76 ^ _2097_/RESET_B (sky130_fd_sc_hd__dfrtp_2)
                                  2.76   data arrival time

                  0.15   10.00   10.00   clock clk (rise edge)
                          0.00   10.00   clock network delay (ideal)
                         -0.25    9.75   clock uncertainty
                          0.00    9.75   clock reconvergence pessimism
                                  9.75 ^ _2097_/CLK (sky130_fd_sc_hd__dfrtp_2)
                          0.24    9.99   library recovery time
                                  9.99   data required time
-----------------------------------------------------------------------------
                                  9.99   data required time
                                 -2.76   data arrival time
-----------------------------------------------------------------------------
                                  7.23   slack (MET)


Startpoint: reset (input port clocked by clk)
Endpoint: _2095_ (recovery check against rising-edge clock clk)
Path Group: asynchronous
Path Type: max

Fanout     Cap    Slew   Delay    Time   Description
-----------------------------------------------------------------------------
                  0.15    0.00    0.00   clock clk (rise edge)
                          0.00    0.00   clock network delay (ideal)
                          2.00    2.00 v input external delay
     1    0.01    0.03    0.02    2.02 v reset (in)
                                         reset (net)
                  0.03    0.00    2.02 v _1835_/A (sky130_fd_sc_hd__buf_1)
     4    0.02    0.12    0.16    2.18 v _1835_/X (sky130_fd_sc_hd__buf_1)
                                         _0955_ (net)
                  0.12    0.00    2.19 v _1949_/A (sky130_fd_sc_hd__buf_1)
     2    0.01    0.05    0.15    2.34 v _1949_/X (sky130_fd_sc_hd__buf_1)
                                         _0973_ (net)
                  0.05    0.00    2.34 v _1959_/A (sky130_fd_sc_hd__buf_1)
    10    0.05    0.29    0.31    2.65 v _1959_/X (sky130_fd_sc_hd__buf_1)
                                         _0975_ (net)
                  0.29    0.00    2.65 v _1961_/A (sky130_fd_sc_hd__inv_2)
     1    0.00    0.07    0.12    2.76 ^ _1961_/Y (sky130_fd_sc_hd__inv_2)
                                         _0105_ (net)
                  0.07    0.00    2.76 ^ _2095_/RESET_B (sky130_fd_sc_hd__dfrtp_2)
                                  2.76   data arrival time

                  0.15   10.00   10.00   clock clk (rise edge)
                          0.00   10.00   clock network delay (ideal)
                         -0.25    9.75   clock uncertainty
                          0.00    9.75   clock reconvergence pessimism
                                  9.75 ^ _2095_/CLK (sky130_fd_sc_hd__dfrtp_2)
                          0.24    9.99   library recovery time
                                  9.99   data required time
-----------------------------------------------------------------------------
                                  9.99   data required time
                                 -2.76   data arrival time
-----------------------------------------------------------------------------
                                  7.23   slack (MET)


Startpoint: reset (input port clocked by clk)
Endpoint: _2019_ (recovery check against rising-edge clock clk)
Path Group: asynchronous
Path Type: max

Fanout     Cap    Slew   Delay    Time   Description
-----------------------------------------------------------------------------
                  0.15    0.00    0.00   clock clk (rise edge)
                          0.00    0.00   clock network delay (ideal)
                          2.00    2.00 v input external delay
     1    0.01    0.03    0.02    2.02 v reset (in)
                                         reset (net)
                  0.03    0.00    2.02 v _1835_/A (sky130_fd_sc_hd__buf_1)
     4    0.02    0.12    0.16    2.18 v _1835_/X (sky130_fd_sc_hd__buf_1)
                                         _0955_ (net)
                  0.12    0.00    2.19 v _1836_/A (sky130_fd_sc_hd__buf_1)
     3    0.01    0.08    0.17    2.36 v _1836_/X (sky130_fd_sc_hd__buf_1)
                                         _0956_ (net)
                  0.08    0.00    2.36 v _1858_/A (sky130_fd_sc_hd__buf_1)
     2    0.00    0.04    0.12    2.48 v _1858_/X (sky130_fd_sc_hd__buf_1)
                                         _0960_ (net)
                  0.04    0.00    2.48 v _1870_/A (sky130_fd_sc_hd__buf_1)
     4    0.02    0.13    0.18    2.65 v _1870_/X (sky130_fd_sc_hd__buf_1)
                                         _0962_ (net)
                  0.13    0.00    2.65 v _1872_/A (sky130_fd_sc_hd__inv_2)
     1    0.00    0.05    0.08    2.73 ^ _1872_/Y (sky130_fd_sc_hd__inv_2)
                                         _0029_ (net)
                  0.05    0.00    2.73 ^ _2019_/RESET_B (sky130_fd_sc_hd__dfrtp_2)
                                  2.73   data arrival time

                  0.15   10.00   10.00   clock clk (rise edge)
                          0.00   10.00   clock network delay (ideal)
                         -0.25    9.75   clock uncertainty
                          0.00    9.75   clock reconvergence pessimism
                                  9.75 ^ _2019_/CLK (sky130_fd_sc_hd__dfrtp_2)
                          0.25   10.00   library recovery time
                                 10.00   data required time
-----------------------------------------------------------------------------
                                 10.00   data required time
                                 -2.73   data arrival time
-----------------------------------------------------------------------------
                                  7.27   slack (MET)


Startpoint: reset (input port clocked by clk)
Endpoint: _2018_ (recovery check against rising-edge clock clk)
Path Group: asynchronous
Path Type: max

Fanout     Cap    Slew   Delay    Time   Description
-----------------------------------------------------------------------------
                  0.15    0.00    0.00   clock clk (rise edge)
                          0.00    0.00   clock network delay (ideal)
                          2.00    2.00 v input external delay
     1    0.01    0.03    0.02    2.02 v reset (in)
                                         reset (net)
                  0.03    0.00    2.02 v _1835_/A (sky130_fd_sc_hd__buf_1)
     4    0.02    0.12    0.16    2.18 v _1835_/X (sky130_fd_sc_hd__buf_1)
                                         _0955_ (net)
                  0.12    0.00    2.19 v _1836_/A (sky130_fd_sc_hd__buf_1)
     3    0.01    0.08    0.17    2.36 v _1836_/X (sky130_fd_sc_hd__buf_1)
                                         _0956_ (net)
                  0.08    0.00    2.36 v _1858_/A (sky130_fd_sc_hd__buf_1)
     2    0.00    0.04    0.12    2.48 v _1858_/X (sky130_fd_sc_hd__buf_1)
                                         _0960_ (net)
                  0.04    0.00    2.48 v _1870_/A (sky130_fd_sc_hd__buf_1)
     4    0.02    0.13    0.18    2.65 v _1870_/X (sky130_fd_sc_hd__buf_1)
                                         _0962_ (net)
                  0.13    0.00    2.65 v _1871_/A (sky130_fd_sc_hd__inv_2)
     1    0.00    0.04    0.08    2.73 ^ _1871_/Y (sky130_fd_sc_hd__inv_2)
                                         _0028_ (net)
                  0.04    0.00    2.73 ^ _2018_/RESET_B (sky130_fd_sc_hd__dfrtp_2)
                                  2.73   data arrival time

                  0.15   10.00   10.00   clock clk (rise edge)
                          0.00   10.00   clock network delay (ideal)
                         -0.25    9.75   clock uncertainty
                          0.00    9.75   clock reconvergence pessimism
                                  9.75 ^ _2018_/CLK (sky130_fd_sc_hd__dfrtp_2)
                          0.25   10.00   library recovery time
                                 10.00   data required time
-----------------------------------------------------------------------------
                                 10.00   data required time
                                 -2.73   data arrival time
-----------------------------------------------------------------------------
                                  7.27   slack (MET)


Startpoint: reset (input port clocked by clk)
Endpoint: _2020_ (recovery check against rising-edge clock clk)
Path Group: asynchronous
Path Type: max

Fanout     Cap    Slew   Delay    Time   Description
-----------------------------------------------------------------------------
                  0.15    0.00    0.00   clock clk (rise edge)
                          0.00    0.00   clock network delay (ideal)
                          2.00    2.00 v input external delay
     1    0.01    0.03    0.02    2.02 v reset (in)
                                         reset (net)
                  0.03    0.00    2.02 v _1835_/A (sky130_fd_sc_hd__buf_1)
     4    0.02    0.12    0.16    2.18 v _1835_/X (sky130_fd_sc_hd__buf_1)
                                         _0955_ (net)
                  0.12    0.00    2.19 v _1836_/A (sky130_fd_sc_hd__buf_1)
     3    0.01    0.08    0.17    2.36 v _1836_/X (sky130_fd_sc_hd__buf_1)
                                         _0956_ (net)
                  0.08    0.00    2.36 v _1858_/A (sky130_fd_sc_hd__buf_1)
     2    0.00    0.04    0.12    2.48 v _1858_/X (sky130_fd_sc_hd__buf_1)
                                         _0960_ (net)
                  0.04    0.00    2.48 v _1870_/A (sky130_fd_sc_hd__buf_1)
     4    0.02    0.13    0.18    2.65 v _1870_/X (sky130_fd_sc_hd__buf_1)
                                         _0962_ (net)
                  0.13    0.00    2.65 v _1873_/A (sky130_fd_sc_hd__inv_2)
     1    0.00    0.04    0.08    2.73 ^ _1873_/Y (sky130_fd_sc_hd__inv_2)
                                         _0030_ (net)
                  0.04    0.00    2.73 ^ _2020_/RESET_B (sky130_fd_sc_hd__dfrtp_2)
                                  2.73   data arrival time

                  0.15   10.00   10.00   clock clk (rise edge)
                          0.00   10.00   clock network delay (ideal)
                         -0.25    9.75   clock uncertainty
                          0.00    9.75   clock reconvergence pessimism
                                  9.75 ^ _2020_/CLK (sky130_fd_sc_hd__dfrtp_2)
                          0.25   10.00   library recovery time
                                 10.00   data required time
-----------------------------------------------------------------------------
                                 10.00   data required time
                                 -2.73   data arrival time
-----------------------------------------------------------------------------
                                  7.27   slack (MET)


Startpoint: reset (input port clocked by clk)
Endpoint: _2021_ (recovery check against rising-edge clock clk)
Path Group: asynchronous
Path Type: max

Fanout     Cap    Slew   Delay    Time   Description
-----------------------------------------------------------------------------
                  0.15    0.00    0.00   clock clk (rise edge)
                          0.00    0.00   clock network delay (ideal)
                          2.00    2.00 v input external delay
     1    0.01    0.03    0.02    2.02 v reset (in)
                                         reset (net)
                  0.03    0.00    2.02 v _1835_/A (sky130_fd_sc_hd__buf_1)
     4    0.02    0.12    0.16    2.18 v _1835_/X (sky130_fd_sc_hd__buf_1)
                                         _0955_ (net)
                  0.12    0.00    2.19 v _1836_/A (sky130_fd_sc_hd__buf_1)
     3    0.01    0.08    0.17    2.36 v _1836_/X (sky130_fd_sc_hd__buf_1)
                                         _0956_ (net)
                  0.08    0.00    2.36 v _1858_/A (sky130_fd_sc_hd__buf_1)
     2    0.00    0.04    0.12    2.48 v _1858_/X (sky130_fd_sc_hd__buf_1)
                                         _0960_ (net)
                  0.04    0.00    2.48 v _1870_/A (sky130_fd_sc_hd__buf_1)
     4    0.02    0.13    0.18    2.65 v _1870_/X (sky130_fd_sc_hd__buf_1)
                                         _0962_ (net)
                  0.13    0.00    2.65 v _1874_/A (sky130_fd_sc_hd__inv_2)
     1    0.00    0.04    0.08    2.73 ^ _1874_/Y (sky130_fd_sc_hd__inv_2)
                                         _0031_ (net)
                  0.04    0.00    2.73 ^ _2021_/RESET_B (sky130_fd_sc_hd__dfrtp_2)
                                  2.73   data arrival time

                  0.15   10.00   10.00   clock clk (rise edge)
                          0.00   10.00   clock network delay (ideal)
                         -0.25    9.75   clock uncertainty
                          0.00    9.75   clock reconvergence pessimism
                                  9.75 ^ _2021_/CLK (sky130_fd_sc_hd__dfrtp_2)
                          0.25   10.00   library recovery time
                                 10.00   data required time
-----------------------------------------------------------------------------
                                 10.00   data required time
                                 -2.73   data arrival time
-----------------------------------------------------------------------------
                                  7.27   slack (MET)


Startpoint: reset (input port clocked by clk)
Endpoint: _2087_ (recovery check against rising-edge clock clk)
Path Group: asynchronous
Path Type: max

Fanout     Cap    Slew   Delay    Time   Description
-----------------------------------------------------------------------------
                  0.15    0.00    0.00   clock clk (rise edge)
                          0.00    0.00   clock network delay (ideal)
                          2.00    2.00 v input external delay
     1    0.01    0.03    0.02    2.02 v reset (in)
                                         reset (net)
                  0.03    0.00    2.02 v _1835_/A (sky130_fd_sc_hd__buf_1)
     4    0.02    0.12    0.16    2.18 v _1835_/X (sky130_fd_sc_hd__buf_1)
                                         _0955_ (net)
                  0.12    0.00    2.19 v _1949_/A (sky130_fd_sc_hd__buf_1)
     2    0.01    0.05    0.15    2.34 v _1949_/X (sky130_fd_sc_hd__buf_1)
                                         _0973_ (net)
                  0.05    0.00    2.34 v _1950_/A (sky130_fd_sc_hd__buf_1)
     8    0.04    0.23    0.26    2.60 v _1950_/X (sky130_fd_sc_hd__buf_1)
                                         _0974_ (net)
                  0.23    0.00    2.60 v _1952_/A (sky130_fd_sc_hd__inv_2)
     1    0.00    0.06    0.10    2.70 ^ _1952_/Y (sky130_fd_sc_hd__inv_2)
                                         _0097_ (net)
                  0.06    0.00    2.70 ^ _2087_/RESET_B (sky130_fd_sc_hd__dfrtp_2)
                                  2.70   data arrival time

                  0.15   10.00   10.00   clock clk (rise edge)
                          0.00   10.00   clock network delay (ideal)
                         -0.25    9.75   clock uncertainty
                          0.00    9.75   clock reconvergence pessimism
                                  9.75 ^ _2087_/CLK (sky130_fd_sc_hd__dfrtp_2)
                          0.25   10.00   library recovery time
                                 10.00   data required time
-----------------------------------------------------------------------------
                                 10.00   data required time
                                 -2.70   data arrival time
-----------------------------------------------------------------------------
                                  7.30   slack (MET)


Startpoint: reset (input port clocked by clk)
Endpoint: _2093_ (recovery check against rising-edge clock clk)
Path Group: asynchronous
Path Type: max

Fanout     Cap    Slew   Delay    Time   Description
-----------------------------------------------------------------------------
                  0.15    0.00    0.00   clock clk (rise edge)
                          0.00    0.00   clock network delay (ideal)
                          2.00    2.00 v input external delay
     1    0.01    0.03    0.02    2.02 v reset (in)
                                         reset (net)
                  0.03    0.00    2.02 v _1835_/A (sky130_fd_sc_hd__buf_1)
     4    0.02    0.12    0.16    2.18 v _1835_/X (sky130_fd_sc_hd__buf_1)
                                         _0955_ (net)
                  0.12    0.00    2.19 v _1949_/A (sky130_fd_sc_hd__buf_1)
     2    0.01    0.05    0.15    2.34 v _1949_/X (sky130_fd_sc_hd__buf_1)
                                         _0973_ (net)
                  0.05    0.00    2.34 v _1950_/A (sky130_fd_sc_hd__buf_1)
     8    0.04    0.23    0.26    2.60 v _1950_/X (sky130_fd_sc_hd__buf_1)
                                         _0974_ (net)
                  0.23    0.00    2.60 v _1958_/A (sky130_fd_sc_hd__inv_2)
     1    0.00    0.06    0.10    2.70 ^ _1958_/Y (sky130_fd_sc_hd__inv_2)
                                         _0103_ (net)
                  0.06    0.00    2.70 ^ _2093_/RESET_B (sky130_fd_sc_hd__dfrtp_2)
                                  2.70   data arrival time

                  0.15   10.00   10.00   clock clk (rise edge)
                          0.00   10.00   clock network delay (ideal)
                         -0.25    9.75   clock uncertainty
                          0.00    9.75   clock reconvergence pessimism
                                  9.75 ^ _2093_/CLK (sky130_fd_sc_hd__dfrtp_2)
                          0.25   10.00   library recovery time
                                 10.00   data required time
-----------------------------------------------------------------------------
                                 10.00   data required time
                                 -2.70   data arrival time
-----------------------------------------------------------------------------
                                  7.30   slack (MET)


Startpoint: reset (input port clocked by clk)
Endpoint: _2088_ (recovery check against rising-edge clock clk)
Path Group: asynchronous
Path Type: max

Fanout     Cap    Slew   Delay    Time   Description
-----------------------------------------------------------------------------
                  0.15    0.00    0.00   clock clk (rise edge)
                          0.00    0.00   clock network delay (ideal)
                          2.00    2.00 v input external delay
     1    0.01    0.03    0.02    2.02 v reset (in)
                                         reset (net)
                  0.03    0.00    2.02 v _1835_/A (sky130_fd_sc_hd__buf_1)
     4    0.02    0.12    0.16    2.18 v _1835_/X (sky130_fd_sc_hd__buf_1)
                                         _0955_ (net)
                  0.12    0.00    2.19 v _1949_/A (sky130_fd_sc_hd__buf_1)
     2    0.01    0.05    0.15    2.34 v _1949_/X (sky130_fd_sc_hd__buf_1)
                                         _0973_ (net)
                  0.05    0.00    2.34 v _1950_/A (sky130_fd_sc_hd__buf_1)
     8    0.04    0.23    0.26    2.60 v _1950_/X (sky130_fd_sc_hd__buf_1)
                                         _0974_ (net)
                  0.23    0.00    2.60 v _1953_/A (sky130_fd_sc_hd__inv_2)
     1    0.00    0.06    0.10    2.70 ^ _1953_/Y (sky130_fd_sc_hd__inv_2)
                                         _0098_ (net)
                  0.06    0.00    2.70 ^ _2088_/RESET_B (sky130_fd_sc_hd__dfrtp_2)
                                  2.70   data arrival time

                  0.15   10.00   10.00   clock clk (rise edge)
                          0.00   10.00   clock network delay (ideal)
                         -0.25    9.75   clock uncertainty
                          0.00    9.75   clock reconvergence pessimism
                                  9.75 ^ _2088_/CLK (sky130_fd_sc_hd__dfrtp_2)
                          0.25   10.00   library recovery time
                                 10.00   data required time
-----------------------------------------------------------------------------
                                 10.00   data required time
                                 -2.70   data arrival time
-----------------------------------------------------------------------------
                                  7.30   slack (MET)


Startpoint: reset (input port clocked by clk)
Endpoint: _2089_ (recovery check against rising-edge clock clk)
Path Group: asynchronous
Path Type: max

Fanout     Cap    Slew   Delay    Time   Description
-----------------------------------------------------------------------------
                  0.15    0.00    0.00   clock clk (rise edge)
                          0.00    0.00   clock network delay (ideal)
                          2.00    2.00 v input external delay
     1    0.01    0.03    0.02    2.02 v reset (in)
                                         reset (net)
                  0.03    0.00    2.02 v _1835_/A (sky130_fd_sc_hd__buf_1)
     4    0.02    0.12    0.16    2.18 v _1835_/X (sky130_fd_sc_hd__buf_1)
                                         _0955_ (net)
                  0.12    0.00    2.19 v _1949_/A (sky130_fd_sc_hd__buf_1)
     2    0.01    0.05    0.15    2.34 v _1949_/X (sky130_fd_sc_hd__buf_1)
                                         _0973_ (net)
                  0.05    0.00    2.34 v _1950_/A (sky130_fd_sc_hd__buf_1)
     8    0.04    0.23    0.26    2.60 v _1950_/X (sky130_fd_sc_hd__buf_1)
                                         _0974_ (net)
                  0.23    0.00    2.60 v _1954_/A (sky130_fd_sc_hd__inv_2)
     1    0.00    0.06    0.10    2.70 ^ _1954_/Y (sky130_fd_sc_hd__inv_2)
                                         _0099_ (net)
                  0.06    0.00    2.70 ^ _2089_/RESET_B (sky130_fd_sc_hd__dfrtp_2)
                                  2.70   data arrival time

                  0.15   10.00   10.00   clock clk (rise edge)
                          0.00   10.00   clock network delay (ideal)
                         -0.25    9.75   clock uncertainty
                          0.00    9.75   clock reconvergence pessimism
                                  9.75 ^ _2089_/CLK (sky130_fd_sc_hd__dfrtp_2)
                          0.25   10.00   library recovery time
                                 10.00   data required time
-----------------------------------------------------------------------------
                                 10.00   data required time
                                 -2.70   data arrival time
-----------------------------------------------------------------------------
                                  7.30   slack (MET)


Startpoint: reset (input port clocked by clk)
Endpoint: _2091_ (recovery check against rising-edge clock clk)
Path Group: asynchronous
Path Type: max

Fanout     Cap    Slew   Delay    Time   Description
-----------------------------------------------------------------------------
                  0.15    0.00    0.00   clock clk (rise edge)
                          0.00    0.00   clock network delay (ideal)
                          2.00    2.00 v input external delay
     1    0.01    0.03    0.02    2.02 v reset (in)
                                         reset (net)
                  0.03    0.00    2.02 v _1835_/A (sky130_fd_sc_hd__buf_1)
     4    0.02    0.12    0.16    2.18 v _1835_/X (sky130_fd_sc_hd__buf_1)
                                         _0955_ (net)
                  0.12    0.00    2.19 v _1949_/A (sky130_fd_sc_hd__buf_1)
     2    0.01    0.05    0.15    2.34 v _1949_/X (sky130_fd_sc_hd__buf_1)
                                         _0973_ (net)
                  0.05    0.00    2.34 v _1950_/A (sky130_fd_sc_hd__buf_1)
     8    0.04    0.23    0.26    2.60 v _1950_/X (sky130_fd_sc_hd__buf_1)
                                         _0974_ (net)
                  0.23    0.00    2.60 v _1956_/A (sky130_fd_sc_hd__inv_2)
     1    0.00    0.06    0.10    2.70 ^ _1956_/Y (sky130_fd_sc_hd__inv_2)
                                         _0101_ (net)
                  0.06    0.00    2.70 ^ _2091_/RESET_B (sky130_fd_sc_hd__dfrtp_2)
                                  2.70   data arrival time

                  0.15   10.00   10.00   clock clk (rise edge)
                          0.00   10.00   clock network delay (ideal)
                         -0.25    9.75   clock uncertainty
                          0.00    9.75   clock reconvergence pessimism
                                  9.75 ^ _2091_/CLK (sky130_fd_sc_hd__dfrtp_2)
                          0.25   10.00   library recovery time
                                 10.00   data required time
-----------------------------------------------------------------------------
                                 10.00   data required time
                                 -2.70   data arrival time
-----------------------------------------------------------------------------
                                  7.30   slack (MET)


Startpoint: reset (input port clocked by clk)
Endpoint: _2086_ (recovery check against rising-edge clock clk)
Path Group: asynchronous
Path Type: max

Fanout     Cap    Slew   Delay    Time   Description
-----------------------------------------------------------------------------
                  0.15    0.00    0.00   clock clk (rise edge)
                          0.00    0.00   clock network delay (ideal)
                          2.00    2.00 v input external delay
     1    0.01    0.03    0.02    2.02 v reset (in)
                                         reset (net)
                  0.03    0.00    2.02 v _1835_/A (sky130_fd_sc_hd__buf_1)
     4    0.02    0.12    0.16    2.18 v _1835_/X (sky130_fd_sc_hd__buf_1)
                                         _0955_ (net)
                  0.12    0.00    2.19 v _1949_/A (sky130_fd_sc_hd__buf_1)
     2    0.01    0.05    0.15    2.34 v _1949_/X (sky130_fd_sc_hd__buf_1)
                                         _0973_ (net)
                  0.05    0.00    2.34 v _1950_/A (sky130_fd_sc_hd__buf_1)
     8    0.04    0.23    0.26    2.60 v _1950_/X (sky130_fd_sc_hd__buf_1)
                                         _0974_ (net)
                  0.23    0.00    2.60 v _1951_/A (sky130_fd_sc_hd__inv_2)
     1    0.00    0.06    0.10    2.70 ^ _1951_/Y (sky130_fd_sc_hd__inv_2)
                                         _0096_ (net)
                  0.06    0.00    2.70 ^ _2086_/RESET_B (sky130_fd_sc_hd__dfrtp_2)
                                  2.70   data arrival time

                  0.15   10.00   10.00   clock clk (rise edge)
                          0.00   10.00   clock network delay (ideal)
                         -0.25    9.75   clock uncertainty
                          0.00    9.75   clock reconvergence pessimism
                                  9.75 ^ _2086_/CLK (sky130_fd_sc_hd__dfrtp_2)
                          0.25   10.00   library recovery time
                                 10.00   data required time
-----------------------------------------------------------------------------
                                 10.00   data required time
                                 -2.70   data arrival time
-----------------------------------------------------------------------------
                                  7.30   slack (MET)


Startpoint: reset (input port clocked by clk)
Endpoint: _2090_ (recovery check against rising-edge clock clk)
Path Group: asynchronous
Path Type: max

Fanout     Cap    Slew   Delay    Time   Description
-----------------------------------------------------------------------------
                  0.15    0.00    0.00   clock clk (rise edge)
                          0.00    0.00   clock network delay (ideal)
                          2.00    2.00 v input external delay
     1    0.01    0.03    0.02    2.02 v reset (in)
                                         reset (net)
                  0.03    0.00    2.02 v _1835_/A (sky130_fd_sc_hd__buf_1)
     4    0.02    0.12    0.16    2.18 v _1835_/X (sky130_fd_sc_hd__buf_1)
                                         _0955_ (net)
                  0.12    0.00    2.19 v _1949_/A (sky130_fd_sc_hd__buf_1)
     2    0.01    0.05    0.15    2.34 v _1949_/X (sky130_fd_sc_hd__buf_1)
                                         _0973_ (net)
                  0.05    0.00    2.34 v _1950_/A (sky130_fd_sc_hd__buf_1)
     8    0.04    0.23    0.26    2.60 v _1950_/X (sky130_fd_sc_hd__buf_1)
                                         _0974_ (net)
                  0.23    0.00    2.60 v _1955_/A (sky130_fd_sc_hd__inv_2)
     1    0.00    0.06    0.10    2.70 ^ _1955_/Y (sky130_fd_sc_hd__inv_2)
                                         _0100_ (net)
                  0.06    0.00    2.70 ^ _2090_/RESET_B (sky130_fd_sc_hd__dfrtp_2)
                                  2.70   data arrival time

                  0.15   10.00   10.00   clock clk (rise edge)
                          0.00   10.00   clock network delay (ideal)
                         -0.25    9.75   clock uncertainty
                          0.00    9.75   clock reconvergence pessimism
                                  9.75 ^ _2090_/CLK (sky130_fd_sc_hd__dfrtp_2)
                          0.25   10.00   library recovery time
                                 10.00   data required time
-----------------------------------------------------------------------------
                                 10.00   data required time
                                 -2.70   data arrival time
-----------------------------------------------------------------------------
                                  7.30   slack (MET)


Startpoint: reset (input port clocked by clk)
Endpoint: _2092_ (recovery check against rising-edge clock clk)
Path Group: asynchronous
Path Type: max

Fanout     Cap    Slew   Delay    Time   Description
-----------------------------------------------------------------------------
                  0.15    0.00    0.00   clock clk (rise edge)
                          0.00    0.00   clock network delay (ideal)
                          2.00    2.00 v input external delay
     1    0.01    0.03    0.02    2.02 v reset (in)
                                         reset (net)
                  0.03    0.00    2.02 v _1835_/A (sky130_fd_sc_hd__buf_1)
     4    0.02    0.12    0.16    2.18 v _1835_/X (sky130_fd_sc_hd__buf_1)
                                         _0955_ (net)
                  0.12    0.00    2.19 v _1949_/A (sky130_fd_sc_hd__buf_1)
     2    0.01    0.05    0.15    2.34 v _1949_/X (sky130_fd_sc_hd__buf_1)
                                         _0973_ (net)
                  0.05    0.00    2.34 v _1950_/A (sky130_fd_sc_hd__buf_1)
     8    0.04    0.23    0.26    2.60 v _1950_/X (sky130_fd_sc_hd__buf_1)
                                         _0974_ (net)
                  0.23    0.00    2.60 v _1957_/A (sky130_fd_sc_hd__inv_2)
     1    0.00    0.06    0.10    2.70 ^ _1957_/Y (sky130_fd_sc_hd__inv_2)
                                         _0102_ (net)
                  0.06    0.00    2.70 ^ _2092_/RESET_B (sky130_fd_sc_hd__dfrtp_2)
                                  2.70   data arrival time

                  0.15   10.00   10.00   clock clk (rise edge)
                          0.00   10.00   clock network delay (ideal)
                         -0.25    9.75   clock uncertainty
                          0.00    9.75   clock reconvergence pessimism
                                  9.75 ^ _2092_/CLK (sky130_fd_sc_hd__dfrtp_2)
                          0.25   10.00   library recovery time
                                 10.00   data required time
-----------------------------------------------------------------------------
                                 10.00   data required time
                                 -2.70   data arrival time
-----------------------------------------------------------------------------
                                  7.30   slack (MET)


Startpoint: control (input port clocked by clk)
Endpoint: _2119_ (rising edge-triggered flip-flop clocked by clk)
Path Group: clk
Path Type: max

Fanout     Cap    Slew   Delay    Time   Description
-----------------------------------------------------------------------------
                  0.15    0.00    0.00   clock clk (rise edge)
                          0.00    0.00   clock network delay (ideal)
                          2.00    2.00 ^ input external delay
     8    0.03    0.14    0.11    2.11 ^ control (in)
                                         control (net)
                  0.14    0.00    2.11 ^ _0987_/A (sky130_fd_sc_hd__nand2_2)
     2    0.01    0.06    0.09    2.20 v _0987_/Y (sky130_fd_sc_hd__nand2_2)
                                         _0269_ (net)
                  0.06    0.00    2.20 v _0988_/B (sky130_fd_sc_hd__xnor2_2)
     1    0.00    0.07    0.13    2.33 v _0988_/Y (sky130_fd_sc_hd__xnor2_2)
                                         _0260_ (net)
                  0.07    0.00    2.33 v _2119_/D (sky130_fd_sc_hd__dfrtp_2)
                                  2.33   data arrival time

                  0.15   10.00   10.00   clock clk (rise edge)
                          0.00   10.00   clock network delay (ideal)
                         -0.25    9.75   clock uncertainty
                          0.00    9.75   clock reconvergence pessimism
                                  9.75 ^ _2119_/CLK (sky130_fd_sc_hd__dfrtp_2)
                         -0.10    9.65   library setup time
                                  9.65   data required time
-----------------------------------------------------------------------------
                                  9.65   data required time
                                 -2.33   data arrival time
-----------------------------------------------------------------------------
                                  7.32   slack (MET)


Startpoint: control (input port clocked by clk)
Endpoint: _2118_ (rising edge-triggered flip-flop clocked by clk)
Path Group: clk
Path Type: max

Fanout     Cap    Slew   Delay    Time   Description
-----------------------------------------------------------------------------
                  0.15    0.00    0.00   clock clk (rise edge)
                          0.00    0.00   clock network delay (ideal)
                          2.00    2.00 ^ input external delay
     8    0.03    0.14    0.11    2.11 ^ control (in)
                                         control (net)
                  0.14    0.00    2.11 ^ _0983_/A (sky130_fd_sc_hd__and2_2)
     2    0.01    0.06    0.19    2.29 ^ _0983_/X (sky130_fd_sc_hd__and2_2)
                                         _0266_ (net)
                  0.06    0.00    2.29 ^ _0990_/A (sky130_fd_sc_hd__nor2_2)
     1    0.00    0.02    0.04    2.33 v _0990_/Y (sky130_fd_sc_hd__nor2_2)
                                         _0259_ (net)
                  0.02    0.00    2.33 v _2118_/D (sky130_fd_sc_hd__dfrtp_2)
                                  2.33   data arrival time

                  0.15   10.00   10.00   clock clk (rise edge)
                          0.00   10.00   clock network delay (ideal)
                         -0.25    9.75   clock uncertainty
                          0.00    9.75   clock reconvergence pessimism
                                  9.75 ^ _2118_/CLK (sky130_fd_sc_hd__dfrtp_2)
                         -0.08    9.67   library setup time
                                  9.67   data required time
-----------------------------------------------------------------------------
                                  9.67   data required time
                                 -2.33   data arrival time
-----------------------------------------------------------------------------
                                  7.33   slack (MET)


Startpoint: reset (input port clocked by clk)
Endpoint: _2118_ (recovery check against rising-edge clock clk)
Path Group: asynchronous
Path Type: max

Fanout     Cap    Slew   Delay    Time   Description
-----------------------------------------------------------------------------
                  0.15    0.00    0.00   clock clk (rise edge)
                          0.00    0.00   clock network delay (ideal)
                          2.00    2.00 v input external delay
     1    0.01    0.03    0.02    2.02 v reset (in)
                                         reset (net)
                  0.03    0.00    2.02 v _1835_/A (sky130_fd_sc_hd__buf_1)
     4    0.02    0.12    0.16    2.18 v _1835_/X (sky130_fd_sc_hd__buf_1)
                                         _0955_ (net)
                  0.12    0.00    2.19 v _1836_/A (sky130_fd_sc_hd__buf_1)
     3    0.01    0.08    0.17    2.36 v _1836_/X (sky130_fd_sc_hd__buf_1)
                                         _0956_ (net)
                  0.08    0.00    2.36 v _1837_/A (sky130_fd_sc_hd__buf_1)
     5    0.02    0.14    0.20    2.56 v _1837_/X (sky130_fd_sc_hd__buf_1)
                                         _0957_ (net)
                  0.14    0.00    2.56 v _1987_/A (sky130_fd_sc_hd__inv_2)
     1    0.00    0.05    0.08    2.64 ^ _1987_/Y (sky130_fd_sc_hd__inv_2)
                                         _0128_ (net)
                  0.05    0.00    2.64 ^ _2118_/RESET_B (sky130_fd_sc_hd__dfrtp_2)
                                  2.64   data arrival time

                  0.15   10.00   10.00   clock clk (rise edge)
                          0.00   10.00   clock network delay (ideal)
                         -0.25    9.75   clock uncertainty
                          0.00    9.75   clock reconvergence pessimism
                                  9.75 ^ _2118_/CLK (sky130_fd_sc_hd__dfrtp_2)
                          0.25   10.00   library recovery time
                                 10.00   data required time
-----------------------------------------------------------------------------
                                 10.00   data required time
                                 -2.64   data arrival time
-----------------------------------------------------------------------------
                                  7.36   slack (MET)


Startpoint: reset (input port clocked by clk)
Endpoint: _2119_ (recovery check against rising-edge clock clk)
Path Group: asynchronous
Path Type: max

Fanout     Cap    Slew   Delay    Time   Description
-----------------------------------------------------------------------------
                  0.15    0.00    0.00   clock clk (rise edge)
                          0.00    0.00   clock network delay (ideal)
                          2.00    2.00 v input external delay
     1    0.01    0.03    0.02    2.02 v reset (in)
                                         reset (net)
                  0.03    0.00    2.02 v _1835_/A (sky130_fd_sc_hd__buf_1)
     4    0.02    0.12    0.16    2.18 v _1835_/X (sky130_fd_sc_hd__buf_1)
                                         _0955_ (net)
                  0.12    0.00    2.19 v _1836_/A (sky130_fd_sc_hd__buf_1)
     3    0.01    0.08    0.17    2.36 v _1836_/X (sky130_fd_sc_hd__buf_1)
                                         _0956_ (net)
                  0.08    0.00    2.36 v _1837_/A (sky130_fd_sc_hd__buf_1)
     5    0.02    0.14    0.20    2.56 v _1837_/X (sky130_fd_sc_hd__buf_1)
                                         _0957_ (net)
                  0.14    0.00    2.56 v _1988_/A (sky130_fd_sc_hd__inv_2)
     1    0.00    0.05    0.08    2.64 ^ _1988_/Y (sky130_fd_sc_hd__inv_2)
                                         _0129_ (net)
                  0.05    0.00    2.64 ^ _2119_/RESET_B (sky130_fd_sc_hd__dfrtp_2)
                                  2.64   data arrival time

                  0.15   10.00   10.00   clock clk (rise edge)
                          0.00   10.00   clock network delay (ideal)
                         -0.25    9.75   clock uncertainty
                          0.00    9.75   clock reconvergence pessimism
                                  9.75 ^ _2119_/CLK (sky130_fd_sc_hd__dfrtp_2)
                          0.25   10.00   library recovery time
                                 10.00   data required time
-----------------------------------------------------------------------------
                                 10.00   data required time
                                 -2.64   data arrival time
-----------------------------------------------------------------------------
                                  7.36   slack (MET)


Startpoint: reset (input port clocked by clk)
Endpoint: _2120_ (recovery check against rising-edge clock clk)
Path Group: asynchronous
Path Type: max

Fanout     Cap    Slew   Delay    Time   Description
-----------------------------------------------------------------------------
                  0.15    0.00    0.00   clock clk (rise edge)
                          0.00    0.00   clock network delay (ideal)
                          2.00    2.00 v input external delay
     1    0.01    0.03    0.02    2.02 v reset (in)
                                         reset (net)
                  0.03    0.00    2.02 v _1835_/A (sky130_fd_sc_hd__buf_1)
     4    0.02    0.12    0.16    2.18 v _1835_/X (sky130_fd_sc_hd__buf_1)
                                         _0955_ (net)
                  0.12    0.00    2.19 v _1836_/A (sky130_fd_sc_hd__buf_1)
     3    0.01    0.08    0.17    2.36 v _1836_/X (sky130_fd_sc_hd__buf_1)
                                         _0956_ (net)
                  0.08    0.00    2.36 v _1837_/A (sky130_fd_sc_hd__buf_1)
     5    0.02    0.14    0.20    2.56 v _1837_/X (sky130_fd_sc_hd__buf_1)
                                         _0957_ (net)
                  0.14    0.00    2.56 v _1989_/A (sky130_fd_sc_hd__inv_2)
     1    0.00    0.05    0.08    2.64 ^ _1989_/Y (sky130_fd_sc_hd__inv_2)
                                         _0130_ (net)
                  0.05    0.00    2.64 ^ _2120_/RESET_B (sky130_fd_sc_hd__dfrtp_2)
                                  2.64   data arrival time

                  0.15   10.00   10.00   clock clk (rise edge)
                          0.00   10.00   clock network delay (ideal)
                         -0.25    9.75   clock uncertainty
                          0.00    9.75   clock reconvergence pessimism
                                  9.75 ^ _2120_/CLK (sky130_fd_sc_hd__dfrtp_2)
                          0.25   10.00   library recovery time
                                 10.00   data required time
-----------------------------------------------------------------------------
                                 10.00   data required time
                                 -2.64   data arrival time
-----------------------------------------------------------------------------
                                  7.36   slack (MET)


Startpoint: reset (input port clocked by clk)
Endpoint: _2085_ (recovery check against rising-edge clock clk)
Path Group: asynchronous
Path Type: max

Fanout     Cap    Slew   Delay    Time   Description
-----------------------------------------------------------------------------
                  0.15    0.00    0.00   clock clk (rise edge)
                          0.00    0.00   clock network delay (ideal)
                          2.00    2.00 v input external delay
     1    0.01    0.03    0.02    2.02 v reset (in)
                                         reset (net)
                  0.03    0.00    2.02 v _1835_/A (sky130_fd_sc_hd__buf_1)
     4    0.02    0.12    0.16    2.18 v _1835_/X (sky130_fd_sc_hd__buf_1)
                                         _0955_ (net)
                  0.12    0.00    2.18 v _1912_/A (sky130_fd_sc_hd__buf_1)
     4    0.02    0.10    0.19    2.37 v _1912_/X (sky130_fd_sc_hd__buf_1)
                                         _0968_ (net)
                  0.10    0.00    2.37 v _1944_/A (sky130_fd_sc_hd__buf_1)
     4    0.02    0.12    0.19    2.57 v _1944_/X (sky130_fd_sc_hd__buf_1)
                                         _0972_ (net)
                  0.12    0.00    2.57 v _1948_/A (sky130_fd_sc_hd__inv_2)
     1    0.00    0.04    0.07    2.64 ^ _1948_/Y (sky130_fd_sc_hd__inv_2)
                                         _0095_ (net)
                  0.04    0.00    2.64 ^ _2085_/RESET_B (sky130_fd_sc_hd__dfrtp_2)
                                  2.64   data arrival time

                  0.15   10.00   10.00   clock clk (rise edge)
                          0.00   10.00   clock network delay (ideal)
                         -0.25    9.75   clock uncertainty
                          0.00    9.75   clock reconvergence pessimism
                                  9.75 ^ _2085_/CLK (sky130_fd_sc_hd__dfrtp_2)
                          0.25   10.00   library recovery time
                                 10.00   data required time
-----------------------------------------------------------------------------
                                 10.00   data required time
                                 -2.64   data arrival time
-----------------------------------------------------------------------------
                                  7.36   slack (MET)


Startpoint: reset (input port clocked by clk)
Endpoint: _2083_ (recovery check against rising-edge clock clk)
Path Group: asynchronous
Path Type: max

Fanout     Cap    Slew   Delay    Time   Description
-----------------------------------------------------------------------------
                  0.15    0.00    0.00   clock clk (rise edge)
                          0.00    0.00   clock network delay (ideal)
                          2.00    2.00 v input external delay
     1    0.01    0.03    0.02    2.02 v reset (in)
                                         reset (net)
                  0.03    0.00    2.02 v _1835_/A (sky130_fd_sc_hd__buf_1)
     4    0.02    0.12    0.16    2.18 v _1835_/X (sky130_fd_sc_hd__buf_1)
                                         _0955_ (net)
                  0.12    0.00    2.18 v _1912_/A (sky130_fd_sc_hd__buf_1)
     4    0.02    0.10    0.19    2.37 v _1912_/X (sky130_fd_sc_hd__buf_1)
                                         _0968_ (net)
                  0.10    0.00    2.37 v _1944_/A (sky130_fd_sc_hd__buf_1)
     4    0.02    0.12    0.19    2.57 v _1944_/X (sky130_fd_sc_hd__buf_1)
                                         _0972_ (net)
                  0.12    0.00    2.57 v _1946_/A (sky130_fd_sc_hd__inv_2)
     1    0.00    0.04    0.07    2.64 ^ _1946_/Y (sky130_fd_sc_hd__inv_2)
                                         _0093_ (net)
                  0.04    0.00    2.64 ^ _2083_/RESET_B (sky130_fd_sc_hd__dfrtp_2)
                                  2.64   data arrival time

                  0.15   10.00   10.00   clock clk (rise edge)
                          0.00   10.00   clock network delay (ideal)
                         -0.25    9.75   clock uncertainty
                          0.00    9.75   clock reconvergence pessimism
                                  9.75 ^ _2083_/CLK (sky130_fd_sc_hd__dfrtp_2)
                          0.25   10.00   library recovery time
                                 10.00   data required time
-----------------------------------------------------------------------------
                                 10.00   data required time
                                 -2.64   data arrival time
-----------------------------------------------------------------------------
                                  7.36   slack (MET)


Startpoint: reset (input port clocked by clk)
Endpoint: _2082_ (recovery check against rising-edge clock clk)
Path Group: asynchronous
Path Type: max

Fanout     Cap    Slew   Delay    Time   Description
-----------------------------------------------------------------------------
                  0.15    0.00    0.00   clock clk (rise edge)
                          0.00    0.00   clock network delay (ideal)
                          2.00    2.00 v input external delay
     1    0.01    0.03    0.02    2.02 v reset (in)
                                         reset (net)
                  0.03    0.00    2.02 v _1835_/A (sky130_fd_sc_hd__buf_1)
     4    0.02    0.12    0.16    2.18 v _1835_/X (sky130_fd_sc_hd__buf_1)
                                         _0955_ (net)
                  0.12    0.00    2.18 v _1912_/A (sky130_fd_sc_hd__buf_1)
     4    0.02    0.10    0.19    2.37 v _1912_/X (sky130_fd_sc_hd__buf_1)
                                         _0968_ (net)
                  0.10    0.00    2.37 v _1944_/A (sky130_fd_sc_hd__buf_1)
     4    0.02    0.12    0.19    2.57 v _1944_/X (sky130_fd_sc_hd__buf_1)
                                         _0972_ (net)
                  0.12    0.00    2.57 v _1945_/A (sky130_fd_sc_hd__inv_2)
     1    0.00    0.04    0.07    2.64 ^ _1945_/Y (sky130_fd_sc_hd__inv_2)
                                         _0092_ (net)
                  0.04    0.00    2.64 ^ _2082_/RESET_B (sky130_fd_sc_hd__dfrtp_2)
                                  2.64   data arrival time

                  0.15   10.00   10.00   clock clk (rise edge)
                          0.00   10.00   clock network delay (ideal)
                         -0.25    9.75   clock uncertainty
                          0.00    9.75   clock reconvergence pessimism
                                  9.75 ^ _2082_/CLK (sky130_fd_sc_hd__dfrtp_2)
                          0.25   10.00   library recovery time
                                 10.00   data required time
-----------------------------------------------------------------------------
                                 10.00   data required time
                                 -2.64   data arrival time
-----------------------------------------------------------------------------
                                  7.36   slack (MET)


Startpoint: reset (input port clocked by clk)
Endpoint: _2084_ (recovery check against rising-edge clock clk)
Path Group: asynchronous
Path Type: max

Fanout     Cap    Slew   Delay    Time   Description
-----------------------------------------------------------------------------
                  0.15    0.00    0.00   clock clk (rise edge)
                          0.00    0.00   clock network delay (ideal)
                          2.00    2.00 v input external delay
     1    0.01    0.03    0.02    2.02 v reset (in)
                                         reset (net)
                  0.03    0.00    2.02 v _1835_/A (sky130_fd_sc_hd__buf_1)
     4    0.02    0.12    0.16    2.18 v _1835_/X (sky130_fd_sc_hd__buf_1)
                                         _0955_ (net)
                  0.12    0.00    2.18 v _1912_/A (sky130_fd_sc_hd__buf_1)
     4    0.02    0.10    0.19    2.37 v _1912_/X (sky130_fd_sc_hd__buf_1)
                                         _0968_ (net)
                  0.10    0.00    2.37 v _1944_/A (sky130_fd_sc_hd__buf_1)
     4    0.02    0.12    0.19    2.57 v _1944_/X (sky130_fd_sc_hd__buf_1)
                                         _0972_ (net)
                  0.12    0.00    2.57 v _1947_/A (sky130_fd_sc_hd__inv_2)
     1    0.00    0.04    0.07    2.64 ^ _1947_/Y (sky130_fd_sc_hd__inv_2)
                                         _0094_ (net)
                  0.04    0.00    2.64 ^ _2084_/RESET_B (sky130_fd_sc_hd__dfrtp_2)
                                  2.64   data arrival time

                  0.15   10.00   10.00   clock clk (rise edge)
                          0.00   10.00   clock network delay (ideal)
                         -0.25    9.75   clock uncertainty
                          0.00    9.75   clock reconvergence pessimism
                                  9.75 ^ _2084_/CLK (sky130_fd_sc_hd__dfrtp_2)
                          0.25   10.00   library recovery time
                                 10.00   data required time
-----------------------------------------------------------------------------
                                 10.00   data required time
                                 -2.64   data arrival time
-----------------------------------------------------------------------------
                                  7.36   slack (MET)


Startpoint: reset (input port clocked by clk)
Endpoint: _2116_ (recovery check against rising-edge clock clk)
Path Group: asynchronous
Path Type: max

Fanout     Cap    Slew   Delay    Time   Description
-----------------------------------------------------------------------------
                  0.15    0.00    0.00   clock clk (rise edge)
                          0.00    0.00   clock network delay (ideal)
                          2.00    2.00 v input external delay
     1    0.01    0.03    0.02    2.02 v reset (in)
                                         reset (net)
                  0.03    0.00    2.02 v _1835_/A (sky130_fd_sc_hd__buf_1)
     4    0.02    0.12    0.16    2.18 v _1835_/X (sky130_fd_sc_hd__buf_1)
                                         _0955_ (net)
                  0.12    0.00    2.18 v _1970_/A (sky130_fd_sc_hd__buf_1)
     2    0.00    0.04    0.14    2.32 v _1970_/X (sky130_fd_sc_hd__buf_1)
                                         _0976_ (net)
                  0.04    0.00    2.32 v _1982_/A (sky130_fd_sc_hd__buf_1)
     4    0.02    0.12    0.16    2.49 v _1982_/X (sky130_fd_sc_hd__buf_1)
                                         _0978_ (net)
                  0.12    0.00    2.49 v _1985_/A (sky130_fd_sc_hd__inv_2)
     1    0.00    0.04    0.07    2.56 ^ _1985_/Y (sky130_fd_sc_hd__inv_2)
                                         _0126_ (net)
                  0.04    0.00    2.56 ^ _2116_/RESET_B (sky130_fd_sc_hd__dfrtp_2)
                                  2.56   data arrival time

                  0.15   10.00   10.00   clock clk (rise edge)
                          0.00   10.00   clock network delay (ideal)
                         -0.25    9.75   clock uncertainty
                          0.00    9.75   clock reconvergence pessimism
                                  9.75 ^ _2116_/CLK (sky130_fd_sc_hd__dfrtp_2)
                          0.25   10.00   library recovery time
                                 10.00   data required time
-----------------------------------------------------------------------------
                                 10.00   data required time
                                 -2.56   data arrival time
-----------------------------------------------------------------------------
                                  7.44   slack (MET)


Startpoint: reset (input port clocked by clk)
Endpoint: _2115_ (recovery check against rising-edge clock clk)
Path Group: asynchronous
Path Type: max

Fanout     Cap    Slew   Delay    Time   Description
-----------------------------------------------------------------------------
                  0.15    0.00    0.00   clock clk (rise edge)
                          0.00    0.00   clock network delay (ideal)
                          2.00    2.00 v input external delay
     1    0.01    0.03    0.02    2.02 v reset (in)
                                         reset (net)
                  0.03    0.00    2.02 v _1835_/A (sky130_fd_sc_hd__buf_1)
     4    0.02    0.12    0.16    2.18 v _1835_/X (sky130_fd_sc_hd__buf_1)
                                         _0955_ (net)
                  0.12    0.00    2.18 v _1970_/A (sky130_fd_sc_hd__buf_1)
     2    0.00    0.04    0.14    2.32 v _1970_/X (sky130_fd_sc_hd__buf_1)
                                         _0976_ (net)
                  0.04    0.00    2.32 v _1982_/A (sky130_fd_sc_hd__buf_1)
     4    0.02    0.12    0.16    2.49 v _1982_/X (sky130_fd_sc_hd__buf_1)
                                         _0978_ (net)
                  0.12    0.00    2.49 v _1984_/A (sky130_fd_sc_hd__inv_2)
     1    0.00    0.04    0.07    2.56 ^ _1984_/Y (sky130_fd_sc_hd__inv_2)
                                         _0125_ (net)
                  0.04    0.00    2.56 ^ _2115_/RESET_B (sky130_fd_sc_hd__dfrtp_2)
                                  2.56   data arrival time

                  0.15   10.00   10.00   clock clk (rise edge)
                          0.00   10.00   clock network delay (ideal)
                         -0.25    9.75   clock uncertainty
                          0.00    9.75   clock reconvergence pessimism
                                  9.75 ^ _2115_/CLK (sky130_fd_sc_hd__dfrtp_2)
                          0.25   10.00   library recovery time
                                 10.00   data required time
-----------------------------------------------------------------------------
                                 10.00   data required time
                                 -2.56   data arrival time
-----------------------------------------------------------------------------
                                  7.44   slack (MET)


Startpoint: reset (input port clocked by clk)
Endpoint: _2117_ (recovery check against rising-edge clock clk)
Path Group: asynchronous
Path Type: max

Fanout     Cap    Slew   Delay    Time   Description
-----------------------------------------------------------------------------
                  0.15    0.00    0.00   clock clk (rise edge)
                          0.00    0.00   clock network delay (ideal)
                          2.00    2.00 v input external delay
     1    0.01    0.03    0.02    2.02 v reset (in)
                                         reset (net)
                  0.03    0.00    2.02 v _1835_/A (sky130_fd_sc_hd__buf_1)
     4    0.02    0.12    0.16    2.18 v _1835_/X (sky130_fd_sc_hd__buf_1)
                                         _0955_ (net)
                  0.12    0.00    2.18 v _1970_/A (sky130_fd_sc_hd__buf_1)
     2    0.00    0.04    0.14    2.32 v _1970_/X (sky130_fd_sc_hd__buf_1)
                                         _0976_ (net)
                  0.04    0.00    2.32 v _1982_/A (sky130_fd_sc_hd__buf_1)
     4    0.02    0.12    0.16    2.49 v _1982_/X (sky130_fd_sc_hd__buf_1)
                                         _0978_ (net)
                  0.12    0.00    2.49 v _1986_/A (sky130_fd_sc_hd__inv_2)
     1    0.00    0.04    0.07    2.56 ^ _1986_/Y (sky130_fd_sc_hd__inv_2)
                                         _0127_ (net)
                  0.04    0.00    2.56 ^ _2117_/RESET_B (sky130_fd_sc_hd__dfrtp_2)
                                  2.56   data arrival time

                  0.15   10.00   10.00   clock clk (rise edge)
                          0.00   10.00   clock network delay (ideal)
                         -0.25    9.75   clock uncertainty
                          0.00    9.75   clock reconvergence pessimism
                                  9.75 ^ _2117_/CLK (sky130_fd_sc_hd__dfrtp_2)
                          0.25   10.00   library recovery time
                                 10.00   data required time
-----------------------------------------------------------------------------
                                 10.00   data required time
                                 -2.56   data arrival time
-----------------------------------------------------------------------------
                                  7.44   slack (MET)


Startpoint: reset (input port clocked by clk)
Endpoint: _2114_ (recovery check against rising-edge clock clk)
Path Group: asynchronous
Path Type: max

Fanout     Cap    Slew   Delay    Time   Description
-----------------------------------------------------------------------------
                  0.15    0.00    0.00   clock clk (rise edge)
                          0.00    0.00   clock network delay (ideal)
                          2.00    2.00 v input external delay
     1    0.01    0.03    0.02    2.02 v reset (in)
                                         reset (net)
                  0.03    0.00    2.02 v _1835_/A (sky130_fd_sc_hd__buf_1)
     4    0.02    0.12    0.16    2.18 v _1835_/X (sky130_fd_sc_hd__buf_1)
                                         _0955_ (net)
                  0.12    0.00    2.18 v _1970_/A (sky130_fd_sc_hd__buf_1)
     2    0.00    0.04    0.14    2.32 v _1970_/X (sky130_fd_sc_hd__buf_1)
                                         _0976_ (net)
                  0.04    0.00    2.32 v _1982_/A (sky130_fd_sc_hd__buf_1)
     4    0.02    0.12    0.16    2.49 v _1982_/X (sky130_fd_sc_hd__buf_1)
                                         _0978_ (net)
                  0.12    0.00    2.49 v _1983_/A (sky130_fd_sc_hd__inv_2)
     1    0.00    0.04    0.07    2.56 ^ _1983_/Y (sky130_fd_sc_hd__inv_2)
                                         _0124_ (net)
                  0.04    0.00    2.56 ^ _2114_/RESET_B (sky130_fd_sc_hd__dfrtp_2)
                                  2.56   data arrival time

                  0.15   10.00   10.00   clock clk (rise edge)
                          0.00   10.00   clock network delay (ideal)
                         -0.25    9.75   clock uncertainty
                          0.00    9.75   clock reconvergence pessimism
                                  9.75 ^ _2114_/CLK (sky130_fd_sc_hd__dfrtp_2)
                          0.25   10.00   library recovery time
                                 10.00   data required time
-----------------------------------------------------------------------------
                                 10.00   data required time
                                 -2.56   data arrival time
-----------------------------------------------------------------------------
                                  7.44   slack (MET)



worst slack corner Typical: -3.1034
