
===========================================================================
report_checks -path_delay min (Hold)
============================================================================
======================= Typical Corner ===================================

Startpoint: _2055_ (rising edge-triggered flip-flop clocked by clk)
Endpoint: _2055_ (rising edge-triggered flip-flop clocked by clk)
Path Group: clk
Path Type: min

Fanout     Cap    Slew   Delay    Time   Description
-----------------------------------------------------------------------------
                  0.15    0.00    0.00   clock clk (rise edge)
                          0.00    0.00   clock network delay (ideal)
                  0.15    0.00    0.00 ^ _2055_/CLK (sky130_fd_sc_hd__dfrtp_2)
     2    0.00    0.05    0.36    0.36 ^ _2055_/Q (sky130_fd_sc_hd__dfrtp_2)
                                         rf_inst.registers[10][1] (net)
                  0.05    0.00    0.36 ^ _1730_/B1 (sky130_fd_sc_hd__a21o_2)
     1    0.00    0.02    0.07    0.43 ^ _1730_/X (sky130_fd_sc_hd__a21o_2)
                                         _0196_ (net)
                  0.02    0.00    0.43 ^ _2055_/D (sky130_fd_sc_hd__dfrtp_2)
                                  0.43   data arrival time

                  0.15    0.00    0.00   clock clk (rise edge)
                          0.00    0.00   clock network delay (ideal)
                          0.25    0.25   clock uncertainty
                          0.00    0.25   clock reconvergence pessimism
                                  0.25 ^ _2055_/CLK (sky130_fd_sc_hd__dfrtp_2)
                         -0.02    0.23   library hold time
                                  0.23   data required time
-----------------------------------------------------------------------------
                                  0.23   data required time
                                 -0.43   data arrival time
-----------------------------------------------------------------------------
                                  0.20   slack (MET)


Startpoint: _2057_ (rising edge-triggered flip-flop clocked by clk)
Endpoint: _2057_ (rising edge-triggered flip-flop clocked by clk)
Path Group: clk
Path Type: min

Fanout     Cap    Slew   Delay    Time   Description
-----------------------------------------------------------------------------
                  0.15    0.00    0.00   clock clk (rise edge)
                          0.00    0.00   clock network delay (ideal)
                  0.15    0.00    0.00 ^ _2057_/CLK (sky130_fd_sc_hd__dfrtp_2)
     2    0.00    0.05    0.36    0.36 ^ _2057_/Q (sky130_fd_sc_hd__dfrtp_2)
                                         rf_inst.registers[10][3] (net)
                  0.05    0.00    0.36 ^ _1727_/B1 (sky130_fd_sc_hd__a21o_2)
     1    0.00    0.02    0.07    0.43 ^ _1727_/X (sky130_fd_sc_hd__a21o_2)
                                         _0198_ (net)
                  0.02    0.00    0.43 ^ _2057_/D (sky130_fd_sc_hd__dfrtp_2)
                                  0.43   data arrival time

                  0.15    0.00    0.00   clock clk (rise edge)
                          0.00    0.00   clock network delay (ideal)
                          0.25    0.25   clock uncertainty
                          0.00    0.25   clock reconvergence pessimism
                                  0.25 ^ _2057_/CLK (sky130_fd_sc_hd__dfrtp_2)
                         -0.02    0.23   library hold time
                                  0.23   data required time
-----------------------------------------------------------------------------
                                  0.23   data required time
                                 -0.43   data arrival time
-----------------------------------------------------------------------------
                                  0.20   slack (MET)


Startpoint: _1993_ (rising edge-triggered flip-flop clocked by clk)
Endpoint: _1993_ (rising edge-triggered flip-flop clocked by clk)
Path Group: clk
Path Type: min

Fanout     Cap    Slew   Delay    Time   Description
-----------------------------------------------------------------------------
                  0.15    0.00    0.00   clock clk (rise edge)
                          0.00    0.00   clock network delay (ideal)
                  0.15    0.00    0.00 ^ _1993_/CLK (sky130_fd_sc_hd__dfrtp_2)
     2    0.00    0.05    0.36    0.36 ^ _1993_/Q (sky130_fd_sc_hd__dfrtp_2)
                                         rf_inst.registers[30][3] (net)
                  0.05    0.00    0.36 ^ _1831_/A1 (sky130_fd_sc_hd__a21o_2)
     1    0.00    0.02    0.10    0.45 ^ _1831_/X (sky130_fd_sc_hd__a21o_2)
                                         _0134_ (net)
                  0.02    0.00    0.45 ^ _1993_/D (sky130_fd_sc_hd__dfrtp_2)
                                  0.45   data arrival time

                  0.15    0.00    0.00   clock clk (rise edge)
                          0.00    0.00   clock network delay (ideal)
                          0.25    0.25   clock uncertainty
                          0.00    0.25   clock reconvergence pessimism
                                  0.25 ^ _1993_/CLK (sky130_fd_sc_hd__dfrtp_2)
                         -0.02    0.23   library hold time
                                  0.23   data required time
-----------------------------------------------------------------------------
                                  0.23   data required time
                                 -0.45   data arrival time
-----------------------------------------------------------------------------
                                  0.22   slack (MET)


Startpoint: _1994_ (rising edge-triggered flip-flop clocked by clk)
Endpoint: _1994_ (rising edge-triggered flip-flop clocked by clk)
Path Group: clk
Path Type: min

Fanout     Cap    Slew   Delay    Time   Description
-----------------------------------------------------------------------------
                  0.15    0.00    0.00   clock clk (rise edge)
                          0.00    0.00   clock network delay (ideal)
                  0.15    0.00    0.00 ^ _1994_/CLK (sky130_fd_sc_hd__dfrtp_2)
     2    0.00    0.05    0.36    0.36 ^ _1994_/Q (sky130_fd_sc_hd__dfrtp_2)
                                         rf_inst.registers[30][4] (net)
                  0.05    0.00    0.36 ^ _1830_/A1 (sky130_fd_sc_hd__a21o_2)
     1    0.00    0.02    0.10    0.46 ^ _1830_/X (sky130_fd_sc_hd__a21o_2)
                                         _0135_ (net)
                  0.02    0.00    0.46 ^ _1994_/D (sky130_fd_sc_hd__dfrtp_2)
                                  0.46   data arrival time

                  0.15    0.00    0.00   clock clk (rise edge)
                          0.00    0.00   clock network delay (ideal)
                          0.25    0.25   clock uncertainty
                          0.00    0.25   clock reconvergence pessimism
                                  0.25 ^ _1994_/CLK (sky130_fd_sc_hd__dfrtp_2)
                         -0.02    0.23   library hold time
                                  0.23   data required time
-----------------------------------------------------------------------------
                                  0.23   data required time
                                 -0.46   data arrival time
-----------------------------------------------------------------------------
                                  0.22   slack (MET)


Startpoint: _2013_ (rising edge-triggered flip-flop clocked by clk)
Endpoint: _2013_ (rising edge-triggered flip-flop clocked by clk)
Path Group: clk
Path Type: min

Fanout     Cap    Slew   Delay    Time   Description
-----------------------------------------------------------------------------
                  0.15    0.00    0.00   clock clk (rise edge)
                          0.00    0.00   clock network delay (ideal)
                  0.15    0.00    0.00 ^ _2013_/CLK (sky130_fd_sc_hd__dfrtp_2)
     2    0.00    0.05    0.36    0.36 ^ _2013_/Q (sky130_fd_sc_hd__dfrtp_2)
                                         rf_inst.registers[30][23] (net)
                  0.05    0.00    0.36 ^ _1809_/A1 (sky130_fd_sc_hd__a21o_2)
     1    0.00    0.02    0.10    0.46 ^ _1809_/X (sky130_fd_sc_hd__a21o_2)
                                         _0154_ (net)
                  0.02    0.00    0.46 ^ _2013_/D (sky130_fd_sc_hd__dfrtp_2)
                                  0.46   data arrival time

                  0.15    0.00    0.00   clock clk (rise edge)
                          0.00    0.00   clock network delay (ideal)
                          0.25    0.25   clock uncertainty
                          0.00    0.25   clock reconvergence pessimism
                                  0.25 ^ _2013_/CLK (sky130_fd_sc_hd__dfrtp_2)
                         -0.02    0.23   library hold time
                                  0.23   data required time
-----------------------------------------------------------------------------
                                  0.23   data required time
                                 -0.46   data arrival time
-----------------------------------------------------------------------------
                                  0.22   slack (MET)


Startpoint: _2007_ (rising edge-triggered flip-flop clocked by clk)
Endpoint: _2007_ (rising edge-triggered flip-flop clocked by clk)
Path Group: clk
Path Type: min

Fanout     Cap    Slew   Delay    Time   Description
-----------------------------------------------------------------------------
                  0.15    0.00    0.00   clock clk (rise edge)
                          0.00    0.00   clock network delay (ideal)
                  0.15    0.00    0.00 ^ _2007_/CLK (sky130_fd_sc_hd__dfrtp_2)
     2    0.00    0.05    0.36    0.36 ^ _2007_/Q (sky130_fd_sc_hd__dfrtp_2)
                                         rf_inst.registers[30][17] (net)
                  0.05    0.00    0.36 ^ _1816_/A1 (sky130_fd_sc_hd__a21o_2)
     1    0.00    0.02    0.10    0.46 ^ _1816_/X (sky130_fd_sc_hd__a21o_2)
                                         _0148_ (net)
                  0.02    0.00    0.46 ^ _2007_/D (sky130_fd_sc_hd__dfrtp_2)
                                  0.46   data arrival time

                  0.15    0.00    0.00   clock clk (rise edge)
                          0.00    0.00   clock network delay (ideal)
                          0.25    0.25   clock uncertainty
                          0.00    0.25   clock reconvergence pessimism
                                  0.25 ^ _2007_/CLK (sky130_fd_sc_hd__dfrtp_2)
                         -0.02    0.23   library hold time
                                  0.23   data required time
-----------------------------------------------------------------------------
                                  0.23   data required time
                                 -0.46   data arrival time
-----------------------------------------------------------------------------
                                  0.22   slack (MET)


Startpoint: _2009_ (rising edge-triggered flip-flop clocked by clk)
Endpoint: _2009_ (rising edge-triggered flip-flop clocked by clk)
Path Group: clk
Path Type: min

Fanout     Cap    Slew   Delay    Time   Description
-----------------------------------------------------------------------------
                  0.15    0.00    0.00   clock clk (rise edge)
                          0.00    0.00   clock network delay (ideal)
                  0.15    0.00    0.00 ^ _2009_/CLK (sky130_fd_sc_hd__dfrtp_2)
     2    0.00    0.05    0.36    0.36 ^ _2009_/Q (sky130_fd_sc_hd__dfrtp_2)
                                         rf_inst.registers[30][19] (net)
                  0.05    0.00    0.36 ^ _1814_/A1 (sky130_fd_sc_hd__a21o_2)
     1    0.00    0.02    0.10    0.46 ^ _1814_/X (sky130_fd_sc_hd__a21o_2)
                                         _0150_ (net)
                  0.02    0.00    0.46 ^ _2009_/D (sky130_fd_sc_hd__dfrtp_2)
                                  0.46   data arrival time

                  0.15    0.00    0.00   clock clk (rise edge)
                          0.00    0.00   clock network delay (ideal)
                          0.25    0.25   clock uncertainty
                          0.00    0.25   clock reconvergence pessimism
                                  0.25 ^ _2009_/CLK (sky130_fd_sc_hd__dfrtp_2)
                         -0.02    0.23   library hold time
                                  0.23   data required time
-----------------------------------------------------------------------------
                                  0.23   data required time
                                 -0.46   data arrival time
-----------------------------------------------------------------------------
                                  0.22   slack (MET)


Startpoint: _2011_ (rising edge-triggered flip-flop clocked by clk)
Endpoint: _2011_ (rising edge-triggered flip-flop clocked by clk)
Path Group: clk
Path Type: min

Fanout     Cap    Slew   Delay    Time   Description
-----------------------------------------------------------------------------
                  0.15    0.00    0.00   clock clk (rise edge)
                          0.00    0.00   clock network delay (ideal)
                  0.15    0.00    0.00 ^ _2011_/CLK (sky130_fd_sc_hd__dfrtp_2)
     2    0.00    0.05    0.36    0.36 ^ _2011_/Q (sky130_fd_sc_hd__dfrtp_2)
                                         rf_inst.registers[30][21] (net)
                  0.05    0.00    0.36 ^ _1812_/A1 (sky130_fd_sc_hd__a21o_2)
     1    0.00    0.02    0.10    0.46 ^ _1812_/X (sky130_fd_sc_hd__a21o_2)
                                         _0152_ (net)
                  0.02    0.00    0.46 ^ _2011_/D (sky130_fd_sc_hd__dfrtp_2)
                                  0.46   data arrival time

                  0.15    0.00    0.00   clock clk (rise edge)
                          0.00    0.00   clock network delay (ideal)
                          0.25    0.25   clock uncertainty
                          0.00    0.25   clock reconvergence pessimism
                                  0.25 ^ _2011_/CLK (sky130_fd_sc_hd__dfrtp_2)
                         -0.02    0.23   library hold time
                                  0.23   data required time
-----------------------------------------------------------------------------
                                  0.23   data required time
                                 -0.46   data arrival time
-----------------------------------------------------------------------------
                                  0.22   slack (MET)


Startpoint: _2017_ (rising edge-triggered flip-flop clocked by clk)
Endpoint: _2017_ (rising edge-triggered flip-flop clocked by clk)
Path Group: clk
Path Type: min

Fanout     Cap    Slew   Delay    Time   Description
-----------------------------------------------------------------------------
                  0.15    0.00    0.00   clock clk (rise edge)
                          0.00    0.00   clock network delay (ideal)
                  0.15    0.00    0.00 ^ _2017_/CLK (sky130_fd_sc_hd__dfrtp_2)
     2    0.00    0.05    0.36    0.36 ^ _2017_/Q (sky130_fd_sc_hd__dfrtp_2)
                                         rf_inst.registers[30][27] (net)
                  0.05    0.00    0.36 ^ _1805_/A1 (sky130_fd_sc_hd__a21o_2)
     1    0.00    0.02    0.10    0.46 ^ _1805_/X (sky130_fd_sc_hd__a21o_2)
                                         _0158_ (net)
                  0.02    0.00    0.46 ^ _2017_/D (sky130_fd_sc_hd__dfrtp_2)
                                  0.46   data arrival time

                  0.15    0.00    0.00   clock clk (rise edge)
                          0.00    0.00   clock network delay (ideal)
                          0.25    0.25   clock uncertainty
                          0.00    0.25   clock reconvergence pessimism
                                  0.25 ^ _2017_/CLK (sky130_fd_sc_hd__dfrtp_2)
                         -0.02    0.23   library hold time
                                  0.23   data required time
-----------------------------------------------------------------------------
                                  0.23   data required time
                                 -0.46   data arrival time
-----------------------------------------------------------------------------
                                  0.22   slack (MET)


Startpoint: _1995_ (rising edge-triggered flip-flop clocked by clk)
Endpoint: _1995_ (rising edge-triggered flip-flop clocked by clk)
Path Group: clk
Path Type: min

Fanout     Cap    Slew   Delay    Time   Description
-----------------------------------------------------------------------------
                  0.15    0.00    0.00   clock clk (rise edge)
                          0.00    0.00   clock network delay (ideal)
                  0.15    0.00    0.00 ^ _1995_/CLK (sky130_fd_sc_hd__dfrtp_2)
     2    0.00    0.05    0.36    0.36 ^ _1995_/Q (sky130_fd_sc_hd__dfrtp_2)
                                         rf_inst.registers[30][5] (net)
                  0.05    0.00    0.36 ^ _1829_/A1 (sky130_fd_sc_hd__a21o_2)
     1    0.00    0.02    0.10    0.46 ^ _1829_/X (sky130_fd_sc_hd__a21o_2)
                                         _0136_ (net)
                  0.02    0.00    0.46 ^ _1995_/D (sky130_fd_sc_hd__dfrtp_2)
                                  0.46   data arrival time

                  0.15    0.00    0.00   clock clk (rise edge)
                          0.00    0.00   clock network delay (ideal)
                          0.25    0.25   clock uncertainty
                          0.00    0.25   clock reconvergence pessimism
                                  0.25 ^ _1995_/CLK (sky130_fd_sc_hd__dfrtp_2)
                         -0.02    0.23   library hold time
                                  0.23   data required time
-----------------------------------------------------------------------------
                                  0.23   data required time
                                 -0.46   data arrival time
-----------------------------------------------------------------------------
                                  0.22   slack (MET)


Startpoint: _1998_ (rising edge-triggered flip-flop clocked by clk)
Endpoint: _1998_ (rising edge-triggered flip-flop clocked by clk)
Path Group: clk
Path Type: min

Fanout     Cap    Slew   Delay    Time   Description
-----------------------------------------------------------------------------
                  0.15    0.00    0.00   clock clk (rise edge)
                          0.00    0.00   clock network delay (ideal)
                  0.15    0.00    0.00 ^ _1998_/CLK (sky130_fd_sc_hd__dfrtp_2)
     2    0.00    0.05    0.36    0.36 ^ _1998_/Q (sky130_fd_sc_hd__dfrtp_2)
                                         rf_inst.registers[30][8] (net)
                  0.05    0.00    0.36 ^ _1826_/A1 (sky130_fd_sc_hd__a21o_2)
     1    0.00    0.02    0.10    0.46 ^ _1826_/X (sky130_fd_sc_hd__a21o_2)
                                         _0139_ (net)
                  0.02    0.00    0.46 ^ _1998_/D (sky130_fd_sc_hd__dfrtp_2)
                                  0.46   data arrival time

                  0.15    0.00    0.00   clock clk (rise edge)
                          0.00    0.00   clock network delay (ideal)
                          0.25    0.25   clock uncertainty
                          0.00    0.25   clock reconvergence pessimism
                                  0.25 ^ _1998_/CLK (sky130_fd_sc_hd__dfrtp_2)
                         -0.02    0.23   library hold time
                                  0.23   data required time
-----------------------------------------------------------------------------
                                  0.23   data required time
                                 -0.46   data arrival time
-----------------------------------------------------------------------------
                                  0.22   slack (MET)


Startpoint: _1999_ (rising edge-triggered flip-flop clocked by clk)
Endpoint: _1999_ (rising edge-triggered flip-flop clocked by clk)
Path Group: clk
Path Type: min

Fanout     Cap    Slew   Delay    Time   Description
-----------------------------------------------------------------------------
                  0.15    0.00    0.00   clock clk (rise edge)
                          0.00    0.00   clock network delay (ideal)
                  0.15    0.00    0.00 ^ _1999_/CLK (sky130_fd_sc_hd__dfrtp_2)
     2    0.00    0.05    0.36    0.36 ^ _1999_/Q (sky130_fd_sc_hd__dfrtp_2)
                                         rf_inst.registers[30][9] (net)
                  0.05    0.00    0.36 ^ _1825_/A1 (sky130_fd_sc_hd__a21o_2)
     1    0.00    0.02    0.10    0.46 ^ _1825_/X (sky130_fd_sc_hd__a21o_2)
                                         _0140_ (net)
                  0.02    0.00    0.46 ^ _1999_/D (sky130_fd_sc_hd__dfrtp_2)
                                  0.46   data arrival time

                  0.15    0.00    0.00   clock clk (rise edge)
                          0.00    0.00   clock network delay (ideal)
                          0.25    0.25   clock uncertainty
                          0.00    0.25   clock reconvergence pessimism
                                  0.25 ^ _1999_/CLK (sky130_fd_sc_hd__dfrtp_2)
                         -0.02    0.23   library hold time
                                  0.23   data required time
-----------------------------------------------------------------------------
                                  0.23   data required time
                                 -0.46   data arrival time
-----------------------------------------------------------------------------
                                  0.22   slack (MET)


Startpoint: _2003_ (rising edge-triggered flip-flop clocked by clk)
Endpoint: _2003_ (rising edge-triggered flip-flop clocked by clk)
Path Group: clk
Path Type: min

Fanout     Cap    Slew   Delay    Time   Description
-----------------------------------------------------------------------------
                  0.15    0.00    0.00   clock clk (rise edge)
                          0.00    0.00   clock network delay (ideal)
                  0.15    0.00    0.00 ^ _2003_/CLK (sky130_fd_sc_hd__dfrtp_2)
     2    0.00    0.05    0.36    0.36 ^ _2003_/Q (sky130_fd_sc_hd__dfrtp_2)
                                         rf_inst.registers[30][13] (net)
                  0.05    0.00    0.36 ^ _1821_/A1 (sky130_fd_sc_hd__a21o_2)
     1    0.00    0.02    0.10    0.46 ^ _1821_/X (sky130_fd_sc_hd__a21o_2)
                                         _0144_ (net)
                  0.02    0.00    0.46 ^ _2003_/D (sky130_fd_sc_hd__dfrtp_2)
                                  0.46   data arrival time

                  0.15    0.00    0.00   clock clk (rise edge)
                          0.00    0.00   clock network delay (ideal)
                          0.25    0.25   clock uncertainty
                          0.00    0.25   clock reconvergence pessimism
                                  0.25 ^ _2003_/CLK (sky130_fd_sc_hd__dfrtp_2)
                         -0.02    0.23   library hold time
                                  0.23   data required time
-----------------------------------------------------------------------------
                                  0.23   data required time
                                 -0.46   data arrival time
-----------------------------------------------------------------------------
                                  0.22   slack (MET)


Startpoint: _2015_ (rising edge-triggered flip-flop clocked by clk)
Endpoint: _2015_ (rising edge-triggered flip-flop clocked by clk)
Path Group: clk
Path Type: min

Fanout     Cap    Slew   Delay    Time   Description
-----------------------------------------------------------------------------
                  0.15    0.00    0.00   clock clk (rise edge)
                          0.00    0.00   clock network delay (ideal)
                  0.15    0.00    0.00 ^ _2015_/CLK (sky130_fd_sc_hd__dfrtp_2)
     2    0.00    0.05    0.36    0.36 ^ _2015_/Q (sky130_fd_sc_hd__dfrtp_2)
                                         rf_inst.registers[30][25] (net)
                  0.05    0.00    0.36 ^ _1807_/A1 (sky130_fd_sc_hd__a21o_2)
     1    0.00    0.02    0.10    0.46 ^ _1807_/X (sky130_fd_sc_hd__a21o_2)
                                         _0156_ (net)
                  0.02    0.00    0.46 ^ _2015_/D (sky130_fd_sc_hd__dfrtp_2)
                                  0.46   data arrival time

                  0.15    0.00    0.00   clock clk (rise edge)
                          0.00    0.00   clock network delay (ideal)
                          0.25    0.25   clock uncertainty
                          0.00    0.25   clock reconvergence pessimism
                                  0.25 ^ _2015_/CLK (sky130_fd_sc_hd__dfrtp_2)
                         -0.02    0.23   library hold time
                                  0.23   data required time
-----------------------------------------------------------------------------
                                  0.23   data required time
                                 -0.46   data arrival time
-----------------------------------------------------------------------------
                                  0.22   slack (MET)


Startpoint: _2019_ (rising edge-triggered flip-flop clocked by clk)
Endpoint: _2019_ (rising edge-triggered flip-flop clocked by clk)
Path Group: clk
Path Type: min

Fanout     Cap    Slew   Delay    Time   Description
-----------------------------------------------------------------------------
                  0.15    0.00    0.00   clock clk (rise edge)
                          0.00    0.00   clock network delay (ideal)
                  0.15    0.00    0.00 ^ _2019_/CLK (sky130_fd_sc_hd__dfrtp_2)
     2    0.00    0.05    0.36    0.36 ^ _2019_/Q (sky130_fd_sc_hd__dfrtp_2)
                                         rf_inst.registers[30][29] (net)
                  0.05    0.00    0.36 ^ _1803_/A1 (sky130_fd_sc_hd__a21o_2)
     1    0.00    0.02    0.10    0.46 ^ _1803_/X (sky130_fd_sc_hd__a21o_2)
                                         _0160_ (net)
                  0.02    0.00    0.46 ^ _2019_/D (sky130_fd_sc_hd__dfrtp_2)
                                  0.46   data arrival time

                  0.15    0.00    0.00   clock clk (rise edge)
                          0.00    0.00   clock network delay (ideal)
                          0.25    0.25   clock uncertainty
                          0.00    0.25   clock reconvergence pessimism
                                  0.25 ^ _2019_/CLK (sky130_fd_sc_hd__dfrtp_2)
                         -0.02    0.23   library hold time
                                  0.23   data required time
-----------------------------------------------------------------------------
                                  0.23   data required time
                                 -0.46   data arrival time
-----------------------------------------------------------------------------
                                  0.22   slack (MET)


Startpoint: _2021_ (rising edge-triggered flip-flop clocked by clk)
Endpoint: _2021_ (rising edge-triggered flip-flop clocked by clk)
Path Group: clk
Path Type: min

Fanout     Cap    Slew   Delay    Time   Description
-----------------------------------------------------------------------------
                  0.15    0.00    0.00   clock clk (rise edge)
                          0.00    0.00   clock network delay (ideal)
                  0.15    0.00    0.00 ^ _2021_/CLK (sky130_fd_sc_hd__dfrtp_2)
     2    0.00    0.05    0.36    0.36 ^ _2021_/Q (sky130_fd_sc_hd__dfrtp_2)
                                         rf_inst.registers[30][31] (net)
                  0.05    0.00    0.36 ^ _1801_/A1 (sky130_fd_sc_hd__a21o_2)
     1    0.00    0.02    0.10    0.46 ^ _1801_/X (sky130_fd_sc_hd__a21o_2)
                                         _0162_ (net)
                  0.02    0.00    0.46 ^ _2021_/D (sky130_fd_sc_hd__dfrtp_2)
                                  0.46   data arrival time

                  0.15    0.00    0.00   clock clk (rise edge)
                          0.00    0.00   clock network delay (ideal)
                          0.25    0.25   clock uncertainty
                          0.00    0.25   clock reconvergence pessimism
                                  0.25 ^ _2021_/CLK (sky130_fd_sc_hd__dfrtp_2)
                         -0.02    0.23   library hold time
                                  0.23   data required time
-----------------------------------------------------------------------------
                                  0.23   data required time
                                 -0.46   data arrival time
-----------------------------------------------------------------------------
                                  0.22   slack (MET)


Startpoint: _2001_ (rising edge-triggered flip-flop clocked by clk)
Endpoint: _2001_ (rising edge-triggered flip-flop clocked by clk)
Path Group: clk
Path Type: min

Fanout     Cap    Slew   Delay    Time   Description
-----------------------------------------------------------------------------
                  0.15    0.00    0.00   clock clk (rise edge)
                          0.00    0.00   clock network delay (ideal)
                  0.15    0.00    0.00 ^ _2001_/CLK (sky130_fd_sc_hd__dfrtp_2)
     2    0.00    0.05    0.36    0.36 ^ _2001_/Q (sky130_fd_sc_hd__dfrtp_2)
                                         rf_inst.registers[30][11] (net)
                  0.05    0.00    0.36 ^ _1823_/A1 (sky130_fd_sc_hd__a21o_2)
     1    0.00    0.02    0.10    0.46 ^ _1823_/X (sky130_fd_sc_hd__a21o_2)
                                         _0142_ (net)
                  0.02    0.00    0.46 ^ _2001_/D (sky130_fd_sc_hd__dfrtp_2)
                                  0.46   data arrival time

                  0.15    0.00    0.00   clock clk (rise edge)
                          0.00    0.00   clock network delay (ideal)
                          0.25    0.25   clock uncertainty
                          0.00    0.25   clock reconvergence pessimism
                                  0.25 ^ _2001_/CLK (sky130_fd_sc_hd__dfrtp_2)
                         -0.02    0.23   library hold time
                                  0.23   data required time
-----------------------------------------------------------------------------
                                  0.23   data required time
                                 -0.46   data arrival time
-----------------------------------------------------------------------------
                                  0.22   slack (MET)


Startpoint: _2008_ (rising edge-triggered flip-flop clocked by clk)
Endpoint: _2008_ (rising edge-triggered flip-flop clocked by clk)
Path Group: clk
Path Type: min

Fanout     Cap    Slew   Delay    Time   Description
-----------------------------------------------------------------------------
                  0.15    0.00    0.00   clock clk (rise edge)
                          0.00    0.00   clock network delay (ideal)
                  0.15    0.00    0.00 ^ _2008_/CLK (sky130_fd_sc_hd__dfrtp_2)
     2    0.00    0.05    0.36    0.36 ^ _2008_/Q (sky130_fd_sc_hd__dfrtp_2)
                                         rf_inst.registers[30][18] (net)
                  0.05    0.00    0.36 ^ _1815_/A1 (sky130_fd_sc_hd__a21o_2)
     1    0.00    0.02    0.10    0.46 ^ _1815_/X (sky130_fd_sc_hd__a21o_2)
                                         _0149_ (net)
                  0.02    0.00    0.46 ^ _2008_/D (sky130_fd_sc_hd__dfrtp_2)
                                  0.46   data arrival time

                  0.15    0.00    0.00   clock clk (rise edge)
                          0.00    0.00   clock network delay (ideal)
                          0.25    0.25   clock uncertainty
                          0.00    0.25   clock reconvergence pessimism
                                  0.25 ^ _2008_/CLK (sky130_fd_sc_hd__dfrtp_2)
                         -0.02    0.23   library hold time
                                  0.23   data required time
-----------------------------------------------------------------------------
                                  0.23   data required time
                                 -0.46   data arrival time
-----------------------------------------------------------------------------
                                  0.22   slack (MET)


Startpoint: _2006_ (rising edge-triggered flip-flop clocked by clk)
Endpoint: _2006_ (rising edge-triggered flip-flop clocked by clk)
Path Group: clk
Path Type: min

Fanout     Cap    Slew   Delay    Time   Description
-----------------------------------------------------------------------------
                  0.15    0.00    0.00   clock clk (rise edge)
                          0.00    0.00   clock network delay (ideal)
                  0.15    0.00    0.00 ^ _2006_/CLK (sky130_fd_sc_hd__dfrtp_2)
     2    0.00    0.05    0.36    0.36 ^ _2006_/Q (sky130_fd_sc_hd__dfrtp_2)
                                         rf_inst.registers[30][16] (net)
                  0.05    0.00    0.36 ^ _1817_/A1 (sky130_fd_sc_hd__a21o_2)
     1    0.00    0.02    0.10    0.46 ^ _1817_/X (sky130_fd_sc_hd__a21o_2)
                                         _0147_ (net)
                  0.02    0.00    0.46 ^ _2006_/D (sky130_fd_sc_hd__dfrtp_2)
                                  0.46   data arrival time

                  0.15    0.00    0.00   clock clk (rise edge)
                          0.00    0.00   clock network delay (ideal)
                          0.25    0.25   clock uncertainty
                          0.00    0.25   clock reconvergence pessimism
                                  0.25 ^ _2006_/CLK (sky130_fd_sc_hd__dfrtp_2)
                         -0.02    0.23   library hold time
                                  0.23   data required time
-----------------------------------------------------------------------------
                                  0.23   data required time
                                 -0.46   data arrival time
-----------------------------------------------------------------------------
                                  0.22   slack (MET)


Startpoint: _2018_ (rising edge-triggered flip-flop clocked by clk)
Endpoint: _2018_ (rising edge-triggered flip-flop clocked by clk)
Path Group: clk
Path Type: min

Fanout     Cap    Slew   Delay    Time   Description
-----------------------------------------------------------------------------
                  0.15    0.00    0.00   clock clk (rise edge)
                          0.00    0.00   clock network delay (ideal)
                  0.15    0.00    0.00 ^ _2018_/CLK (sky130_fd_sc_hd__dfrtp_2)
     2    0.00    0.05    0.36    0.36 ^ _2018_/Q (sky130_fd_sc_hd__dfrtp_2)
                                         rf_inst.registers[30][28] (net)
                  0.05    0.00    0.36 ^ _1804_/A1 (sky130_fd_sc_hd__a21o_2)
     1    0.00    0.02    0.10    0.46 ^ _1804_/X (sky130_fd_sc_hd__a21o_2)
                                         _0159_ (net)
                  0.02    0.00    0.46 ^ _2018_/D (sky130_fd_sc_hd__dfrtp_2)
                                  0.46   data arrival time

                  0.15    0.00    0.00   clock clk (rise edge)
                          0.00    0.00   clock network delay (ideal)
                          0.25    0.25   clock uncertainty
                          0.00    0.25   clock reconvergence pessimism
                                  0.25 ^ _2018_/CLK (sky130_fd_sc_hd__dfrtp_2)
                         -0.02    0.23   library hold time
                                  0.23   data required time
-----------------------------------------------------------------------------
                                  0.23   data required time
                                 -0.46   data arrival time
-----------------------------------------------------------------------------
                                  0.22   slack (MET)


Startpoint: _2020_ (rising edge-triggered flip-flop clocked by clk)
Endpoint: _2020_ (rising edge-triggered flip-flop clocked by clk)
Path Group: clk
Path Type: min

Fanout     Cap    Slew   Delay    Time   Description
-----------------------------------------------------------------------------
                  0.15    0.00    0.00   clock clk (rise edge)
                          0.00    0.00   clock network delay (ideal)
                  0.15    0.00    0.00 ^ _2020_/CLK (sky130_fd_sc_hd__dfrtp_2)
     2    0.00    0.05    0.36    0.36 ^ _2020_/Q (sky130_fd_sc_hd__dfrtp_2)
                                         rf_inst.registers[30][30] (net)
                  0.05    0.00    0.36 ^ _1802_/A1 (sky130_fd_sc_hd__a21o_2)
     1    0.00    0.02    0.10    0.46 ^ _1802_/X (sky130_fd_sc_hd__a21o_2)
                                         _0161_ (net)
                  0.02    0.00    0.46 ^ _2020_/D (sky130_fd_sc_hd__dfrtp_2)
                                  0.46   data arrival time

                  0.15    0.00    0.00   clock clk (rise edge)
                          0.00    0.00   clock network delay (ideal)
                          0.25    0.25   clock uncertainty
                          0.00    0.25   clock reconvergence pessimism
                                  0.25 ^ _2020_/CLK (sky130_fd_sc_hd__dfrtp_2)
                         -0.02    0.23   library hold time
                                  0.23   data required time
-----------------------------------------------------------------------------
                                  0.23   data required time
                                 -0.46   data arrival time
-----------------------------------------------------------------------------
                                  0.22   slack (MET)


Startpoint: _2000_ (rising edge-triggered flip-flop clocked by clk)
Endpoint: _2000_ (rising edge-triggered flip-flop clocked by clk)
Path Group: clk
Path Type: min

Fanout     Cap    Slew   Delay    Time   Description
-----------------------------------------------------------------------------
                  0.15    0.00    0.00   clock clk (rise edge)
                          0.00    0.00   clock network delay (ideal)
                  0.15    0.00    0.00 ^ _2000_/CLK (sky130_fd_sc_hd__dfrtp_2)
     2    0.00    0.05    0.36    0.36 ^ _2000_/Q (sky130_fd_sc_hd__dfrtp_2)
                                         rf_inst.registers[30][10] (net)
                  0.05    0.00    0.36 ^ _1824_/A1 (sky130_fd_sc_hd__a21o_2)
     1    0.00    0.02    0.10    0.46 ^ _1824_/X (sky130_fd_sc_hd__a21o_2)
                                         _0141_ (net)
                  0.02    0.00    0.46 ^ _2000_/D (sky130_fd_sc_hd__dfrtp_2)
                                  0.46   data arrival time

                  0.15    0.00    0.00   clock clk (rise edge)
                          0.00    0.00   clock network delay (ideal)
                          0.25    0.25   clock uncertainty
                          0.00    0.25   clock reconvergence pessimism
                                  0.25 ^ _2000_/CLK (sky130_fd_sc_hd__dfrtp_2)
                         -0.02    0.23   library hold time
                                  0.23   data required time
-----------------------------------------------------------------------------
                                  0.23   data required time
                                 -0.46   data arrival time
-----------------------------------------------------------------------------
                                  0.22   slack (MET)


Startpoint: _2002_ (rising edge-triggered flip-flop clocked by clk)
Endpoint: _2002_ (rising edge-triggered flip-flop clocked by clk)
Path Group: clk
Path Type: min

Fanout     Cap    Slew   Delay    Time   Description
-----------------------------------------------------------------------------
                  0.15    0.00    0.00   clock clk (rise edge)
                          0.00    0.00   clock network delay (ideal)
                  0.15    0.00    0.00 ^ _2002_/CLK (sky130_fd_sc_hd__dfrtp_2)
     2    0.00    0.05    0.36    0.36 ^ _2002_/Q (sky130_fd_sc_hd__dfrtp_2)
                                         rf_inst.registers[30][12] (net)
                  0.05    0.00    0.36 ^ _1822_/A1 (sky130_fd_sc_hd__a21o_2)
     1    0.00    0.02    0.10    0.46 ^ _1822_/X (sky130_fd_sc_hd__a21o_2)
                                         _0143_ (net)
                  0.02    0.00    0.46 ^ _2002_/D (sky130_fd_sc_hd__dfrtp_2)
                                  0.46   data arrival time

                  0.15    0.00    0.00   clock clk (rise edge)
                          0.00    0.00   clock network delay (ideal)
                          0.25    0.25   clock uncertainty
                          0.00    0.25   clock reconvergence pessimism
                                  0.25 ^ _2002_/CLK (sky130_fd_sc_hd__dfrtp_2)
                         -0.02    0.23   library hold time
                                  0.23   data required time
-----------------------------------------------------------------------------
                                  0.23   data required time
                                 -0.46   data arrival time
-----------------------------------------------------------------------------
                                  0.22   slack (MET)


Startpoint: _2014_ (rising edge-triggered flip-flop clocked by clk)
Endpoint: _2014_ (rising edge-triggered flip-flop clocked by clk)
Path Group: clk
Path Type: min

Fanout     Cap    Slew   Delay    Time   Description
-----------------------------------------------------------------------------
                  0.15    0.00    0.00   clock clk (rise edge)
                          0.00    0.00   clock network delay (ideal)
                  0.15    0.00    0.00 ^ _2014_/CLK (sky130_fd_sc_hd__dfrtp_2)
     2    0.00    0.05    0.36    0.36 ^ _2014_/Q (sky130_fd_sc_hd__dfrtp_2)
                                         rf_inst.registers[30][24] (net)
                  0.05    0.00    0.36 ^ _1808_/A1 (sky130_fd_sc_hd__a21o_2)
     1    0.00    0.02    0.10    0.46 ^ _1808_/X (sky130_fd_sc_hd__a21o_2)
                                         _0155_ (net)
                  0.02    0.00    0.46 ^ _2014_/D (sky130_fd_sc_hd__dfrtp_2)
                                  0.46   data arrival time

                  0.15    0.00    0.00   clock clk (rise edge)
                          0.00    0.00   clock network delay (ideal)
                          0.25    0.25   clock uncertainty
                          0.00    0.25   clock reconvergence pessimism
                                  0.25 ^ _2014_/CLK (sky130_fd_sc_hd__dfrtp_2)
                         -0.02    0.23   library hold time
                                  0.23   data required time
-----------------------------------------------------------------------------
                                  0.23   data required time
                                 -0.46   data arrival time
-----------------------------------------------------------------------------
                                  0.22   slack (MET)


Startpoint: _2016_ (rising edge-triggered flip-flop clocked by clk)
Endpoint: _2016_ (rising edge-triggered flip-flop clocked by clk)
Path Group: clk
Path Type: min

Fanout     Cap    Slew   Delay    Time   Description
-----------------------------------------------------------------------------
                  0.15    0.00    0.00   clock clk (rise edge)
                          0.00    0.00   clock network delay (ideal)
                  0.15    0.00    0.00 ^ _2016_/CLK (sky130_fd_sc_hd__dfrtp_2)
     2    0.00    0.05    0.36    0.36 ^ _2016_/Q (sky130_fd_sc_hd__dfrtp_2)
                                         rf_inst.registers[30][26] (net)
                  0.05    0.00    0.36 ^ _1806_/A1 (sky130_fd_sc_hd__a21o_2)
     1    0.00    0.02    0.10    0.46 ^ _1806_/X (sky130_fd_sc_hd__a21o_2)
                                         _0157_ (net)
                  0.02    0.00    0.46 ^ _2016_/D (sky130_fd_sc_hd__dfrtp_2)
                                  0.46   data arrival time

                  0.15    0.00    0.00   clock clk (rise edge)
                          0.00    0.00   clock network delay (ideal)
                          0.25    0.25   clock uncertainty
                          0.00    0.25   clock reconvergence pessimism
                                  0.25 ^ _2016_/CLK (sky130_fd_sc_hd__dfrtp_2)
                         -0.02    0.23   library hold time
                                  0.23   data required time
-----------------------------------------------------------------------------
                                  0.23   data required time
                                 -0.46   data arrival time
-----------------------------------------------------------------------------
                                  0.22   slack (MET)


Startpoint: _2010_ (rising edge-triggered flip-flop clocked by clk)
Endpoint: _2010_ (rising edge-triggered flip-flop clocked by clk)
Path Group: clk
Path Type: min

Fanout     Cap    Slew   Delay    Time   Description
-----------------------------------------------------------------------------
                  0.15    0.00    0.00   clock clk (rise edge)
                          0.00    0.00   clock network delay (ideal)
                  0.15    0.00    0.00 ^ _2010_/CLK (sky130_fd_sc_hd__dfrtp_2)
     2    0.01    0.06    0.37    0.37 ^ _2010_/Q (sky130_fd_sc_hd__dfrtp_2)
                                         rf_inst.registers[30][20] (net)
                  0.06    0.00    0.37 ^ _1813_/A1 (sky130_fd_sc_hd__a21o_2)
     1    0.00    0.02    0.10    0.47 ^ _1813_/X (sky130_fd_sc_hd__a21o_2)
                                         _0151_ (net)
                  0.02    0.00    0.47 ^ _2010_/D (sky130_fd_sc_hd__dfrtp_2)
                                  0.47   data arrival time

                  0.15    0.00    0.00   clock clk (rise edge)
                          0.00    0.00   clock network delay (ideal)
                          0.25    0.25   clock uncertainty
                          0.00    0.25   clock reconvergence pessimism
                                  0.25 ^ _2010_/CLK (sky130_fd_sc_hd__dfrtp_2)
                         -0.02    0.23   library hold time
                                  0.23   data required time
-----------------------------------------------------------------------------
                                  0.23   data required time
                                 -0.47   data arrival time
-----------------------------------------------------------------------------
                                  0.24   slack (MET)


Startpoint: _2012_ (rising edge-triggered flip-flop clocked by clk)
Endpoint: _2012_ (rising edge-triggered flip-flop clocked by clk)
Path Group: clk
Path Type: min

Fanout     Cap    Slew   Delay    Time   Description
-----------------------------------------------------------------------------
                  0.15    0.00    0.00   clock clk (rise edge)
                          0.00    0.00   clock network delay (ideal)
                  0.15    0.00    0.00 ^ _2012_/CLK (sky130_fd_sc_hd__dfrtp_2)
     2    0.01    0.06    0.37    0.37 ^ _2012_/Q (sky130_fd_sc_hd__dfrtp_2)
                                         rf_inst.registers[30][22] (net)
                  0.06    0.00    0.37 ^ _1810_/A1 (sky130_fd_sc_hd__a21o_2)
     1    0.00    0.02    0.10    0.47 ^ _1810_/X (sky130_fd_sc_hd__a21o_2)
                                         _0153_ (net)
                  0.02    0.00    0.47 ^ _2012_/D (sky130_fd_sc_hd__dfrtp_2)
                                  0.47   data arrival time

                  0.15    0.00    0.00   clock clk (rise edge)
                          0.00    0.00   clock network delay (ideal)
                          0.25    0.25   clock uncertainty
                          0.00    0.25   clock reconvergence pessimism
                                  0.25 ^ _2012_/CLK (sky130_fd_sc_hd__dfrtp_2)
                         -0.02    0.23   library hold time
                                  0.23   data required time
-----------------------------------------------------------------------------
                                  0.23   data required time
                                 -0.47   data arrival time
-----------------------------------------------------------------------------
                                  0.24   slack (MET)


Startpoint: _2087_ (rising edge-triggered flip-flop clocked by clk)
Endpoint: _2087_ (rising edge-triggered flip-flop clocked by clk)
Path Group: clk
Path Type: min

Fanout     Cap    Slew   Delay    Time   Description
-----------------------------------------------------------------------------
                  0.15    0.00    0.00   clock clk (rise edge)
                          0.00    0.00   clock network delay (ideal)
                  0.15    0.00    0.00 ^ _2087_/CLK (sky130_fd_sc_hd__dfrtp_2)
     4    0.01    0.08    0.39    0.39 ^ _2087_/Q (sky130_fd_sc_hd__dfrtp_2)
                                         rf_inst.registers[5][1] (net)
                  0.08    0.00    0.39 ^ _1664_/B1 (sky130_fd_sc_hd__a21o_2)
     1    0.00    0.02    0.08    0.47 ^ _1664_/X (sky130_fd_sc_hd__a21o_2)
                                         _0228_ (net)
                  0.02    0.00    0.47 ^ _2087_/D (sky130_fd_sc_hd__dfrtp_2)
                                  0.47   data arrival time

                  0.15    0.00    0.00   clock clk (rise edge)
                          0.00    0.00   clock network delay (ideal)
                          0.25    0.25   clock uncertainty
                          0.00    0.25   clock reconvergence pessimism
                                  0.25 ^ _2087_/CLK (sky130_fd_sc_hd__dfrtp_2)
                         -0.02    0.23   library hold time
                                  0.23   data required time
-----------------------------------------------------------------------------
                                  0.23   data required time
                                 -0.47   data arrival time
-----------------------------------------------------------------------------
                                  0.24   slack (MET)


Startpoint: _1991_ (rising edge-triggered flip-flop clocked by clk)
Endpoint: _1991_ (rising edge-triggered flip-flop clocked by clk)
Path Group: clk
Path Type: min

Fanout     Cap    Slew   Delay    Time   Description
-----------------------------------------------------------------------------
                  0.15    0.00    0.00   clock clk (rise edge)
                          0.00    0.00   clock network delay (ideal)
                  0.15    0.00    0.00 ^ _1991_/CLK (sky130_fd_sc_hd__dfrtp_2)
     2    0.00    0.05    0.36    0.36 ^ _1991_/Q (sky130_fd_sc_hd__dfrtp_2)
                                         rf_inst.registers[30][1] (net)
                  0.05    0.00    0.36 ^ _1833_/A1 (sky130_fd_sc_hd__a22o_2)
     1    0.00    0.03    0.12    0.48 ^ _1833_/X (sky130_fd_sc_hd__a22o_2)
                                         _0132_ (net)
                  0.03    0.00    0.48 ^ _1991_/D (sky130_fd_sc_hd__dfrtp_2)
                                  0.48   data arrival time

                  0.15    0.00    0.00   clock clk (rise edge)
                          0.00    0.00   clock network delay (ideal)
                          0.25    0.25   clock uncertainty
                          0.00    0.25   clock reconvergence pessimism
                                  0.25 ^ _1991_/CLK (sky130_fd_sc_hd__dfrtp_2)
                         -0.02    0.23   library hold time
                                  0.23   data required time
-----------------------------------------------------------------------------
                                  0.23   data required time
                                 -0.48   data arrival time
-----------------------------------------------------------------------------
                                  0.24   slack (MET)


Startpoint: _2005_ (rising edge-triggered flip-flop clocked by clk)
Endpoint: _2005_ (rising edge-triggered flip-flop clocked by clk)
Path Group: clk
Path Type: min

Fanout     Cap    Slew   Delay    Time   Description
-----------------------------------------------------------------------------
                  0.15    0.00    0.00   clock clk (rise edge)
                          0.00    0.00   clock network delay (ideal)
                  0.15    0.00    0.00 ^ _2005_/CLK (sky130_fd_sc_hd__dfrtp_2)
     2    0.00    0.05    0.36    0.36 ^ _2005_/Q (sky130_fd_sc_hd__dfrtp_2)
                                         rf_inst.registers[30][15] (net)
                  0.05    0.00    0.36 ^ _1819_/A1 (sky130_fd_sc_hd__a22o_2)
     1    0.00    0.03    0.12    0.48 ^ _1819_/X (sky130_fd_sc_hd__a22o_2)
                                         _0146_ (net)
                  0.03    0.00    0.48 ^ _2005_/D (sky130_fd_sc_hd__dfrtp_2)
                                  0.48   data arrival time

                  0.15    0.00    0.00   clock clk (rise edge)
                          0.00    0.00   clock network delay (ideal)
                          0.25    0.25   clock uncertainty
                          0.00    0.25   clock reconvergence pessimism
                                  0.25 ^ _2005_/CLK (sky130_fd_sc_hd__dfrtp_2)
                         -0.02    0.23   library hold time
                                  0.23   data required time
-----------------------------------------------------------------------------
                                  0.23   data required time
                                 -0.48   data arrival time
-----------------------------------------------------------------------------
                                  0.24   slack (MET)


Startpoint: _1997_ (rising edge-triggered flip-flop clocked by clk)
Endpoint: _1997_ (rising edge-triggered flip-flop clocked by clk)
Path Group: clk
Path Type: min

Fanout     Cap    Slew   Delay    Time   Description
-----------------------------------------------------------------------------
                  0.15    0.00    0.00   clock clk (rise edge)
                          0.00    0.00   clock network delay (ideal)
                  0.15    0.00    0.00 ^ _1997_/CLK (sky130_fd_sc_hd__dfrtp_2)
     2    0.00    0.05    0.36    0.36 ^ _1997_/Q (sky130_fd_sc_hd__dfrtp_2)
                                         rf_inst.registers[30][7] (net)
                  0.05    0.00    0.36 ^ _1827_/A1 (sky130_fd_sc_hd__a22o_2)
     1    0.00    0.03    0.12    0.48 ^ _1827_/X (sky130_fd_sc_hd__a22o_2)
                                         _0138_ (net)
                  0.03    0.00    0.48 ^ _1997_/D (sky130_fd_sc_hd__dfrtp_2)
                                  0.48   data arrival time

                  0.15    0.00    0.00   clock clk (rise edge)
                          0.00    0.00   clock network delay (ideal)
                          0.25    0.25   clock uncertainty
                          0.00    0.25   clock reconvergence pessimism
                                  0.25 ^ _1997_/CLK (sky130_fd_sc_hd__dfrtp_2)
                         -0.02    0.23   library hold time
                                  0.23   data required time
-----------------------------------------------------------------------------
                                  0.23   data required time
                                 -0.48   data arrival time
-----------------------------------------------------------------------------
                                  0.24   slack (MET)


Startpoint: _2004_ (rising edge-triggered flip-flop clocked by clk)
Endpoint: _2004_ (rising edge-triggered flip-flop clocked by clk)
Path Group: clk
Path Type: min

Fanout     Cap    Slew   Delay    Time   Description
-----------------------------------------------------------------------------
                  0.15    0.00    0.00   clock clk (rise edge)
                          0.00    0.00   clock network delay (ideal)
                  0.15    0.00    0.00 ^ _2004_/CLK (sky130_fd_sc_hd__dfrtp_2)
     2    0.00    0.05    0.36    0.36 ^ _2004_/Q (sky130_fd_sc_hd__dfrtp_2)
                                         rf_inst.registers[30][14] (net)
                  0.05    0.00    0.36 ^ _1820_/A1 (sky130_fd_sc_hd__a22o_2)
     1    0.00    0.03    0.12    0.48 ^ _1820_/X (sky130_fd_sc_hd__a22o_2)
                                         _0145_ (net)
                  0.03    0.00    0.48 ^ _2004_/D (sky130_fd_sc_hd__dfrtp_2)
                                  0.48   data arrival time

                  0.15    0.00    0.00   clock clk (rise edge)
                          0.00    0.00   clock network delay (ideal)
                          0.25    0.25   clock uncertainty
                          0.00    0.25   clock reconvergence pessimism
                                  0.25 ^ _2004_/CLK (sky130_fd_sc_hd__dfrtp_2)
                         -0.02    0.23   library hold time
                                  0.23   data required time
-----------------------------------------------------------------------------
                                  0.23   data required time
                                 -0.48   data arrival time
-----------------------------------------------------------------------------
                                  0.24   slack (MET)


Startpoint: _1996_ (rising edge-triggered flip-flop clocked by clk)
Endpoint: _1996_ (rising edge-triggered flip-flop clocked by clk)
Path Group: clk
Path Type: min

Fanout     Cap    Slew   Delay    Time   Description
-----------------------------------------------------------------------------
                  0.15    0.00    0.00   clock clk (rise edge)
                          0.00    0.00   clock network delay (ideal)
                  0.15    0.00    0.00 ^ _1996_/CLK (sky130_fd_sc_hd__dfrtp_2)
     2    0.00    0.05    0.36    0.36 ^ _1996_/Q (sky130_fd_sc_hd__dfrtp_2)
                                         rf_inst.registers[30][6] (net)
                  0.05    0.00    0.36 ^ _1828_/A1 (sky130_fd_sc_hd__a22o_2)
     1    0.00    0.03    0.12    0.48 ^ _1828_/X (sky130_fd_sc_hd__a22o_2)
                                         _0137_ (net)
                  0.03    0.00    0.48 ^ _1996_/D (sky130_fd_sc_hd__dfrtp_2)
                                  0.48   data arrival time

                  0.15    0.00    0.00   clock clk (rise edge)
                          0.00    0.00   clock network delay (ideal)
                          0.25    0.25   clock uncertainty
                          0.00    0.25   clock reconvergence pessimism
                                  0.25 ^ _1996_/CLK (sky130_fd_sc_hd__dfrtp_2)
                         -0.02    0.23   library hold time
                                  0.23   data required time
-----------------------------------------------------------------------------
                                  0.23   data required time
                                 -0.48   data arrival time
-----------------------------------------------------------------------------
                                  0.24   slack (MET)


Startpoint: _1992_ (rising edge-triggered flip-flop clocked by clk)
Endpoint: _1992_ (rising edge-triggered flip-flop clocked by clk)
Path Group: clk
Path Type: min

Fanout     Cap    Slew   Delay    Time   Description
-----------------------------------------------------------------------------
                  0.15    0.00    0.00   clock clk (rise edge)
                          0.00    0.00   clock network delay (ideal)
                  0.15    0.00    0.00 ^ _1992_/CLK (sky130_fd_sc_hd__dfrtp_2)
     3    0.01    0.07    0.38    0.38 ^ _1992_/Q (sky130_fd_sc_hd__dfrtp_2)
                                         rf_inst.registers[30][2] (net)
                  0.07    0.00    0.38 ^ _1832_/A1 (sky130_fd_sc_hd__a22o_2)
     1    0.00    0.03    0.12    0.50 ^ _1832_/X (sky130_fd_sc_hd__a22o_2)
                                         _0133_ (net)
                  0.03    0.00    0.50 ^ _1992_/D (sky130_fd_sc_hd__dfrtp_2)
                                  0.50   data arrival time

                  0.15    0.00    0.00   clock clk (rise edge)
                          0.00    0.00   clock network delay (ideal)
                          0.25    0.25   clock uncertainty
                          0.00    0.25   clock reconvergence pessimism
                                  0.25 ^ _1992_/CLK (sky130_fd_sc_hd__dfrtp_2)
                         -0.02    0.23   library hold time
                                  0.23   data required time
-----------------------------------------------------------------------------
                                  0.23   data required time
                                 -0.50   data arrival time
-----------------------------------------------------------------------------
                                  0.27   slack (MET)


Startpoint: _1990_ (rising edge-triggered flip-flop clocked by clk)
Endpoint: _1990_ (rising edge-triggered flip-flop clocked by clk)
Path Group: clk
Path Type: min

Fanout     Cap    Slew   Delay    Time   Description
-----------------------------------------------------------------------------
                  0.15    0.00    0.00   clock clk (rise edge)
                          0.00    0.00   clock network delay (ideal)
                  0.15    0.00    0.00 ^ _1990_/CLK (sky130_fd_sc_hd__dfrtp_2)
     3    0.01    0.07    0.38    0.38 ^ _1990_/Q (sky130_fd_sc_hd__dfrtp_2)
                                         rf_inst.registers[30][0] (net)
                  0.07    0.00    0.38 ^ _1834_/A1 (sky130_fd_sc_hd__a22o_2)
     1    0.00    0.03    0.12    0.50 ^ _1834_/X (sky130_fd_sc_hd__a22o_2)
                                         _0131_ (net)
                  0.03    0.00    0.50 ^ _1990_/D (sky130_fd_sc_hd__dfrtp_2)
                                  0.50   data arrival time

                  0.15    0.00    0.00   clock clk (rise edge)
                          0.00    0.00   clock network delay (ideal)
                          0.25    0.25   clock uncertainty
                          0.00    0.25   clock reconvergence pessimism
                                  0.25 ^ _1990_/CLK (sky130_fd_sc_hd__dfrtp_2)
                         -0.02    0.23   library hold time
                                  0.23   data required time
-----------------------------------------------------------------------------
                                  0.23   data required time
                                 -0.50   data arrival time
-----------------------------------------------------------------------------
                                  0.27   slack (MET)


Startpoint: _2118_ (rising edge-triggered flip-flop clocked by clk)
Endpoint: _2118_ (rising edge-triggered flip-flop clocked by clk)
Path Group: clk
Path Type: min

Fanout     Cap    Slew   Delay    Time   Description
-----------------------------------------------------------------------------
                  0.15    0.00    0.00   clock clk (rise edge)
                          0.00    0.00   clock network delay (ideal)
                  0.15    0.00    0.00 ^ _2118_/CLK (sky130_fd_sc_hd__dfrtp_2)
     8    0.02    0.12    0.42    0.42 ^ _2118_/Q (sky130_fd_sc_hd__dfrtp_2)
                                         imem_inst.pc[0] (net)
                  0.12    0.00    0.42 ^ _0989_/B (sky130_fd_sc_hd__nor2_2)
     1    0.00    0.03    0.04    0.47 v _0989_/Y (sky130_fd_sc_hd__nor2_2)
                                         _0270_ (net)
                  0.03    0.00    0.47 v _0990_/B (sky130_fd_sc_hd__nor2_2)
     1    0.00    0.05    0.05    0.52 ^ _0990_/Y (sky130_fd_sc_hd__nor2_2)
                                         _0259_ (net)
                  0.05    0.00    0.52 ^ _2118_/D (sky130_fd_sc_hd__dfrtp_2)
                                  0.52   data arrival time

                  0.15    0.00    0.00   clock clk (rise edge)
                          0.00    0.00   clock network delay (ideal)
                          0.25    0.25   clock uncertainty
                          0.00    0.25   clock reconvergence pessimism
                                  0.25 ^ _2118_/CLK (sky130_fd_sc_hd__dfrtp_2)
                         -0.02    0.23   library hold time
                                  0.23   data required time
-----------------------------------------------------------------------------
                                  0.23   data required time
                                 -0.52   data arrival time
-----------------------------------------------------------------------------
                                  0.29   slack (MET)


Startpoint: _2092_ (rising edge-triggered flip-flop clocked by clk)
Endpoint: _2092_ (rising edge-triggered flip-flop clocked by clk)
Path Group: clk
Path Type: min

Fanout     Cap    Slew   Delay    Time   Description
-----------------------------------------------------------------------------
                  0.15    0.00    0.00   clock clk (rise edge)
                          0.00    0.00   clock network delay (ideal)
                  0.15    0.00    0.00 ^ _2092_/CLK (sky130_fd_sc_hd__dfrtp_2)
     2    0.00    0.04    0.36    0.36 ^ _2092_/Q (sky130_fd_sc_hd__dfrtp_2)
                                         rf_inst.registers[5][6] (net)
                  0.04    0.00    0.36 ^ _1654_/A (sky130_fd_sc_hd__and2_2)
     1    0.00    0.03    0.11    0.47 ^ _1654_/X (sky130_fd_sc_hd__and2_2)
                                         _0877_ (net)
                  0.03    0.00    0.47 ^ _1655_/A (sky130_fd_sc_hd__buf_1)
     1    0.00    0.04    0.07    0.54 ^ _1655_/X (sky130_fd_sc_hd__buf_1)
                                         _0233_ (net)
                  0.04    0.00    0.54 ^ _2092_/D (sky130_fd_sc_hd__dfrtp_2)
                                  0.54   data arrival time

                  0.15    0.00    0.00   clock clk (rise edge)
                          0.00    0.00   clock network delay (ideal)
                          0.25    0.25   clock uncertainty
                          0.00    0.25   clock reconvergence pessimism
                                  0.25 ^ _2092_/CLK (sky130_fd_sc_hd__dfrtp_2)
                         -0.02    0.23   library hold time
                                  0.23   data required time
-----------------------------------------------------------------------------
                                  0.23   data required time
                                 -0.54   data arrival time
-----------------------------------------------------------------------------
                                  0.31   slack (MET)


Startpoint: _2096_ (rising edge-triggered flip-flop clocked by clk)
Endpoint: _2096_ (rising edge-triggered flip-flop clocked by clk)
Path Group: clk
Path Type: min

Fanout     Cap    Slew   Delay    Time   Description
-----------------------------------------------------------------------------
                  0.15    0.00    0.00   clock clk (rise edge)
                          0.00    0.00   clock network delay (ideal)
                  0.15    0.00    0.00 ^ _2096_/CLK (sky130_fd_sc_hd__dfrtp_2)
     2    0.00    0.04    0.36    0.36 ^ _2096_/Q (sky130_fd_sc_hd__dfrtp_2)
                                         rf_inst.registers[5][10] (net)
                  0.04    0.00    0.36 ^ _1646_/A (sky130_fd_sc_hd__and2_2)
     1    0.00    0.03    0.11    0.47 ^ _1646_/X (sky130_fd_sc_hd__and2_2)
                                         _0873_ (net)
                  0.03    0.00    0.47 ^ _1647_/A (sky130_fd_sc_hd__buf_1)
     1    0.00    0.04    0.07    0.54 ^ _1647_/X (sky130_fd_sc_hd__buf_1)
                                         _0237_ (net)
                  0.04    0.00    0.54 ^ _2096_/D (sky130_fd_sc_hd__dfrtp_2)
                                  0.54   data arrival time

                  0.15    0.00    0.00   clock clk (rise edge)
                          0.00    0.00   clock network delay (ideal)
                          0.25    0.25   clock uncertainty
                          0.00    0.25   clock reconvergence pessimism
                                  0.25 ^ _2096_/CLK (sky130_fd_sc_hd__dfrtp_2)
                         -0.02    0.23   library hold time
                                  0.23   data required time
-----------------------------------------------------------------------------
                                  0.23   data required time
                                 -0.54   data arrival time
-----------------------------------------------------------------------------
                                  0.31   slack (MET)


Startpoint: _2098_ (rising edge-triggered flip-flop clocked by clk)
Endpoint: _2098_ (rising edge-triggered flip-flop clocked by clk)
Path Group: clk
Path Type: min

Fanout     Cap    Slew   Delay    Time   Description
-----------------------------------------------------------------------------
                  0.15    0.00    0.00   clock clk (rise edge)
                          0.00    0.00   clock network delay (ideal)
                  0.15    0.00    0.00 ^ _2098_/CLK (sky130_fd_sc_hd__dfrtp_2)
     2    0.00    0.04    0.36    0.36 ^ _2098_/Q (sky130_fd_sc_hd__dfrtp_2)
                                         rf_inst.registers[5][12] (net)
                  0.04    0.00    0.36 ^ _1641_/A (sky130_fd_sc_hd__and2_2)
     1    0.00    0.03    0.11    0.47 ^ _1641_/X (sky130_fd_sc_hd__and2_2)
                                         _0870_ (net)
                  0.03    0.00    0.47 ^ _1642_/A (sky130_fd_sc_hd__buf_1)
     1    0.00    0.04    0.07    0.54 ^ _1642_/X (sky130_fd_sc_hd__buf_1)
                                         _0239_ (net)
                  0.04    0.00    0.54 ^ _2098_/D (sky130_fd_sc_hd__dfrtp_2)
                                  0.54   data arrival time

                  0.15    0.00    0.00   clock clk (rise edge)
                          0.00    0.00   clock network delay (ideal)
                          0.25    0.25   clock uncertainty
                          0.00    0.25   clock reconvergence pessimism
                                  0.25 ^ _2098_/CLK (sky130_fd_sc_hd__dfrtp_2)
                         -0.02    0.23   library hold time
                                  0.23   data required time
-----------------------------------------------------------------------------
                                  0.23   data required time
                                 -0.54   data arrival time
-----------------------------------------------------------------------------
                                  0.31   slack (MET)


Startpoint: _2100_ (rising edge-triggered flip-flop clocked by clk)
Endpoint: _2100_ (rising edge-triggered flip-flop clocked by clk)
Path Group: clk
Path Type: min

Fanout     Cap    Slew   Delay    Time   Description
-----------------------------------------------------------------------------
                  0.15    0.00    0.00   clock clk (rise edge)
                          0.00    0.00   clock network delay (ideal)
                  0.15    0.00    0.00 ^ _2100_/CLK (sky130_fd_sc_hd__dfrtp_2)
     2    0.00    0.04    0.36    0.36 ^ _2100_/Q (sky130_fd_sc_hd__dfrtp_2)
                                         rf_inst.registers[5][14] (net)
                  0.04    0.00    0.36 ^ _1637_/A (sky130_fd_sc_hd__and2_2)
     1    0.00    0.03    0.11    0.47 ^ _1637_/X (sky130_fd_sc_hd__and2_2)
                                         _0868_ (net)
                  0.03    0.00    0.47 ^ _1638_/A (sky130_fd_sc_hd__buf_1)
     1    0.00    0.04    0.07    0.54 ^ _1638_/X (sky130_fd_sc_hd__buf_1)
                                         _0241_ (net)
                  0.04    0.00    0.54 ^ _2100_/D (sky130_fd_sc_hd__dfrtp_2)
                                  0.54   data arrival time

                  0.15    0.00    0.00   clock clk (rise edge)
                          0.00    0.00   clock network delay (ideal)
                          0.25    0.25   clock uncertainty
                          0.00    0.25   clock reconvergence pessimism
                                  0.25 ^ _2100_/CLK (sky130_fd_sc_hd__dfrtp_2)
                         -0.02    0.23   library hold time
                                  0.23   data required time
-----------------------------------------------------------------------------
                                  0.23   data required time
                                 -0.54   data arrival time
-----------------------------------------------------------------------------
                                  0.31   slack (MET)


Startpoint: _2102_ (rising edge-triggered flip-flop clocked by clk)
Endpoint: _2102_ (rising edge-triggered flip-flop clocked by clk)
Path Group: clk
Path Type: min

Fanout     Cap    Slew   Delay    Time   Description
-----------------------------------------------------------------------------
                  0.15    0.00    0.00   clock clk (rise edge)
                          0.00    0.00   clock network delay (ideal)
                  0.15    0.00    0.00 ^ _2102_/CLK (sky130_fd_sc_hd__dfrtp_2)
     2    0.00    0.04    0.36    0.36 ^ _2102_/Q (sky130_fd_sc_hd__dfrtp_2)
                                         rf_inst.registers[5][16] (net)
                  0.04    0.00    0.36 ^ _1633_/A (sky130_fd_sc_hd__and2_2)
     1    0.00    0.03    0.11    0.47 ^ _1633_/X (sky130_fd_sc_hd__and2_2)
                                         _0866_ (net)
                  0.03    0.00    0.47 ^ _1634_/A (sky130_fd_sc_hd__buf_1)
     1    0.00    0.04    0.07    0.54 ^ _1634_/X (sky130_fd_sc_hd__buf_1)
                                         _0243_ (net)
                  0.04    0.00    0.54 ^ _2102_/D (sky130_fd_sc_hd__dfrtp_2)
                                  0.54   data arrival time

                  0.15    0.00    0.00   clock clk (rise edge)
                          0.00    0.00   clock network delay (ideal)
                          0.25    0.25   clock uncertainty
                          0.00    0.25   clock reconvergence pessimism
                                  0.25 ^ _2102_/CLK (sky130_fd_sc_hd__dfrtp_2)
                         -0.02    0.23   library hold time
                                  0.23   data required time
-----------------------------------------------------------------------------
                                  0.23   data required time
                                 -0.54   data arrival time
-----------------------------------------------------------------------------
                                  0.31   slack (MET)


Startpoint: _2104_ (rising edge-triggered flip-flop clocked by clk)
Endpoint: _2104_ (rising edge-triggered flip-flop clocked by clk)
Path Group: clk
Path Type: min

Fanout     Cap    Slew   Delay    Time   Description
-----------------------------------------------------------------------------
                  0.15    0.00    0.00   clock clk (rise edge)
                          0.00    0.00   clock network delay (ideal)
                  0.15    0.00    0.00 ^ _2104_/CLK (sky130_fd_sc_hd__dfrtp_2)
     2    0.00    0.04    0.36    0.36 ^ _2104_/Q (sky130_fd_sc_hd__dfrtp_2)
                                         rf_inst.registers[5][18] (net)
                  0.04    0.00    0.36 ^ _1629_/A (sky130_fd_sc_hd__and2_2)
     1    0.00    0.03    0.11    0.47 ^ _1629_/X (sky130_fd_sc_hd__and2_2)
                                         _0864_ (net)
                  0.03    0.00    0.47 ^ _1630_/A (sky130_fd_sc_hd__buf_1)
     1    0.00    0.04    0.07    0.54 ^ _1630_/X (sky130_fd_sc_hd__buf_1)
                                         _0245_ (net)
                  0.04    0.00    0.54 ^ _2104_/D (sky130_fd_sc_hd__dfrtp_2)
                                  0.54   data arrival time

                  0.15    0.00    0.00   clock clk (rise edge)
                          0.00    0.00   clock network delay (ideal)
                          0.25    0.25   clock uncertainty
                          0.00    0.25   clock reconvergence pessimism
                                  0.25 ^ _2104_/CLK (sky130_fd_sc_hd__dfrtp_2)
                         -0.02    0.23   library hold time
                                  0.23   data required time
-----------------------------------------------------------------------------
                                  0.23   data required time
                                 -0.54   data arrival time
-----------------------------------------------------------------------------
                                  0.31   slack (MET)


Startpoint: _2110_ (rising edge-triggered flip-flop clocked by clk)
Endpoint: _2110_ (rising edge-triggered flip-flop clocked by clk)
Path Group: clk
Path Type: min

Fanout     Cap    Slew   Delay    Time   Description
-----------------------------------------------------------------------------
                  0.15    0.00    0.00   clock clk (rise edge)
                          0.00    0.00   clock network delay (ideal)
                  0.15    0.00    0.00 ^ _2110_/CLK (sky130_fd_sc_hd__dfrtp_2)
     2    0.00    0.04    0.36    0.36 ^ _2110_/Q (sky130_fd_sc_hd__dfrtp_2)
                                         rf_inst.registers[5][24] (net)
                  0.04    0.00    0.36 ^ _1616_/A (sky130_fd_sc_hd__and2_2)
     1    0.00    0.03    0.11    0.47 ^ _1616_/X (sky130_fd_sc_hd__and2_2)
                                         _0857_ (net)
                  0.03    0.00    0.47 ^ _1617_/A (sky130_fd_sc_hd__buf_1)
     1    0.00    0.04    0.07    0.54 ^ _1617_/X (sky130_fd_sc_hd__buf_1)
                                         _0251_ (net)
                  0.04    0.00    0.54 ^ _2110_/D (sky130_fd_sc_hd__dfrtp_2)
                                  0.54   data arrival time

                  0.15    0.00    0.00   clock clk (rise edge)
                          0.00    0.00   clock network delay (ideal)
                          0.25    0.25   clock uncertainty
                          0.00    0.25   clock reconvergence pessimism
                                  0.25 ^ _2110_/CLK (sky130_fd_sc_hd__dfrtp_2)
                         -0.02    0.23   library hold time
                                  0.23   data required time
-----------------------------------------------------------------------------
                                  0.23   data required time
                                 -0.54   data arrival time
-----------------------------------------------------------------------------
                                  0.31   slack (MET)


Startpoint: _2112_ (rising edge-triggered flip-flop clocked by clk)
Endpoint: _2112_ (rising edge-triggered flip-flop clocked by clk)
Path Group: clk
Path Type: min

Fanout     Cap    Slew   Delay    Time   Description
-----------------------------------------------------------------------------
                  0.15    0.00    0.00   clock clk (rise edge)
                          0.00    0.00   clock network delay (ideal)
                  0.15    0.00    0.00 ^ _2112_/CLK (sky130_fd_sc_hd__dfrtp_2)
     2    0.00    0.04    0.36    0.36 ^ _2112_/Q (sky130_fd_sc_hd__dfrtp_2)
                                         rf_inst.registers[5][26] (net)
                  0.04    0.00    0.36 ^ _1612_/A (sky130_fd_sc_hd__and2_2)
     1    0.00    0.03    0.11    0.47 ^ _1612_/X (sky130_fd_sc_hd__and2_2)
                                         _0855_ (net)
                  0.03    0.00    0.47 ^ _1613_/A (sky130_fd_sc_hd__buf_1)
     1    0.00    0.04    0.07    0.54 ^ _1613_/X (sky130_fd_sc_hd__buf_1)
                                         _0253_ (net)
                  0.04    0.00    0.54 ^ _2112_/D (sky130_fd_sc_hd__dfrtp_2)
                                  0.54   data arrival time

                  0.15    0.00    0.00   clock clk (rise edge)
                          0.00    0.00   clock network delay (ideal)
                          0.25    0.25   clock uncertainty
                          0.00    0.25   clock reconvergence pessimism
                                  0.25 ^ _2112_/CLK (sky130_fd_sc_hd__dfrtp_2)
                         -0.02    0.23   library hold time
                                  0.23   data required time
-----------------------------------------------------------------------------
                                  0.23   data required time
                                 -0.54   data arrival time
-----------------------------------------------------------------------------
                                  0.31   slack (MET)


Startpoint: _2114_ (rising edge-triggered flip-flop clocked by clk)
Endpoint: _2114_ (rising edge-triggered flip-flop clocked by clk)
Path Group: clk
Path Type: min

Fanout     Cap    Slew   Delay    Time   Description
-----------------------------------------------------------------------------
                  0.15    0.00    0.00   clock clk (rise edge)
                          0.00    0.00   clock network delay (ideal)
                  0.15    0.00    0.00 ^ _2114_/CLK (sky130_fd_sc_hd__dfrtp_2)
     2    0.00    0.04    0.36    0.36 ^ _2114_/Q (sky130_fd_sc_hd__dfrtp_2)
                                         rf_inst.registers[5][28] (net)
                  0.04    0.00    0.36 ^ _1608_/A (sky130_fd_sc_hd__and2_2)
     1    0.00    0.03    0.11    0.47 ^ _1608_/X (sky130_fd_sc_hd__and2_2)
                                         _0853_ (net)
                  0.03    0.00    0.47 ^ _1609_/A (sky130_fd_sc_hd__buf_1)
     1    0.00    0.04    0.07    0.54 ^ _1609_/X (sky130_fd_sc_hd__buf_1)
                                         _0255_ (net)
                  0.04    0.00    0.54 ^ _2114_/D (sky130_fd_sc_hd__dfrtp_2)
                                  0.54   data arrival time

                  0.15    0.00    0.00   clock clk (rise edge)
                          0.00    0.00   clock network delay (ideal)
                          0.25    0.25   clock uncertainty
                          0.00    0.25   clock reconvergence pessimism
                                  0.25 ^ _2114_/CLK (sky130_fd_sc_hd__dfrtp_2)
                         -0.02    0.23   library hold time
                                  0.23   data required time
-----------------------------------------------------------------------------
                                  0.23   data required time
                                 -0.54   data arrival time
-----------------------------------------------------------------------------
                                  0.31   slack (MET)


Startpoint: _2116_ (rising edge-triggered flip-flop clocked by clk)
Endpoint: _2116_ (rising edge-triggered flip-flop clocked by clk)
Path Group: clk
Path Type: min

Fanout     Cap    Slew   Delay    Time   Description
-----------------------------------------------------------------------------
                  0.15    0.00    0.00   clock clk (rise edge)
                          0.00    0.00   clock network delay (ideal)
                  0.15    0.00    0.00 ^ _2116_/CLK (sky130_fd_sc_hd__dfrtp_2)
     2    0.00    0.04    0.36    0.36 ^ _2116_/Q (sky130_fd_sc_hd__dfrtp_2)
                                         rf_inst.registers[5][30] (net)
                  0.04    0.00    0.36 ^ _1604_/A (sky130_fd_sc_hd__and2_2)
     1    0.00    0.03    0.11    0.47 ^ _1604_/X (sky130_fd_sc_hd__and2_2)
                                         _0851_ (net)
                  0.03    0.00    0.47 ^ _1605_/A (sky130_fd_sc_hd__buf_1)
     1    0.00    0.04    0.07    0.54 ^ _1605_/X (sky130_fd_sc_hd__buf_1)
                                         _0257_ (net)
                  0.04    0.00    0.54 ^ _2116_/D (sky130_fd_sc_hd__dfrtp_2)
                                  0.54   data arrival time

                  0.15    0.00    0.00   clock clk (rise edge)
                          0.00    0.00   clock network delay (ideal)
                          0.25    0.25   clock uncertainty
                          0.00    0.25   clock reconvergence pessimism
                                  0.25 ^ _2116_/CLK (sky130_fd_sc_hd__dfrtp_2)
                         -0.02    0.23   library hold time
                                  0.23   data required time
-----------------------------------------------------------------------------
                                  0.23   data required time
                                 -0.54   data arrival time
-----------------------------------------------------------------------------
                                  0.31   slack (MET)


Startpoint: _2054_ (rising edge-triggered flip-flop clocked by clk)
Endpoint: _2054_ (rising edge-triggered flip-flop clocked by clk)
Path Group: clk
Path Type: min

Fanout     Cap    Slew   Delay    Time   Description
-----------------------------------------------------------------------------
                  0.15    0.00    0.00   clock clk (rise edge)
                          0.00    0.00   clock network delay (ideal)
                  0.15    0.00    0.00 ^ _2054_/CLK (sky130_fd_sc_hd__dfrtp_2)
     2    0.00    0.04    0.36    0.36 ^ _2054_/Q (sky130_fd_sc_hd__dfrtp_2)
                                         rf_inst.registers[10][0] (net)
                  0.04    0.00    0.36 ^ _1731_/A (sky130_fd_sc_hd__and2_2)
     1    0.00    0.03    0.11    0.47 ^ _1731_/X (sky130_fd_sc_hd__and2_2)
                                         _0916_ (net)
                  0.03    0.00    0.47 ^ _1732_/A (sky130_fd_sc_hd__buf_1)
     1    0.00    0.04    0.07    0.54 ^ _1732_/X (sky130_fd_sc_hd__buf_1)
                                         _0195_ (net)
                  0.04    0.00    0.54 ^ _2054_/D (sky130_fd_sc_hd__dfrtp_2)
                                  0.54   data arrival time

                  0.15    0.00    0.00   clock clk (rise edge)
                          0.00    0.00   clock network delay (ideal)
                          0.25    0.25   clock uncertainty
                          0.00    0.25   clock reconvergence pessimism
                                  0.25 ^ _2054_/CLK (sky130_fd_sc_hd__dfrtp_2)
                         -0.02    0.23   library hold time
                                  0.23   data required time
-----------------------------------------------------------------------------
                                  0.23   data required time
                                 -0.54   data arrival time
-----------------------------------------------------------------------------
                                  0.31   slack (MET)


Startpoint: _2056_ (rising edge-triggered flip-flop clocked by clk)
Endpoint: _2056_ (rising edge-triggered flip-flop clocked by clk)
Path Group: clk
Path Type: min

Fanout     Cap    Slew   Delay    Time   Description
-----------------------------------------------------------------------------
                  0.15    0.00    0.00   clock clk (rise edge)
                          0.00    0.00   clock network delay (ideal)
                  0.15    0.00    0.00 ^ _2056_/CLK (sky130_fd_sc_hd__dfrtp_2)
     2    0.00    0.04    0.36    0.36 ^ _2056_/Q (sky130_fd_sc_hd__dfrtp_2)
                                         rf_inst.registers[10][2] (net)
                  0.04    0.00    0.36 ^ _1728_/A (sky130_fd_sc_hd__and2_2)
     1    0.00    0.03    0.11    0.47 ^ _1728_/X (sky130_fd_sc_hd__and2_2)
                                         _0915_ (net)
                  0.03    0.00    0.47 ^ _1729_/A (sky130_fd_sc_hd__buf_1)
     1    0.00    0.04    0.07    0.54 ^ _1729_/X (sky130_fd_sc_hd__buf_1)
                                         _0197_ (net)
                  0.04    0.00    0.54 ^ _2056_/D (sky130_fd_sc_hd__dfrtp_2)
                                  0.54   data arrival time

                  0.15    0.00    0.00   clock clk (rise edge)
                          0.00    0.00   clock network delay (ideal)
                          0.25    0.25   clock uncertainty
                          0.00    0.25   clock reconvergence pessimism
                                  0.25 ^ _2056_/CLK (sky130_fd_sc_hd__dfrtp_2)
                         -0.02    0.23   library hold time
                                  0.23   data required time
-----------------------------------------------------------------------------
                                  0.23   data required time
                                 -0.54   data arrival time
-----------------------------------------------------------------------------
                                  0.31   slack (MET)


Startpoint: _2058_ (rising edge-triggered flip-flop clocked by clk)
Endpoint: _2058_ (rising edge-triggered flip-flop clocked by clk)
Path Group: clk
Path Type: min

Fanout     Cap    Slew   Delay    Time   Description
-----------------------------------------------------------------------------
                  0.15    0.00    0.00   clock clk (rise edge)
                          0.00    0.00   clock network delay (ideal)
                  0.15    0.00    0.00 ^ _2058_/CLK (sky130_fd_sc_hd__dfrtp_2)
     2    0.00    0.04    0.36    0.36 ^ _2058_/Q (sky130_fd_sc_hd__dfrtp_2)
                                         rf_inst.registers[10][4] (net)
                  0.04    0.00    0.36 ^ _1725_/A (sky130_fd_sc_hd__and2_2)
     1    0.00    0.03    0.11    0.47 ^ _1725_/X (sky130_fd_sc_hd__and2_2)
                                         _0914_ (net)
                  0.03    0.00    0.47 ^ _1726_/A (sky130_fd_sc_hd__buf_1)
     1    0.00    0.04    0.07    0.54 ^ _1726_/X (sky130_fd_sc_hd__buf_1)
                                         _0199_ (net)
                  0.04    0.00    0.54 ^ _2058_/D (sky130_fd_sc_hd__dfrtp_2)
                                  0.54   data arrival time

                  0.15    0.00    0.00   clock clk (rise edge)
                          0.00    0.00   clock network delay (ideal)
                          0.25    0.25   clock uncertainty
                          0.00    0.25   clock reconvergence pessimism
                                  0.25 ^ _2058_/CLK (sky130_fd_sc_hd__dfrtp_2)
                         -0.02    0.23   library hold time
                                  0.23   data required time
-----------------------------------------------------------------------------
                                  0.23   data required time
                                 -0.54   data arrival time
-----------------------------------------------------------------------------
                                  0.31   slack (MET)


Startpoint: _2060_ (rising edge-triggered flip-flop clocked by clk)
Endpoint: _2060_ (rising edge-triggered flip-flop clocked by clk)
Path Group: clk
Path Type: min

Fanout     Cap    Slew   Delay    Time   Description
-----------------------------------------------------------------------------
                  0.15    0.00    0.00   clock clk (rise edge)
                          0.00    0.00   clock network delay (ideal)
                  0.15    0.00    0.00 ^ _2060_/CLK (sky130_fd_sc_hd__dfrtp_2)
     2    0.00    0.04    0.36    0.36 ^ _2060_/Q (sky130_fd_sc_hd__dfrtp_2)
                                         rf_inst.registers[10][6] (net)
                  0.04    0.00    0.36 ^ _1721_/A (sky130_fd_sc_hd__and2_2)
     1    0.00    0.03    0.11    0.47 ^ _1721_/X (sky130_fd_sc_hd__and2_2)
                                         _0912_ (net)
                  0.03    0.00    0.47 ^ _1722_/A (sky130_fd_sc_hd__buf_1)
     1    0.00    0.04    0.07    0.54 ^ _1722_/X (sky130_fd_sc_hd__buf_1)
                                         _0201_ (net)
                  0.04    0.00    0.54 ^ _2060_/D (sky130_fd_sc_hd__dfrtp_2)
                                  0.54   data arrival time

                  0.15    0.00    0.00   clock clk (rise edge)
                          0.00    0.00   clock network delay (ideal)
                          0.25    0.25   clock uncertainty
                          0.00    0.25   clock reconvergence pessimism
                                  0.25 ^ _2060_/CLK (sky130_fd_sc_hd__dfrtp_2)
                         -0.02    0.23   library hold time
                                  0.23   data required time
-----------------------------------------------------------------------------
                                  0.23   data required time
                                 -0.54   data arrival time
-----------------------------------------------------------------------------
                                  0.31   slack (MET)


Startpoint: _2062_ (rising edge-triggered flip-flop clocked by clk)
Endpoint: _2062_ (rising edge-triggered flip-flop clocked by clk)
Path Group: clk
Path Type: min

Fanout     Cap    Slew   Delay    Time   Description
-----------------------------------------------------------------------------
                  0.15    0.00    0.00   clock clk (rise edge)
                          0.00    0.00   clock network delay (ideal)
                  0.15    0.00    0.00 ^ _2062_/CLK (sky130_fd_sc_hd__dfrtp_2)
     2    0.00    0.04    0.36    0.36 ^ _2062_/Q (sky130_fd_sc_hd__dfrtp_2)
                                         rf_inst.registers[10][8] (net)
                  0.04    0.00    0.36 ^ _1717_/A (sky130_fd_sc_hd__and2_2)
     1    0.00    0.03    0.11    0.47 ^ _1717_/X (sky130_fd_sc_hd__and2_2)
                                         _0910_ (net)
                  0.03    0.00    0.47 ^ _1718_/A (sky130_fd_sc_hd__buf_1)
     1    0.00    0.04    0.07    0.54 ^ _1718_/X (sky130_fd_sc_hd__buf_1)
                                         _0203_ (net)
                  0.04    0.00    0.54 ^ _2062_/D (sky130_fd_sc_hd__dfrtp_2)
                                  0.54   data arrival time

                  0.15    0.00    0.00   clock clk (rise edge)
                          0.00    0.00   clock network delay (ideal)
                          0.25    0.25   clock uncertainty
                          0.00    0.25   clock reconvergence pessimism
                                  0.25 ^ _2062_/CLK (sky130_fd_sc_hd__dfrtp_2)
                         -0.02    0.23   library hold time
                                  0.23   data required time
-----------------------------------------------------------------------------
                                  0.23   data required time
                                 -0.54   data arrival time
-----------------------------------------------------------------------------
                                  0.31   slack (MET)


Startpoint: _2066_ (rising edge-triggered flip-flop clocked by clk)
Endpoint: _2066_ (rising edge-triggered flip-flop clocked by clk)
Path Group: clk
Path Type: min

Fanout     Cap    Slew   Delay    Time   Description
-----------------------------------------------------------------------------
                  0.15    0.00    0.00   clock clk (rise edge)
                          0.00    0.00   clock network delay (ideal)
                  0.15    0.00    0.00 ^ _2066_/CLK (sky130_fd_sc_hd__dfrtp_2)
     2    0.00    0.04    0.36    0.36 ^ _2066_/Q (sky130_fd_sc_hd__dfrtp_2)
                                         rf_inst.registers[10][12] (net)
                  0.04    0.00    0.36 ^ _1708_/A (sky130_fd_sc_hd__and2_2)
     1    0.00    0.03    0.11    0.47 ^ _1708_/X (sky130_fd_sc_hd__and2_2)
                                         _0905_ (net)
                  0.03    0.00    0.47 ^ _1709_/A (sky130_fd_sc_hd__buf_1)
     1    0.00    0.04    0.07    0.54 ^ _1709_/X (sky130_fd_sc_hd__buf_1)
                                         _0207_ (net)
                  0.04    0.00    0.54 ^ _2066_/D (sky130_fd_sc_hd__dfrtp_2)
                                  0.54   data arrival time

                  0.15    0.00    0.00   clock clk (rise edge)
                          0.00    0.00   clock network delay (ideal)
                          0.25    0.25   clock uncertainty
                          0.00    0.25   clock reconvergence pessimism
                                  0.25 ^ _2066_/CLK (sky130_fd_sc_hd__dfrtp_2)
                         -0.02    0.23   library hold time
                                  0.23   data required time
-----------------------------------------------------------------------------
                                  0.23   data required time
                                 -0.54   data arrival time
-----------------------------------------------------------------------------
                                  0.31   slack (MET)


Startpoint: _2070_ (rising edge-triggered flip-flop clocked by clk)
Endpoint: _2070_ (rising edge-triggered flip-flop clocked by clk)
Path Group: clk
Path Type: min

Fanout     Cap    Slew   Delay    Time   Description
-----------------------------------------------------------------------------
                  0.15    0.00    0.00   clock clk (rise edge)
                          0.00    0.00   clock network delay (ideal)
                  0.15    0.00    0.00 ^ _2070_/CLK (sky130_fd_sc_hd__dfrtp_2)
     2    0.00    0.04    0.36    0.36 ^ _2070_/Q (sky130_fd_sc_hd__dfrtp_2)
                                         rf_inst.registers[10][16] (net)
                  0.04    0.00    0.36 ^ _1700_/A (sky130_fd_sc_hd__and2_2)
     1    0.00    0.03    0.11    0.47 ^ _1700_/X (sky130_fd_sc_hd__and2_2)
                                         _0901_ (net)
                  0.03    0.00    0.47 ^ _1701_/A (sky130_fd_sc_hd__buf_1)
     1    0.00    0.04    0.07    0.54 ^ _1701_/X (sky130_fd_sc_hd__buf_1)
                                         _0211_ (net)
                  0.04    0.00    0.54 ^ _2070_/D (sky130_fd_sc_hd__dfrtp_2)
                                  0.54   data arrival time

                  0.15    0.00    0.00   clock clk (rise edge)
                          0.00    0.00   clock network delay (ideal)
                          0.25    0.25   clock uncertainty
                          0.00    0.25   clock reconvergence pessimism
                                  0.25 ^ _2070_/CLK (sky130_fd_sc_hd__dfrtp_2)
                         -0.02    0.23   library hold time
                                  0.23   data required time
-----------------------------------------------------------------------------
                                  0.23   data required time
                                 -0.54   data arrival time
-----------------------------------------------------------------------------
                                  0.31   slack (MET)


Startpoint: _2072_ (rising edge-triggered flip-flop clocked by clk)
Endpoint: _2072_ (rising edge-triggered flip-flop clocked by clk)
Path Group: clk
Path Type: min

Fanout     Cap    Slew   Delay    Time   Description
-----------------------------------------------------------------------------
                  0.15    0.00    0.00   clock clk (rise edge)
                          0.00    0.00   clock network delay (ideal)
                  0.15    0.00    0.00 ^ _2072_/CLK (sky130_fd_sc_hd__dfrtp_2)
     2    0.00    0.04    0.36    0.36 ^ _2072_/Q (sky130_fd_sc_hd__dfrtp_2)
                                         rf_inst.registers[10][18] (net)
                  0.04    0.00    0.36 ^ _1696_/A (sky130_fd_sc_hd__and2_2)
     1    0.00    0.03    0.11    0.47 ^ _1696_/X (sky130_fd_sc_hd__and2_2)
                                         _0899_ (net)
                  0.03    0.00    0.47 ^ _1697_/A (sky130_fd_sc_hd__buf_1)
     1    0.00    0.04    0.07    0.54 ^ _1697_/X (sky130_fd_sc_hd__buf_1)
                                         _0213_ (net)
                  0.04    0.00    0.54 ^ _2072_/D (sky130_fd_sc_hd__dfrtp_2)
                                  0.54   data arrival time

                  0.15    0.00    0.00   clock clk (rise edge)
                          0.00    0.00   clock network delay (ideal)
                          0.25    0.25   clock uncertainty
                          0.00    0.25   clock reconvergence pessimism
                                  0.25 ^ _2072_/CLK (sky130_fd_sc_hd__dfrtp_2)
                         -0.02    0.23   library hold time
                                  0.23   data required time
-----------------------------------------------------------------------------
                                  0.23   data required time
                                 -0.54   data arrival time
-----------------------------------------------------------------------------
                                  0.31   slack (MET)


Startpoint: _2074_ (rising edge-triggered flip-flop clocked by clk)
Endpoint: _2074_ (rising edge-triggered flip-flop clocked by clk)
Path Group: clk
Path Type: min

Fanout     Cap    Slew   Delay    Time   Description
-----------------------------------------------------------------------------
                  0.15    0.00    0.00   clock clk (rise edge)
                          0.00    0.00   clock network delay (ideal)
                  0.15    0.00    0.00 ^ _2074_/CLK (sky130_fd_sc_hd__dfrtp_2)
     2    0.00    0.04    0.36    0.36 ^ _2074_/Q (sky130_fd_sc_hd__dfrtp_2)
                                         rf_inst.registers[10][20] (net)
                  0.04    0.00    0.36 ^ _1692_/A (sky130_fd_sc_hd__and2_2)
     1    0.00    0.03    0.11    0.47 ^ _1692_/X (sky130_fd_sc_hd__and2_2)
                                         _0897_ (net)
                  0.03    0.00    0.47 ^ _1693_/A (sky130_fd_sc_hd__buf_1)
     1    0.00    0.04    0.07    0.54 ^ _1693_/X (sky130_fd_sc_hd__buf_1)
                                         _0215_ (net)
                  0.04    0.00    0.54 ^ _2074_/D (sky130_fd_sc_hd__dfrtp_2)
                                  0.54   data arrival time

                  0.15    0.00    0.00   clock clk (rise edge)
                          0.00    0.00   clock network delay (ideal)
                          0.25    0.25   clock uncertainty
                          0.00    0.25   clock reconvergence pessimism
                                  0.25 ^ _2074_/CLK (sky130_fd_sc_hd__dfrtp_2)
                         -0.02    0.23   library hold time
                                  0.23   data required time
-----------------------------------------------------------------------------
                                  0.23   data required time
                                 -0.54   data arrival time
-----------------------------------------------------------------------------
                                  0.31   slack (MET)


Startpoint: _2075_ (rising edge-triggered flip-flop clocked by clk)
Endpoint: _2075_ (rising edge-triggered flip-flop clocked by clk)
Path Group: clk
Path Type: min

Fanout     Cap    Slew   Delay    Time   Description
-----------------------------------------------------------------------------
                  0.15    0.00    0.00   clock clk (rise edge)
                          0.00    0.00   clock network delay (ideal)
                  0.15    0.00    0.00 ^ _2075_/CLK (sky130_fd_sc_hd__dfrtp_2)
     2    0.00    0.04    0.36    0.36 ^ _2075_/Q (sky130_fd_sc_hd__dfrtp_2)
                                         rf_inst.registers[10][21] (net)
                  0.04    0.00    0.36 ^ _1690_/A (sky130_fd_sc_hd__and2_2)
     1    0.00    0.03    0.11    0.47 ^ _1690_/X (sky130_fd_sc_hd__and2_2)
                                         _0896_ (net)
                  0.03    0.00    0.47 ^ _1691_/A (sky130_fd_sc_hd__buf_1)
     1    0.00    0.04    0.07    0.54 ^ _1691_/X (sky130_fd_sc_hd__buf_1)
                                         _0216_ (net)
                  0.04    0.00    0.54 ^ _2075_/D (sky130_fd_sc_hd__dfrtp_2)
                                  0.54   data arrival time

                  0.15    0.00    0.00   clock clk (rise edge)
                          0.00    0.00   clock network delay (ideal)
                          0.25    0.25   clock uncertainty
                          0.00    0.25   clock reconvergence pessimism
                                  0.25 ^ _2075_/CLK (sky130_fd_sc_hd__dfrtp_2)
                         -0.02    0.23   library hold time
                                  0.23   data required time
-----------------------------------------------------------------------------
                                  0.23   data required time
                                 -0.54   data arrival time
-----------------------------------------------------------------------------
                                  0.31   slack (MET)


Startpoint: _2076_ (rising edge-triggered flip-flop clocked by clk)
Endpoint: _2076_ (rising edge-triggered flip-flop clocked by clk)
Path Group: clk
Path Type: min

Fanout     Cap    Slew   Delay    Time   Description
-----------------------------------------------------------------------------
                  0.15    0.00    0.00   clock clk (rise edge)
                          0.00    0.00   clock network delay (ideal)
                  0.15    0.00    0.00 ^ _2076_/CLK (sky130_fd_sc_hd__dfrtp_2)
     2    0.00    0.04    0.36    0.36 ^ _2076_/Q (sky130_fd_sc_hd__dfrtp_2)
                                         rf_inst.registers[10][22] (net)
                  0.04    0.00    0.36 ^ _1687_/A (sky130_fd_sc_hd__and2_2)
     1    0.00    0.03    0.11    0.47 ^ _1687_/X (sky130_fd_sc_hd__and2_2)
                                         _0894_ (net)
                  0.03    0.00    0.47 ^ _1688_/A (sky130_fd_sc_hd__buf_1)
     1    0.00    0.04    0.07    0.54 ^ _1688_/X (sky130_fd_sc_hd__buf_1)
                                         _0217_ (net)
                  0.04    0.00    0.54 ^ _2076_/D (sky130_fd_sc_hd__dfrtp_2)
                                  0.54   data arrival time

                  0.15    0.00    0.00   clock clk (rise edge)
                          0.00    0.00   clock network delay (ideal)
                          0.25    0.25   clock uncertainty
                          0.00    0.25   clock reconvergence pessimism
                                  0.25 ^ _2076_/CLK (sky130_fd_sc_hd__dfrtp_2)
                         -0.02    0.23   library hold time
                                  0.23   data required time
-----------------------------------------------------------------------------
                                  0.23   data required time
                                 -0.54   data arrival time
-----------------------------------------------------------------------------
                                  0.31   slack (MET)


Startpoint: _2078_ (rising edge-triggered flip-flop clocked by clk)
Endpoint: _2078_ (rising edge-triggered flip-flop clocked by clk)
Path Group: clk
Path Type: min

Fanout     Cap    Slew   Delay    Time   Description
-----------------------------------------------------------------------------
                  0.15    0.00    0.00   clock clk (rise edge)
                          0.00    0.00   clock network delay (ideal)
                  0.15    0.00    0.00 ^ _2078_/CLK (sky130_fd_sc_hd__dfrtp_2)
     2    0.00    0.04    0.36    0.36 ^ _2078_/Q (sky130_fd_sc_hd__dfrtp_2)
                                         rf_inst.registers[10][24] (net)
                  0.04    0.00    0.36 ^ _1683_/A (sky130_fd_sc_hd__and2_2)
     1    0.00    0.03    0.11    0.47 ^ _1683_/X (sky130_fd_sc_hd__and2_2)
                                         _0892_ (net)
                  0.03    0.00    0.47 ^ _1684_/A (sky130_fd_sc_hd__buf_1)
     1    0.00    0.04    0.07    0.54 ^ _1684_/X (sky130_fd_sc_hd__buf_1)
                                         _0219_ (net)
                  0.04    0.00    0.54 ^ _2078_/D (sky130_fd_sc_hd__dfrtp_2)
                                  0.54   data arrival time

                  0.15    0.00    0.00   clock clk (rise edge)
                          0.00    0.00   clock network delay (ideal)
                          0.25    0.25   clock uncertainty
                          0.00    0.25   clock reconvergence pessimism
                                  0.25 ^ _2078_/CLK (sky130_fd_sc_hd__dfrtp_2)
                         -0.02    0.23   library hold time
                                  0.23   data required time
-----------------------------------------------------------------------------
                                  0.23   data required time
                                 -0.54   data arrival time
-----------------------------------------------------------------------------
                                  0.31   slack (MET)


Startpoint: _2080_ (rising edge-triggered flip-flop clocked by clk)
Endpoint: _2080_ (rising edge-triggered flip-flop clocked by clk)
Path Group: clk
Path Type: min

Fanout     Cap    Slew   Delay    Time   Description
-----------------------------------------------------------------------------
                  0.15    0.00    0.00   clock clk (rise edge)
                          0.00    0.00   clock network delay (ideal)
                  0.15    0.00    0.00 ^ _2080_/CLK (sky130_fd_sc_hd__dfrtp_2)
     2    0.00    0.04    0.36    0.36 ^ _2080_/Q (sky130_fd_sc_hd__dfrtp_2)
                                         rf_inst.registers[10][26] (net)
                  0.04    0.00    0.36 ^ _1679_/A (sky130_fd_sc_hd__and2_2)
     1    0.00    0.03    0.11    0.47 ^ _1679_/X (sky130_fd_sc_hd__and2_2)
                                         _0890_ (net)
                  0.03    0.00    0.47 ^ _1680_/A (sky130_fd_sc_hd__buf_1)
     1    0.00    0.04    0.07    0.54 ^ _1680_/X (sky130_fd_sc_hd__buf_1)
                                         _0221_ (net)
                  0.04    0.00    0.54 ^ _2080_/D (sky130_fd_sc_hd__dfrtp_2)
                                  0.54   data arrival time

                  0.15    0.00    0.00   clock clk (rise edge)
                          0.00    0.00   clock network delay (ideal)
                          0.25    0.25   clock uncertainty
                          0.00    0.25   clock reconvergence pessimism
                                  0.25 ^ _2080_/CLK (sky130_fd_sc_hd__dfrtp_2)
                         -0.02    0.23   library hold time
                                  0.23   data required time
-----------------------------------------------------------------------------
                                  0.23   data required time
                                 -0.54   data arrival time
-----------------------------------------------------------------------------
                                  0.31   slack (MET)


Startpoint: _2082_ (rising edge-triggered flip-flop clocked by clk)
Endpoint: _2082_ (rising edge-triggered flip-flop clocked by clk)
Path Group: clk
Path Type: min

Fanout     Cap    Slew   Delay    Time   Description
-----------------------------------------------------------------------------
                  0.15    0.00    0.00   clock clk (rise edge)
                          0.00    0.00   clock network delay (ideal)
                  0.15    0.00    0.00 ^ _2082_/CLK (sky130_fd_sc_hd__dfrtp_2)
     2    0.00    0.04    0.36    0.36 ^ _2082_/Q (sky130_fd_sc_hd__dfrtp_2)
                                         rf_inst.registers[10][28] (net)
                  0.04    0.00    0.36 ^ _1675_/A (sky130_fd_sc_hd__and2_2)
     1    0.00    0.03    0.11    0.47 ^ _1675_/X (sky130_fd_sc_hd__and2_2)
                                         _0888_ (net)
                  0.03    0.00    0.47 ^ _1676_/A (sky130_fd_sc_hd__buf_1)
     1    0.00    0.04    0.07    0.54 ^ _1676_/X (sky130_fd_sc_hd__buf_1)
                                         _0223_ (net)
                  0.04    0.00    0.54 ^ _2082_/D (sky130_fd_sc_hd__dfrtp_2)
                                  0.54   data arrival time

                  0.15    0.00    0.00   clock clk (rise edge)
                          0.00    0.00   clock network delay (ideal)
                          0.25    0.25   clock uncertainty
                          0.00    0.25   clock reconvergence pessimism
                                  0.25 ^ _2082_/CLK (sky130_fd_sc_hd__dfrtp_2)
                         -0.02    0.23   library hold time
                                  0.23   data required time
-----------------------------------------------------------------------------
                                  0.23   data required time
                                 -0.54   data arrival time
-----------------------------------------------------------------------------
                                  0.31   slack (MET)


Startpoint: _2085_ (rising edge-triggered flip-flop clocked by clk)
Endpoint: _2085_ (rising edge-triggered flip-flop clocked by clk)
Path Group: clk
Path Type: min

Fanout     Cap    Slew   Delay    Time   Description
-----------------------------------------------------------------------------
                  0.15    0.00    0.00   clock clk (rise edge)
                          0.00    0.00   clock network delay (ideal)
                  0.15    0.00    0.00 ^ _2085_/CLK (sky130_fd_sc_hd__dfrtp_2)
     2    0.00    0.04    0.36    0.36 ^ _2085_/Q (sky130_fd_sc_hd__dfrtp_2)
                                         rf_inst.registers[10][31] (net)
                  0.04    0.00    0.36 ^ _1669_/A (sky130_fd_sc_hd__and2_2)
     1    0.00    0.03    0.11    0.47 ^ _1669_/X (sky130_fd_sc_hd__and2_2)
                                         _0885_ (net)
                  0.03    0.00    0.47 ^ _1670_/A (sky130_fd_sc_hd__buf_1)
     1    0.00    0.04    0.07    0.54 ^ _1670_/X (sky130_fd_sc_hd__buf_1)
                                         _0226_ (net)
                  0.04    0.00    0.54 ^ _2085_/D (sky130_fd_sc_hd__dfrtp_2)
                                  0.54   data arrival time

                  0.15    0.00    0.00   clock clk (rise edge)
                          0.00    0.00   clock network delay (ideal)
                          0.25    0.25   clock uncertainty
                          0.00    0.25   clock reconvergence pessimism
                                  0.25 ^ _2085_/CLK (sky130_fd_sc_hd__dfrtp_2)
                         -0.02    0.23   library hold time
                                  0.23   data required time
-----------------------------------------------------------------------------
                                  0.23   data required time
                                 -0.54   data arrival time
-----------------------------------------------------------------------------
                                  0.31   slack (MET)


Startpoint: _2091_ (rising edge-triggered flip-flop clocked by clk)
Endpoint: _2091_ (rising edge-triggered flip-flop clocked by clk)
Path Group: clk
Path Type: min

Fanout     Cap    Slew   Delay    Time   Description
-----------------------------------------------------------------------------
                  0.15    0.00    0.00   clock clk (rise edge)
                          0.00    0.00   clock network delay (ideal)
                  0.15    0.00    0.00 ^ _2091_/CLK (sky130_fd_sc_hd__dfrtp_2)
     2    0.00    0.04    0.36    0.36 ^ _2091_/Q (sky130_fd_sc_hd__dfrtp_2)
                                         rf_inst.registers[5][5] (net)
                  0.04    0.00    0.36 ^ _1656_/A (sky130_fd_sc_hd__and2_2)
     1    0.00    0.03    0.11    0.47 ^ _1656_/X (sky130_fd_sc_hd__and2_2)
                                         _0878_ (net)
                  0.03    0.00    0.47 ^ _1657_/A (sky130_fd_sc_hd__buf_1)
     1    0.00    0.04    0.07    0.54 ^ _1657_/X (sky130_fd_sc_hd__buf_1)
                                         _0232_ (net)
                  0.04    0.00    0.54 ^ _2091_/D (sky130_fd_sc_hd__dfrtp_2)
                                  0.54   data arrival time

                  0.15    0.00    0.00   clock clk (rise edge)
                          0.00    0.00   clock network delay (ideal)
                          0.25    0.25   clock uncertainty
                          0.00    0.25   clock reconvergence pessimism
                                  0.25 ^ _2091_/CLK (sky130_fd_sc_hd__dfrtp_2)
                         -0.02    0.23   library hold time
                                  0.23   data required time
-----------------------------------------------------------------------------
                                  0.23   data required time
                                 -0.54   data arrival time
-----------------------------------------------------------------------------
                                  0.31   slack (MET)


Startpoint: _2093_ (rising edge-triggered flip-flop clocked by clk)
Endpoint: _2093_ (rising edge-triggered flip-flop clocked by clk)
Path Group: clk
Path Type: min

Fanout     Cap    Slew   Delay    Time   Description
-----------------------------------------------------------------------------
                  0.15    0.00    0.00   clock clk (rise edge)
                          0.00    0.00   clock network delay (ideal)
                  0.15    0.00    0.00 ^ _2093_/CLK (sky130_fd_sc_hd__dfrtp_2)
     2    0.00    0.04    0.36    0.36 ^ _2093_/Q (sky130_fd_sc_hd__dfrtp_2)
                                         rf_inst.registers[5][7] (net)
                  0.04    0.00    0.36 ^ _1652_/A (sky130_fd_sc_hd__and2_2)
     1    0.00    0.03    0.11    0.47 ^ _1652_/X (sky130_fd_sc_hd__and2_2)
                                         _0876_ (net)
                  0.03    0.00    0.47 ^ _1653_/A (sky130_fd_sc_hd__buf_1)
     1    0.00    0.04    0.07    0.54 ^ _1653_/X (sky130_fd_sc_hd__buf_1)
                                         _0234_ (net)
                  0.04    0.00    0.54 ^ _2093_/D (sky130_fd_sc_hd__dfrtp_2)
                                  0.54   data arrival time

                  0.15    0.00    0.00   clock clk (rise edge)
                          0.00    0.00   clock network delay (ideal)
                          0.25    0.25   clock uncertainty
                          0.00    0.25   clock reconvergence pessimism
                                  0.25 ^ _2093_/CLK (sky130_fd_sc_hd__dfrtp_2)
                         -0.02    0.23   library hold time
                                  0.23   data required time
-----------------------------------------------------------------------------
                                  0.23   data required time
                                 -0.54   data arrival time
-----------------------------------------------------------------------------
                                  0.31   slack (MET)


Startpoint: _2094_ (rising edge-triggered flip-flop clocked by clk)
Endpoint: _2094_ (rising edge-triggered flip-flop clocked by clk)
Path Group: clk
Path Type: min

Fanout     Cap    Slew   Delay    Time   Description
-----------------------------------------------------------------------------
                  0.15    0.00    0.00   clock clk (rise edge)
                          0.00    0.00   clock network delay (ideal)
                  0.15    0.00    0.00 ^ _2094_/CLK (sky130_fd_sc_hd__dfrtp_2)
     2    0.00    0.04    0.36    0.36 ^ _2094_/Q (sky130_fd_sc_hd__dfrtp_2)
                                         rf_inst.registers[5][8] (net)
                  0.04    0.00    0.36 ^ _1650_/A (sky130_fd_sc_hd__and2_2)
     1    0.00    0.03    0.11    0.47 ^ _1650_/X (sky130_fd_sc_hd__and2_2)
                                         _0875_ (net)
                  0.03    0.00    0.47 ^ _1651_/A (sky130_fd_sc_hd__buf_1)
     1    0.00    0.04    0.07    0.54 ^ _1651_/X (sky130_fd_sc_hd__buf_1)
                                         _0235_ (net)
                  0.04    0.00    0.54 ^ _2094_/D (sky130_fd_sc_hd__dfrtp_2)
                                  0.54   data arrival time

                  0.15    0.00    0.00   clock clk (rise edge)
                          0.00    0.00   clock network delay (ideal)
                          0.25    0.25   clock uncertainty
                          0.00    0.25   clock reconvergence pessimism
                                  0.25 ^ _2094_/CLK (sky130_fd_sc_hd__dfrtp_2)
                         -0.02    0.23   library hold time
                                  0.23   data required time
-----------------------------------------------------------------------------
                                  0.23   data required time
                                 -0.54   data arrival time
-----------------------------------------------------------------------------
                                  0.31   slack (MET)


Startpoint: _2095_ (rising edge-triggered flip-flop clocked by clk)
Endpoint: _2095_ (rising edge-triggered flip-flop clocked by clk)
Path Group: clk
Path Type: min

Fanout     Cap    Slew   Delay    Time   Description
-----------------------------------------------------------------------------
                  0.15    0.00    0.00   clock clk (rise edge)
                          0.00    0.00   clock network delay (ideal)
                  0.15    0.00    0.00 ^ _2095_/CLK (sky130_fd_sc_hd__dfrtp_2)
     2    0.00    0.04    0.36    0.36 ^ _2095_/Q (sky130_fd_sc_hd__dfrtp_2)
                                         rf_inst.registers[5][9] (net)
                  0.04    0.00    0.36 ^ _1648_/A (sky130_fd_sc_hd__and2_2)
     1    0.00    0.03    0.11    0.47 ^ _1648_/X (sky130_fd_sc_hd__and2_2)
                                         _0874_ (net)
                  0.03    0.00    0.47 ^ _1649_/A (sky130_fd_sc_hd__buf_1)
     1    0.00    0.04    0.07    0.54 ^ _1649_/X (sky130_fd_sc_hd__buf_1)
                                         _0236_ (net)
                  0.04    0.00    0.54 ^ _2095_/D (sky130_fd_sc_hd__dfrtp_2)
                                  0.54   data arrival time

                  0.15    0.00    0.00   clock clk (rise edge)
                          0.00    0.00   clock network delay (ideal)
                          0.25    0.25   clock uncertainty
                          0.00    0.25   clock reconvergence pessimism
                                  0.25 ^ _2095_/CLK (sky130_fd_sc_hd__dfrtp_2)
                         -0.02    0.23   library hold time
                                  0.23   data required time
-----------------------------------------------------------------------------
                                  0.23   data required time
                                 -0.54   data arrival time
-----------------------------------------------------------------------------
                                  0.31   slack (MET)


Startpoint: _2097_ (rising edge-triggered flip-flop clocked by clk)
Endpoint: _2097_ (rising edge-triggered flip-flop clocked by clk)
Path Group: clk
Path Type: min

Fanout     Cap    Slew   Delay    Time   Description
-----------------------------------------------------------------------------
                  0.15    0.00    0.00   clock clk (rise edge)
                          0.00    0.00   clock network delay (ideal)
                  0.15    0.00    0.00 ^ _2097_/CLK (sky130_fd_sc_hd__dfrtp_2)
     2    0.00    0.04    0.36    0.36 ^ _2097_/Q (sky130_fd_sc_hd__dfrtp_2)
                                         rf_inst.registers[5][11] (net)
                  0.04    0.00    0.36 ^ _1644_/A (sky130_fd_sc_hd__and2_2)
     1    0.00    0.03    0.11    0.47 ^ _1644_/X (sky130_fd_sc_hd__and2_2)
                                         _0872_ (net)
                  0.03    0.00    0.47 ^ _1645_/A (sky130_fd_sc_hd__buf_1)
     1    0.00    0.04    0.07    0.54 ^ _1645_/X (sky130_fd_sc_hd__buf_1)
                                         _0238_ (net)
                  0.04    0.00    0.54 ^ _2097_/D (sky130_fd_sc_hd__dfrtp_2)
                                  0.54   data arrival time

                  0.15    0.00    0.00   clock clk (rise edge)
                          0.00    0.00   clock network delay (ideal)
                          0.25    0.25   clock uncertainty
                          0.00    0.25   clock reconvergence pessimism
                                  0.25 ^ _2097_/CLK (sky130_fd_sc_hd__dfrtp_2)
                         -0.02    0.23   library hold time
                                  0.23   data required time
-----------------------------------------------------------------------------
                                  0.23   data required time
                                 -0.54   data arrival time
-----------------------------------------------------------------------------
                                  0.31   slack (MET)


Startpoint: _2099_ (rising edge-triggered flip-flop clocked by clk)
Endpoint: _2099_ (rising edge-triggered flip-flop clocked by clk)
Path Group: clk
Path Type: min

Fanout     Cap    Slew   Delay    Time   Description
-----------------------------------------------------------------------------
                  0.15    0.00    0.00   clock clk (rise edge)
                          0.00    0.00   clock network delay (ideal)
                  0.15    0.00    0.00 ^ _2099_/CLK (sky130_fd_sc_hd__dfrtp_2)
     2    0.00    0.04    0.36    0.36 ^ _2099_/Q (sky130_fd_sc_hd__dfrtp_2)
                                         rf_inst.registers[5][13] (net)
                  0.04    0.00    0.36 ^ _1639_/A (sky130_fd_sc_hd__and2_2)
     1    0.00    0.03    0.11    0.47 ^ _1639_/X (sky130_fd_sc_hd__and2_2)
                                         _0869_ (net)
                  0.03    0.00    0.47 ^ _1640_/A (sky130_fd_sc_hd__buf_1)
     1    0.00    0.04    0.07    0.54 ^ _1640_/X (sky130_fd_sc_hd__buf_1)
                                         _0240_ (net)
                  0.04    0.00    0.54 ^ _2099_/D (sky130_fd_sc_hd__dfrtp_2)
                                  0.54   data arrival time

                  0.15    0.00    0.00   clock clk (rise edge)
                          0.00    0.00   clock network delay (ideal)
                          0.25    0.25   clock uncertainty
                          0.00    0.25   clock reconvergence pessimism
                                  0.25 ^ _2099_/CLK (sky130_fd_sc_hd__dfrtp_2)
                         -0.02    0.23   library hold time
                                  0.23   data required time
-----------------------------------------------------------------------------
                                  0.23   data required time
                                 -0.54   data arrival time
-----------------------------------------------------------------------------
                                  0.31   slack (MET)


Startpoint: _2101_ (rising edge-triggered flip-flop clocked by clk)
Endpoint: _2101_ (rising edge-triggered flip-flop clocked by clk)
Path Group: clk
Path Type: min

Fanout     Cap    Slew   Delay    Time   Description
-----------------------------------------------------------------------------
                  0.15    0.00    0.00   clock clk (rise edge)
                          0.00    0.00   clock network delay (ideal)
                  0.15    0.00    0.00 ^ _2101_/CLK (sky130_fd_sc_hd__dfrtp_2)
     2    0.00    0.04    0.36    0.36 ^ _2101_/Q (sky130_fd_sc_hd__dfrtp_2)
                                         rf_inst.registers[5][15] (net)
                  0.04    0.00    0.36 ^ _1635_/A (sky130_fd_sc_hd__and2_2)
     1    0.00    0.03    0.11    0.47 ^ _1635_/X (sky130_fd_sc_hd__and2_2)
                                         _0867_ (net)
                  0.03    0.00    0.47 ^ _1636_/A (sky130_fd_sc_hd__buf_1)
     1    0.00    0.04    0.07    0.54 ^ _1636_/X (sky130_fd_sc_hd__buf_1)
                                         _0242_ (net)
                  0.04    0.00    0.54 ^ _2101_/D (sky130_fd_sc_hd__dfrtp_2)
                                  0.54   data arrival time

                  0.15    0.00    0.00   clock clk (rise edge)
                          0.00    0.00   clock network delay (ideal)
                          0.25    0.25   clock uncertainty
                          0.00    0.25   clock reconvergence pessimism
                                  0.25 ^ _2101_/CLK (sky130_fd_sc_hd__dfrtp_2)
                         -0.02    0.23   library hold time
                                  0.23   data required time
-----------------------------------------------------------------------------
                                  0.23   data required time
                                 -0.54   data arrival time
-----------------------------------------------------------------------------
                                  0.31   slack (MET)


Startpoint: _2103_ (rising edge-triggered flip-flop clocked by clk)
Endpoint: _2103_ (rising edge-triggered flip-flop clocked by clk)
Path Group: clk
Path Type: min

Fanout     Cap    Slew   Delay    Time   Description
-----------------------------------------------------------------------------
                  0.15    0.00    0.00   clock clk (rise edge)
                          0.00    0.00   clock network delay (ideal)
                  0.15    0.00    0.00 ^ _2103_/CLK (sky130_fd_sc_hd__dfrtp_2)
     2    0.00    0.04    0.36    0.36 ^ _2103_/Q (sky130_fd_sc_hd__dfrtp_2)
                                         rf_inst.registers[5][17] (net)
                  0.04    0.00    0.36 ^ _1631_/A (sky130_fd_sc_hd__and2_2)
     1    0.00    0.03    0.11    0.47 ^ _1631_/X (sky130_fd_sc_hd__and2_2)
                                         _0865_ (net)
                  0.03    0.00    0.47 ^ _1632_/A (sky130_fd_sc_hd__buf_1)
     1    0.00    0.04    0.07    0.54 ^ _1632_/X (sky130_fd_sc_hd__buf_1)
                                         _0244_ (net)
                  0.04    0.00    0.54 ^ _2103_/D (sky130_fd_sc_hd__dfrtp_2)
                                  0.54   data arrival time

                  0.15    0.00    0.00   clock clk (rise edge)
                          0.00    0.00   clock network delay (ideal)
                          0.25    0.25   clock uncertainty
                          0.00    0.25   clock reconvergence pessimism
                                  0.25 ^ _2103_/CLK (sky130_fd_sc_hd__dfrtp_2)
                         -0.02    0.23   library hold time
                                  0.23   data required time
-----------------------------------------------------------------------------
                                  0.23   data required time
                                 -0.54   data arrival time
-----------------------------------------------------------------------------
                                  0.31   slack (MET)


Startpoint: _2105_ (rising edge-triggered flip-flop clocked by clk)
Endpoint: _2105_ (rising edge-triggered flip-flop clocked by clk)
Path Group: clk
Path Type: min

Fanout     Cap    Slew   Delay    Time   Description
-----------------------------------------------------------------------------
                  0.15    0.00    0.00   clock clk (rise edge)
                          0.00    0.00   clock network delay (ideal)
                  0.15    0.00    0.00 ^ _2105_/CLK (sky130_fd_sc_hd__dfrtp_2)
     2    0.00    0.04    0.36    0.36 ^ _2105_/Q (sky130_fd_sc_hd__dfrtp_2)
                                         rf_inst.registers[5][19] (net)
                  0.04    0.00    0.36 ^ _1627_/A (sky130_fd_sc_hd__and2_2)
     1    0.00    0.03    0.11    0.47 ^ _1627_/X (sky130_fd_sc_hd__and2_2)
                                         _0863_ (net)
                  0.03    0.00    0.47 ^ _1628_/A (sky130_fd_sc_hd__buf_1)
     1    0.00    0.04    0.07    0.54 ^ _1628_/X (sky130_fd_sc_hd__buf_1)
                                         _0246_ (net)
                  0.04    0.00    0.54 ^ _2105_/D (sky130_fd_sc_hd__dfrtp_2)
                                  0.54   data arrival time

                  0.15    0.00    0.00   clock clk (rise edge)
                          0.00    0.00   clock network delay (ideal)
                          0.25    0.25   clock uncertainty
                          0.00    0.25   clock reconvergence pessimism
                                  0.25 ^ _2105_/CLK (sky130_fd_sc_hd__dfrtp_2)
                         -0.02    0.23   library hold time
                                  0.23   data required time
-----------------------------------------------------------------------------
                                  0.23   data required time
                                 -0.54   data arrival time
-----------------------------------------------------------------------------
                                  0.31   slack (MET)


Startpoint: _2107_ (rising edge-triggered flip-flop clocked by clk)
Endpoint: _2107_ (rising edge-triggered flip-flop clocked by clk)
Path Group: clk
Path Type: min

Fanout     Cap    Slew   Delay    Time   Description
-----------------------------------------------------------------------------
                  0.15    0.00    0.00   clock clk (rise edge)
                          0.00    0.00   clock network delay (ideal)
                  0.15    0.00    0.00 ^ _2107_/CLK (sky130_fd_sc_hd__dfrtp_2)
     2    0.00    0.04    0.36    0.36 ^ _2107_/Q (sky130_fd_sc_hd__dfrtp_2)
                                         rf_inst.registers[5][21] (net)
                  0.04    0.00    0.36 ^ _1623_/A (sky130_fd_sc_hd__and2_2)
     1    0.00    0.03    0.11    0.47 ^ _1623_/X (sky130_fd_sc_hd__and2_2)
                                         _0861_ (net)
                  0.03    0.00    0.47 ^ _1624_/A (sky130_fd_sc_hd__buf_1)
     1    0.00    0.04    0.07    0.54 ^ _1624_/X (sky130_fd_sc_hd__buf_1)
                                         _0248_ (net)
                  0.04    0.00    0.54 ^ _2107_/D (sky130_fd_sc_hd__dfrtp_2)
                                  0.54   data arrival time

                  0.15    0.00    0.00   clock clk (rise edge)
                          0.00    0.00   clock network delay (ideal)
                          0.25    0.25   clock uncertainty
                          0.00    0.25   clock reconvergence pessimism
                                  0.25 ^ _2107_/CLK (sky130_fd_sc_hd__dfrtp_2)
                         -0.02    0.23   library hold time
                                  0.23   data required time
-----------------------------------------------------------------------------
                                  0.23   data required time
                                 -0.54   data arrival time
-----------------------------------------------------------------------------
                                  0.31   slack (MET)


Startpoint: _2109_ (rising edge-triggered flip-flop clocked by clk)
Endpoint: _2109_ (rising edge-triggered flip-flop clocked by clk)
Path Group: clk
Path Type: min

Fanout     Cap    Slew   Delay    Time   Description
-----------------------------------------------------------------------------
                  0.15    0.00    0.00   clock clk (rise edge)
                          0.00    0.00   clock network delay (ideal)
                  0.15    0.00    0.00 ^ _2109_/CLK (sky130_fd_sc_hd__dfrtp_2)
     2    0.00    0.04    0.36    0.36 ^ _2109_/Q (sky130_fd_sc_hd__dfrtp_2)
                                         rf_inst.registers[5][23] (net)
                  0.04    0.00    0.36 ^ _1618_/A (sky130_fd_sc_hd__and2_2)
     1    0.00    0.03    0.11    0.47 ^ _1618_/X (sky130_fd_sc_hd__and2_2)
                                         _0858_ (net)
                  0.03    0.00    0.47 ^ _1619_/A (sky130_fd_sc_hd__buf_1)
     1    0.00    0.04    0.07    0.54 ^ _1619_/X (sky130_fd_sc_hd__buf_1)
                                         _0250_ (net)
                  0.04    0.00    0.54 ^ _2109_/D (sky130_fd_sc_hd__dfrtp_2)
                                  0.54   data arrival time

                  0.15    0.00    0.00   clock clk (rise edge)
                          0.00    0.00   clock network delay (ideal)
                          0.25    0.25   clock uncertainty
                          0.00    0.25   clock reconvergence pessimism
                                  0.25 ^ _2109_/CLK (sky130_fd_sc_hd__dfrtp_2)
                         -0.02    0.23   library hold time
                                  0.23   data required time
-----------------------------------------------------------------------------
                                  0.23   data required time
                                 -0.54   data arrival time
-----------------------------------------------------------------------------
                                  0.31   slack (MET)


Startpoint: _2111_ (rising edge-triggered flip-flop clocked by clk)
Endpoint: _2111_ (rising edge-triggered flip-flop clocked by clk)
Path Group: clk
Path Type: min

Fanout     Cap    Slew   Delay    Time   Description
-----------------------------------------------------------------------------
                  0.15    0.00    0.00   clock clk (rise edge)
                          0.00    0.00   clock network delay (ideal)
                  0.15    0.00    0.00 ^ _2111_/CLK (sky130_fd_sc_hd__dfrtp_2)
     2    0.00    0.04    0.36    0.36 ^ _2111_/Q (sky130_fd_sc_hd__dfrtp_2)
                                         rf_inst.registers[5][25] (net)
                  0.04    0.00    0.36 ^ _1614_/A (sky130_fd_sc_hd__and2_2)
     1    0.00    0.03    0.11    0.47 ^ _1614_/X (sky130_fd_sc_hd__and2_2)
                                         _0856_ (net)
                  0.03    0.00    0.47 ^ _1615_/A (sky130_fd_sc_hd__buf_1)
     1    0.00    0.04    0.07    0.54 ^ _1615_/X (sky130_fd_sc_hd__buf_1)
                                         _0252_ (net)
                  0.04    0.00    0.54 ^ _2111_/D (sky130_fd_sc_hd__dfrtp_2)
                                  0.54   data arrival time

                  0.15    0.00    0.00   clock clk (rise edge)
                          0.00    0.00   clock network delay (ideal)
                          0.25    0.25   clock uncertainty
                          0.00    0.25   clock reconvergence pessimism
                                  0.25 ^ _2111_/CLK (sky130_fd_sc_hd__dfrtp_2)
                         -0.02    0.23   library hold time
                                  0.23   data required time
-----------------------------------------------------------------------------
                                  0.23   data required time
                                 -0.54   data arrival time
-----------------------------------------------------------------------------
                                  0.31   slack (MET)


Startpoint: _2113_ (rising edge-triggered flip-flop clocked by clk)
Endpoint: _2113_ (rising edge-triggered flip-flop clocked by clk)
Path Group: clk
Path Type: min

Fanout     Cap    Slew   Delay    Time   Description
-----------------------------------------------------------------------------
                  0.15    0.00    0.00   clock clk (rise edge)
                          0.00    0.00   clock network delay (ideal)
                  0.15    0.00    0.00 ^ _2113_/CLK (sky130_fd_sc_hd__dfrtp_2)
     2    0.00    0.04    0.36    0.36 ^ _2113_/Q (sky130_fd_sc_hd__dfrtp_2)
                                         rf_inst.registers[5][27] (net)
                  0.04    0.00    0.36 ^ _1610_/A (sky130_fd_sc_hd__and2_2)
     1    0.00    0.03    0.11    0.47 ^ _1610_/X (sky130_fd_sc_hd__and2_2)
                                         _0854_ (net)
                  0.03    0.00    0.47 ^ _1611_/A (sky130_fd_sc_hd__buf_1)
     1    0.00    0.04    0.07    0.54 ^ _1611_/X (sky130_fd_sc_hd__buf_1)
                                         _0254_ (net)
                  0.04    0.00    0.54 ^ _2113_/D (sky130_fd_sc_hd__dfrtp_2)
                                  0.54   data arrival time

                  0.15    0.00    0.00   clock clk (rise edge)
                          0.00    0.00   clock network delay (ideal)
                          0.25    0.25   clock uncertainty
                          0.00    0.25   clock reconvergence pessimism
                                  0.25 ^ _2113_/CLK (sky130_fd_sc_hd__dfrtp_2)
                         -0.02    0.23   library hold time
                                  0.23   data required time
-----------------------------------------------------------------------------
                                  0.23   data required time
                                 -0.54   data arrival time
-----------------------------------------------------------------------------
                                  0.31   slack (MET)


Startpoint: _2115_ (rising edge-triggered flip-flop clocked by clk)
Endpoint: _2115_ (rising edge-triggered flip-flop clocked by clk)
Path Group: clk
Path Type: min

Fanout     Cap    Slew   Delay    Time   Description
-----------------------------------------------------------------------------
                  0.15    0.00    0.00   clock clk (rise edge)
                          0.00    0.00   clock network delay (ideal)
                  0.15    0.00    0.00 ^ _2115_/CLK (sky130_fd_sc_hd__dfrtp_2)
     2    0.00    0.04    0.36    0.36 ^ _2115_/Q (sky130_fd_sc_hd__dfrtp_2)
                                         rf_inst.registers[5][29] (net)
                  0.04    0.00    0.36 ^ _1606_/A (sky130_fd_sc_hd__and2_2)
     1    0.00    0.03    0.11    0.47 ^ _1606_/X (sky130_fd_sc_hd__and2_2)
                                         _0852_ (net)
                  0.03    0.00    0.47 ^ _1607_/A (sky130_fd_sc_hd__buf_1)
     1    0.00    0.04    0.07    0.54 ^ _1607_/X (sky130_fd_sc_hd__buf_1)
                                         _0256_ (net)
                  0.04    0.00    0.54 ^ _2115_/D (sky130_fd_sc_hd__dfrtp_2)
                                  0.54   data arrival time

                  0.15    0.00    0.00   clock clk (rise edge)
                          0.00    0.00   clock network delay (ideal)
                          0.25    0.25   clock uncertainty
                          0.00    0.25   clock reconvergence pessimism
                                  0.25 ^ _2115_/CLK (sky130_fd_sc_hd__dfrtp_2)
                         -0.02    0.23   library hold time
                                  0.23   data required time
-----------------------------------------------------------------------------
                                  0.23   data required time
                                 -0.54   data arrival time
-----------------------------------------------------------------------------
                                  0.31   slack (MET)


Startpoint: _2117_ (rising edge-triggered flip-flop clocked by clk)
Endpoint: _2117_ (rising edge-triggered flip-flop clocked by clk)
Path Group: clk
Path Type: min

Fanout     Cap    Slew   Delay    Time   Description
-----------------------------------------------------------------------------
                  0.15    0.00    0.00   clock clk (rise edge)
                          0.00    0.00   clock network delay (ideal)
                  0.15    0.00    0.00 ^ _2117_/CLK (sky130_fd_sc_hd__dfrtp_2)
     2    0.00    0.04    0.36    0.36 ^ _2117_/Q (sky130_fd_sc_hd__dfrtp_2)
                                         rf_inst.registers[5][31] (net)
                  0.04    0.00    0.36 ^ _1602_/A (sky130_fd_sc_hd__and2_2)
     1    0.00    0.03    0.11    0.47 ^ _1602_/X (sky130_fd_sc_hd__and2_2)
                                         _0850_ (net)
                  0.03    0.00    0.47 ^ _1603_/A (sky130_fd_sc_hd__buf_1)
     1    0.00    0.04    0.07    0.54 ^ _1603_/X (sky130_fd_sc_hd__buf_1)
                                         _0258_ (net)
                  0.04    0.00    0.54 ^ _2117_/D (sky130_fd_sc_hd__dfrtp_2)
                                  0.54   data arrival time

                  0.15    0.00    0.00   clock clk (rise edge)
                          0.00    0.00   clock network delay (ideal)
                          0.25    0.25   clock uncertainty
                          0.00    0.25   clock reconvergence pessimism
                                  0.25 ^ _2117_/CLK (sky130_fd_sc_hd__dfrtp_2)
                         -0.02    0.23   library hold time
                                  0.23   data required time
-----------------------------------------------------------------------------
                                  0.23   data required time
                                 -0.54   data arrival time
-----------------------------------------------------------------------------
                                  0.31   slack (MET)


Startpoint: _2077_ (rising edge-triggered flip-flop clocked by clk)
Endpoint: _2077_ (rising edge-triggered flip-flop clocked by clk)
Path Group: clk
Path Type: min

Fanout     Cap    Slew   Delay    Time   Description
-----------------------------------------------------------------------------
                  0.15    0.00    0.00   clock clk (rise edge)
                          0.00    0.00   clock network delay (ideal)
                  0.15    0.00    0.00 ^ _2077_/CLK (sky130_fd_sc_hd__dfrtp_2)
     2    0.01    0.05    0.36    0.36 ^ _2077_/Q (sky130_fd_sc_hd__dfrtp_2)
                                         rf_inst.registers[10][23] (net)
                  0.05    0.00    0.36 ^ _1685_/A (sky130_fd_sc_hd__and2_2)
     1    0.00    0.03    0.12    0.48 ^ _1685_/X (sky130_fd_sc_hd__and2_2)
                                         _0893_ (net)
                  0.03    0.00    0.48 ^ _1686_/A (sky130_fd_sc_hd__buf_1)
     1    0.00    0.04    0.07    0.55 ^ _1686_/X (sky130_fd_sc_hd__buf_1)
                                         _0218_ (net)
                  0.04    0.00    0.55 ^ _2077_/D (sky130_fd_sc_hd__dfrtp_2)
                                  0.55   data arrival time

                  0.15    0.00    0.00   clock clk (rise edge)
                          0.00    0.00   clock network delay (ideal)
                          0.25    0.25   clock uncertainty
                          0.00    0.25   clock reconvergence pessimism
                                  0.25 ^ _2077_/CLK (sky130_fd_sc_hd__dfrtp_2)
                         -0.02    0.23   library hold time
                                  0.23   data required time
-----------------------------------------------------------------------------
                                  0.23   data required time
                                 -0.55   data arrival time
-----------------------------------------------------------------------------
                                  0.32   slack (MET)


Startpoint: _2083_ (rising edge-triggered flip-flop clocked by clk)
Endpoint: _2083_ (rising edge-triggered flip-flop clocked by clk)
Path Group: clk
Path Type: min

Fanout     Cap    Slew   Delay    Time   Description
-----------------------------------------------------------------------------
                  0.15    0.00    0.00   clock clk (rise edge)
                          0.00    0.00   clock network delay (ideal)
                  0.15    0.00    0.00 ^ _2083_/CLK (sky130_fd_sc_hd__dfrtp_2)
     2    0.01    0.05    0.36    0.36 ^ _2083_/Q (sky130_fd_sc_hd__dfrtp_2)
                                         rf_inst.registers[10][29] (net)
                  0.05    0.00    0.36 ^ _1673_/A (sky130_fd_sc_hd__and2_2)
     1    0.00    0.03    0.12    0.48 ^ _1673_/X (sky130_fd_sc_hd__and2_2)
                                         _0887_ (net)
                  0.03    0.00    0.48 ^ _1674_/A (sky130_fd_sc_hd__buf_1)
     1    0.00    0.04    0.07    0.55 ^ _1674_/X (sky130_fd_sc_hd__buf_1)
                                         _0224_ (net)
                  0.04    0.00    0.55 ^ _2083_/D (sky130_fd_sc_hd__dfrtp_2)
                                  0.55   data arrival time

                  0.15    0.00    0.00   clock clk (rise edge)
                          0.00    0.00   clock network delay (ideal)
                          0.25    0.25   clock uncertainty
                          0.00    0.25   clock reconvergence pessimism
                                  0.25 ^ _2083_/CLK (sky130_fd_sc_hd__dfrtp_2)
                         -0.02    0.23   library hold time
                                  0.23   data required time
-----------------------------------------------------------------------------
                                  0.23   data required time
                                 -0.55   data arrival time
-----------------------------------------------------------------------------
                                  0.32   slack (MET)


Startpoint: _2084_ (rising edge-triggered flip-flop clocked by clk)
Endpoint: _2084_ (rising edge-triggered flip-flop clocked by clk)
Path Group: clk
Path Type: min

Fanout     Cap    Slew   Delay    Time   Description
-----------------------------------------------------------------------------
                  0.15    0.00    0.00   clock clk (rise edge)
                          0.00    0.00   clock network delay (ideal)
                  0.15    0.00    0.00 ^ _2084_/CLK (sky130_fd_sc_hd__dfrtp_2)
     2    0.01    0.05    0.36    0.36 ^ _2084_/Q (sky130_fd_sc_hd__dfrtp_2)
                                         rf_inst.registers[10][30] (net)
                  0.05    0.00    0.36 ^ _1671_/A (sky130_fd_sc_hd__and2_2)
     1    0.00    0.03    0.12    0.48 ^ _1671_/X (sky130_fd_sc_hd__and2_2)
                                         _0886_ (net)
                  0.03    0.00    0.48 ^ _1672_/A (sky130_fd_sc_hd__buf_1)
     1    0.00    0.04    0.07    0.55 ^ _1672_/X (sky130_fd_sc_hd__buf_1)
                                         _0225_ (net)
                  0.04    0.00    0.55 ^ _2084_/D (sky130_fd_sc_hd__dfrtp_2)
                                  0.55   data arrival time

                  0.15    0.00    0.00   clock clk (rise edge)
                          0.00    0.00   clock network delay (ideal)
                          0.25    0.25   clock uncertainty
                          0.00    0.25   clock reconvergence pessimism
                                  0.25 ^ _2084_/CLK (sky130_fd_sc_hd__dfrtp_2)
                         -0.02    0.23   library hold time
                                  0.23   data required time
-----------------------------------------------------------------------------
                                  0.23   data required time
                                 -0.55   data arrival time
-----------------------------------------------------------------------------
                                  0.32   slack (MET)


Startpoint: _2106_ (rising edge-triggered flip-flop clocked by clk)
Endpoint: _2106_ (rising edge-triggered flip-flop clocked by clk)
Path Group: clk
Path Type: min

Fanout     Cap    Slew   Delay    Time   Description
-----------------------------------------------------------------------------
                  0.15    0.00    0.00   clock clk (rise edge)
                          0.00    0.00   clock network delay (ideal)
                  0.15    0.00    0.00 ^ _2106_/CLK (sky130_fd_sc_hd__dfrtp_2)
     2    0.01    0.05    0.36    0.36 ^ _2106_/Q (sky130_fd_sc_hd__dfrtp_2)
                                         rf_inst.registers[5][20] (net)
                  0.05    0.00    0.36 ^ _1625_/A (sky130_fd_sc_hd__and2_2)
     1    0.00    0.03    0.12    0.48 ^ _1625_/X (sky130_fd_sc_hd__and2_2)
                                         _0862_ (net)
                  0.03    0.00    0.48 ^ _1626_/A (sky130_fd_sc_hd__buf_1)
     1    0.00    0.04    0.07    0.55 ^ _1626_/X (sky130_fd_sc_hd__buf_1)
                                         _0247_ (net)
                  0.04    0.00    0.55 ^ _2106_/D (sky130_fd_sc_hd__dfrtp_2)
                                  0.55   data arrival time

                  0.15    0.00    0.00   clock clk (rise edge)
                          0.00    0.00   clock network delay (ideal)
                          0.25    0.25   clock uncertainty
                          0.00    0.25   clock reconvergence pessimism
                                  0.25 ^ _2106_/CLK (sky130_fd_sc_hd__dfrtp_2)
                         -0.02    0.23   library hold time
                                  0.23   data required time
-----------------------------------------------------------------------------
                                  0.23   data required time
                                 -0.55   data arrival time
-----------------------------------------------------------------------------
                                  0.32   slack (MET)


Startpoint: _2108_ (rising edge-triggered flip-flop clocked by clk)
Endpoint: _2108_ (rising edge-triggered flip-flop clocked by clk)
Path Group: clk
Path Type: min

Fanout     Cap    Slew   Delay    Time   Description
-----------------------------------------------------------------------------
                  0.15    0.00    0.00   clock clk (rise edge)
                          0.00    0.00   clock network delay (ideal)
                  0.15    0.00    0.00 ^ _2108_/CLK (sky130_fd_sc_hd__dfrtp_2)
     2    0.01    0.05    0.36    0.36 ^ _2108_/Q (sky130_fd_sc_hd__dfrtp_2)
                                         rf_inst.registers[5][22] (net)
                  0.05    0.00    0.36 ^ _1620_/A (sky130_fd_sc_hd__and2_2)
     1    0.00    0.03    0.12    0.48 ^ _1620_/X (sky130_fd_sc_hd__and2_2)
                                         _0859_ (net)
                  0.03    0.00    0.48 ^ _1621_/A (sky130_fd_sc_hd__buf_1)
     1    0.00    0.04    0.07    0.55 ^ _1621_/X (sky130_fd_sc_hd__buf_1)
                                         _0249_ (net)
                  0.04    0.00    0.55 ^ _2108_/D (sky130_fd_sc_hd__dfrtp_2)
                                  0.55   data arrival time

                  0.15    0.00    0.00   clock clk (rise edge)
                          0.00    0.00   clock network delay (ideal)
                          0.25    0.25   clock uncertainty
                          0.00    0.25   clock reconvergence pessimism
                                  0.25 ^ _2108_/CLK (sky130_fd_sc_hd__dfrtp_2)
                         -0.02    0.23   library hold time
                                  0.23   data required time
-----------------------------------------------------------------------------
                                  0.23   data required time
                                 -0.55   data arrival time
-----------------------------------------------------------------------------
                                  0.32   slack (MET)


Startpoint: _2022_ (rising edge-triggered flip-flop clocked by clk)
Endpoint: _2022_ (rising edge-triggered flip-flop clocked by clk)
Path Group: clk
Path Type: min

Fanout     Cap    Slew   Delay    Time   Description
-----------------------------------------------------------------------------
                  0.15    0.00    0.00   clock clk (rise edge)
                          0.00    0.00   clock network delay (ideal)
                  0.15    0.00    0.00 ^ _2022_/CLK (sky130_fd_sc_hd__dfrtp_2)
     2    0.00    0.05    0.36    0.36 ^ _2022_/Q (sky130_fd_sc_hd__dfrtp_2)
                                         rf_inst.registers[25][0] (net)
                  0.05    0.00    0.36 ^ _1798_/A0 (sky130_fd_sc_hd__mux2_2)
     1    0.00    0.03    0.12    0.48 ^ _1798_/X (sky130_fd_sc_hd__mux2_2)
                                         _0951_ (net)
                  0.03    0.00    0.48 ^ _1799_/A (sky130_fd_sc_hd__buf_1)
     1    0.00    0.04    0.07    0.55 ^ _1799_/X (sky130_fd_sc_hd__buf_1)
                                         _0163_ (net)
                  0.04    0.00    0.55 ^ _2022_/D (sky130_fd_sc_hd__dfrtp_2)
                                  0.55   data arrival time

                  0.15    0.00    0.00   clock clk (rise edge)
                          0.00    0.00   clock network delay (ideal)
                          0.25    0.25   clock uncertainty
                          0.00    0.25   clock reconvergence pessimism
                                  0.25 ^ _2022_/CLK (sky130_fd_sc_hd__dfrtp_2)
                         -0.02    0.23   library hold time
                                  0.23   data required time
-----------------------------------------------------------------------------
                                  0.23   data required time
                                 -0.55   data arrival time
-----------------------------------------------------------------------------
                                  0.32   slack (MET)


Startpoint: _2023_ (rising edge-triggered flip-flop clocked by clk)
Endpoint: _2023_ (rising edge-triggered flip-flop clocked by clk)
Path Group: clk
Path Type: min

Fanout     Cap    Slew   Delay    Time   Description
-----------------------------------------------------------------------------
                  0.15    0.00    0.00   clock clk (rise edge)
                          0.00    0.00   clock network delay (ideal)
                  0.15    0.00    0.00 ^ _2023_/CLK (sky130_fd_sc_hd__dfrtp_2)
     2    0.00    0.05    0.36    0.36 ^ _2023_/Q (sky130_fd_sc_hd__dfrtp_2)
                                         rf_inst.registers[25][1] (net)
                  0.05    0.00    0.36 ^ _1796_/A0 (sky130_fd_sc_hd__mux2_2)
     1    0.00    0.03    0.12    0.48 ^ _1796_/X (sky130_fd_sc_hd__mux2_2)
                                         _0950_ (net)
                  0.03    0.00    0.48 ^ _1797_/A (sky130_fd_sc_hd__buf_1)
     1    0.00    0.04    0.07    0.55 ^ _1797_/X (sky130_fd_sc_hd__buf_1)
                                         _0164_ (net)
                  0.04    0.00    0.55 ^ _2023_/D (sky130_fd_sc_hd__dfrtp_2)
                                  0.55   data arrival time

                  0.15    0.00    0.00   clock clk (rise edge)
                          0.00    0.00   clock network delay (ideal)
                          0.25    0.25   clock uncertainty
                          0.00    0.25   clock reconvergence pessimism
                                  0.25 ^ _2023_/CLK (sky130_fd_sc_hd__dfrtp_2)
                         -0.02    0.23   library hold time
                                  0.23   data required time
-----------------------------------------------------------------------------
                                  0.23   data required time
                                 -0.55   data arrival time
-----------------------------------------------------------------------------
                                  0.32   slack (MET)


Startpoint: _2024_ (rising edge-triggered flip-flop clocked by clk)
Endpoint: _2024_ (rising edge-triggered flip-flop clocked by clk)
Path Group: clk
Path Type: min

Fanout     Cap    Slew   Delay    Time   Description
-----------------------------------------------------------------------------
                  0.15    0.00    0.00   clock clk (rise edge)
                          0.00    0.00   clock network delay (ideal)
                  0.15    0.00    0.00 ^ _2024_/CLK (sky130_fd_sc_hd__dfrtp_2)
     2    0.00    0.05    0.36    0.36 ^ _2024_/Q (sky130_fd_sc_hd__dfrtp_2)
                                         rf_inst.registers[25][2] (net)
                  0.05    0.00    0.36 ^ _1794_/A0 (sky130_fd_sc_hd__mux2_2)
     1    0.00    0.03    0.12    0.48 ^ _1794_/X (sky130_fd_sc_hd__mux2_2)
                                         _0949_ (net)
                  0.03    0.00    0.48 ^ _1795_/A (sky130_fd_sc_hd__buf_1)
     1    0.00    0.04    0.07    0.55 ^ _1795_/X (sky130_fd_sc_hd__buf_1)
                                         _0165_ (net)
                  0.04    0.00    0.55 ^ _2024_/D (sky130_fd_sc_hd__dfrtp_2)
                                  0.55   data arrival time

                  0.15    0.00    0.00   clock clk (rise edge)
                          0.00    0.00   clock network delay (ideal)
                          0.25    0.25   clock uncertainty
                          0.00    0.25   clock reconvergence pessimism
                                  0.25 ^ _2024_/CLK (sky130_fd_sc_hd__dfrtp_2)
                         -0.02    0.23   library hold time
                                  0.23   data required time
-----------------------------------------------------------------------------
                                  0.23   data required time
                                 -0.55   data arrival time
-----------------------------------------------------------------------------
                                  0.32   slack (MET)


Startpoint: _2025_ (rising edge-triggered flip-flop clocked by clk)
Endpoint: _2025_ (rising edge-triggered flip-flop clocked by clk)
Path Group: clk
Path Type: min

Fanout     Cap    Slew   Delay    Time   Description
-----------------------------------------------------------------------------
                  0.15    0.00    0.00   clock clk (rise edge)
                          0.00    0.00   clock network delay (ideal)
                  0.15    0.00    0.00 ^ _2025_/CLK (sky130_fd_sc_hd__dfrtp_2)
     2    0.00    0.05    0.36    0.36 ^ _2025_/Q (sky130_fd_sc_hd__dfrtp_2)
                                         rf_inst.registers[25][3] (net)
                  0.05    0.00    0.36 ^ _1792_/A0 (sky130_fd_sc_hd__mux2_2)
     1    0.00    0.03    0.12    0.48 ^ _1792_/X (sky130_fd_sc_hd__mux2_2)
                                         _0948_ (net)
                  0.03    0.00    0.48 ^ _1793_/A (sky130_fd_sc_hd__buf_1)
     1    0.00    0.04    0.07    0.55 ^ _1793_/X (sky130_fd_sc_hd__buf_1)
                                         _0166_ (net)
                  0.04    0.00    0.55 ^ _2025_/D (sky130_fd_sc_hd__dfrtp_2)
                                  0.55   data arrival time

                  0.15    0.00    0.00   clock clk (rise edge)
                          0.00    0.00   clock network delay (ideal)
                          0.25    0.25   clock uncertainty
                          0.00    0.25   clock reconvergence pessimism
                                  0.25 ^ _2025_/CLK (sky130_fd_sc_hd__dfrtp_2)
                         -0.02    0.23   library hold time
                                  0.23   data required time
-----------------------------------------------------------------------------
                                  0.23   data required time
                                 -0.55   data arrival time
-----------------------------------------------------------------------------
                                  0.32   slack (MET)


Startpoint: _2026_ (rising edge-triggered flip-flop clocked by clk)
Endpoint: _2026_ (rising edge-triggered flip-flop clocked by clk)
Path Group: clk
Path Type: min

Fanout     Cap    Slew   Delay    Time   Description
-----------------------------------------------------------------------------
                  0.15    0.00    0.00   clock clk (rise edge)
                          0.00    0.00   clock network delay (ideal)
                  0.15    0.00    0.00 ^ _2026_/CLK (sky130_fd_sc_hd__dfrtp_2)
     2    0.00    0.05    0.36    0.36 ^ _2026_/Q (sky130_fd_sc_hd__dfrtp_2)
                                         rf_inst.registers[25][4] (net)
                  0.05    0.00    0.36 ^ _1790_/A0 (sky130_fd_sc_hd__mux2_2)
     1    0.00    0.03    0.12    0.48 ^ _1790_/X (sky130_fd_sc_hd__mux2_2)
                                         _0947_ (net)
                  0.03    0.00    0.48 ^ _1791_/A (sky130_fd_sc_hd__buf_1)
     1    0.00    0.04    0.07    0.55 ^ _1791_/X (sky130_fd_sc_hd__buf_1)
                                         _0167_ (net)
                  0.04    0.00    0.55 ^ _2026_/D (sky130_fd_sc_hd__dfrtp_2)
                                  0.55   data arrival time

                  0.15    0.00    0.00   clock clk (rise edge)
                          0.00    0.00   clock network delay (ideal)
                          0.25    0.25   clock uncertainty
                          0.00    0.25   clock reconvergence pessimism
                                  0.25 ^ _2026_/CLK (sky130_fd_sc_hd__dfrtp_2)
                         -0.02    0.23   library hold time
                                  0.23   data required time
-----------------------------------------------------------------------------
                                  0.23   data required time
                                 -0.55   data arrival time
-----------------------------------------------------------------------------
                                  0.32   slack (MET)


Startpoint: _2028_ (rising edge-triggered flip-flop clocked by clk)
Endpoint: _2028_ (rising edge-triggered flip-flop clocked by clk)
Path Group: clk
Path Type: min

Fanout     Cap    Slew   Delay    Time   Description
-----------------------------------------------------------------------------
                  0.15    0.00    0.00   clock clk (rise edge)
                          0.00    0.00   clock network delay (ideal)
                  0.15    0.00    0.00 ^ _2028_/CLK (sky130_fd_sc_hd__dfrtp_2)
     2    0.00    0.05    0.36    0.36 ^ _2028_/Q (sky130_fd_sc_hd__dfrtp_2)
                                         rf_inst.registers[25][6] (net)
                  0.05    0.00    0.36 ^ _1786_/A0 (sky130_fd_sc_hd__mux2_2)
     1    0.00    0.03    0.12    0.48 ^ _1786_/X (sky130_fd_sc_hd__mux2_2)
                                         _0945_ (net)
                  0.03    0.00    0.48 ^ _1787_/A (sky130_fd_sc_hd__buf_1)
     1    0.00    0.04    0.07    0.55 ^ _1787_/X (sky130_fd_sc_hd__buf_1)
                                         _0169_ (net)
                  0.04    0.00    0.55 ^ _2028_/D (sky130_fd_sc_hd__dfrtp_2)
                                  0.55   data arrival time

                  0.15    0.00    0.00   clock clk (rise edge)
                          0.00    0.00   clock network delay (ideal)
                          0.25    0.25   clock uncertainty
                          0.00    0.25   clock reconvergence pessimism
                                  0.25 ^ _2028_/CLK (sky130_fd_sc_hd__dfrtp_2)
                         -0.02    0.23   library hold time
                                  0.23   data required time
-----------------------------------------------------------------------------
                                  0.23   data required time
                                 -0.55   data arrival time
-----------------------------------------------------------------------------
                                  0.32   slack (MET)


Startpoint: _2030_ (rising edge-triggered flip-flop clocked by clk)
Endpoint: _2030_ (rising edge-triggered flip-flop clocked by clk)
Path Group: clk
Path Type: min

Fanout     Cap    Slew   Delay    Time   Description
-----------------------------------------------------------------------------
                  0.15    0.00    0.00   clock clk (rise edge)
                          0.00    0.00   clock network delay (ideal)
                  0.15    0.00    0.00 ^ _2030_/CLK (sky130_fd_sc_hd__dfrtp_2)
     2    0.00    0.05    0.36    0.36 ^ _2030_/Q (sky130_fd_sc_hd__dfrtp_2)
                                         rf_inst.registers[25][8] (net)
                  0.05    0.00    0.36 ^ _1782_/A0 (sky130_fd_sc_hd__mux2_2)
     1    0.00    0.03    0.12    0.48 ^ _1782_/X (sky130_fd_sc_hd__mux2_2)
                                         _0943_ (net)
                  0.03    0.00    0.48 ^ _1783_/A (sky130_fd_sc_hd__buf_1)
     1    0.00    0.04    0.07    0.55 ^ _1783_/X (sky130_fd_sc_hd__buf_1)
                                         _0171_ (net)
                  0.04    0.00    0.55 ^ _2030_/D (sky130_fd_sc_hd__dfrtp_2)
                                  0.55   data arrival time

                  0.15    0.00    0.00   clock clk (rise edge)
                          0.00    0.00   clock network delay (ideal)
                          0.25    0.25   clock uncertainty
                          0.00    0.25   clock reconvergence pessimism
                                  0.25 ^ _2030_/CLK (sky130_fd_sc_hd__dfrtp_2)
                         -0.02    0.23   library hold time
                                  0.23   data required time
-----------------------------------------------------------------------------
                                  0.23   data required time
                                 -0.55   data arrival time
-----------------------------------------------------------------------------
                                  0.32   slack (MET)


Startpoint: _2034_ (rising edge-triggered flip-flop clocked by clk)
Endpoint: _2034_ (rising edge-triggered flip-flop clocked by clk)
Path Group: clk
Path Type: min

Fanout     Cap    Slew   Delay    Time   Description
-----------------------------------------------------------------------------
                  0.15    0.00    0.00   clock clk (rise edge)
                          0.00    0.00   clock network delay (ideal)
                  0.15    0.00    0.00 ^ _2034_/CLK (sky130_fd_sc_hd__dfrtp_2)
     2    0.00    0.05    0.36    0.36 ^ _2034_/Q (sky130_fd_sc_hd__dfrtp_2)
                                         rf_inst.registers[25][12] (net)
                  0.05    0.00    0.36 ^ _1773_/A0 (sky130_fd_sc_hd__mux2_2)
     1    0.00    0.03    0.12    0.48 ^ _1773_/X (sky130_fd_sc_hd__mux2_2)
                                         _0938_ (net)
                  0.03    0.00    0.48 ^ _1774_/A (sky130_fd_sc_hd__buf_1)
     1    0.00    0.04    0.07    0.55 ^ _1774_/X (sky130_fd_sc_hd__buf_1)
                                         _0175_ (net)
                  0.04    0.00    0.55 ^ _2034_/D (sky130_fd_sc_hd__dfrtp_2)
                                  0.55   data arrival time

                  0.15    0.00    0.00   clock clk (rise edge)
                          0.00    0.00   clock network delay (ideal)
                          0.25    0.25   clock uncertainty
                          0.00    0.25   clock reconvergence pessimism
                                  0.25 ^ _2034_/CLK (sky130_fd_sc_hd__dfrtp_2)
                         -0.02    0.23   library hold time
                                  0.23   data required time
-----------------------------------------------------------------------------
                                  0.23   data required time
                                 -0.55   data arrival time
-----------------------------------------------------------------------------
                                  0.32   slack (MET)


Startpoint: _2038_ (rising edge-triggered flip-flop clocked by clk)
Endpoint: _2038_ (rising edge-triggered flip-flop clocked by clk)
Path Group: clk
Path Type: min

Fanout     Cap    Slew   Delay    Time   Description
-----------------------------------------------------------------------------
                  0.15    0.00    0.00   clock clk (rise edge)
                          0.00    0.00   clock network delay (ideal)
                  0.15    0.00    0.00 ^ _2038_/CLK (sky130_fd_sc_hd__dfrtp_2)
     2    0.00    0.05    0.36    0.36 ^ _2038_/Q (sky130_fd_sc_hd__dfrtp_2)
                                         rf_inst.registers[25][16] (net)
                  0.05    0.00    0.36 ^ _1765_/A0 (sky130_fd_sc_hd__mux2_2)
     1    0.00    0.03    0.12    0.48 ^ _1765_/X (sky130_fd_sc_hd__mux2_2)
                                         _0934_ (net)
                  0.03    0.00    0.48 ^ _1766_/A (sky130_fd_sc_hd__buf_1)
     1    0.00    0.04    0.07    0.55 ^ _1766_/X (sky130_fd_sc_hd__buf_1)
                                         _0179_ (net)
                  0.04    0.00    0.55 ^ _2038_/D (sky130_fd_sc_hd__dfrtp_2)
                                  0.55   data arrival time

                  0.15    0.00    0.00   clock clk (rise edge)
                          0.00    0.00   clock network delay (ideal)
                          0.25    0.25   clock uncertainty
                          0.00    0.25   clock reconvergence pessimism
                                  0.25 ^ _2038_/CLK (sky130_fd_sc_hd__dfrtp_2)
                         -0.02    0.23   library hold time
                                  0.23   data required time
-----------------------------------------------------------------------------
                                  0.23   data required time
                                 -0.55   data arrival time
-----------------------------------------------------------------------------
                                  0.32   slack (MET)


Startpoint: _2040_ (rising edge-triggered flip-flop clocked by clk)
Endpoint: _2040_ (rising edge-triggered flip-flop clocked by clk)
Path Group: clk
Path Type: min

Fanout     Cap    Slew   Delay    Time   Description
-----------------------------------------------------------------------------
                  0.15    0.00    0.00   clock clk (rise edge)
                          0.00    0.00   clock network delay (ideal)
                  0.15    0.00    0.00 ^ _2040_/CLK (sky130_fd_sc_hd__dfrtp_2)
     2    0.00    0.05    0.36    0.36 ^ _2040_/Q (sky130_fd_sc_hd__dfrtp_2)
                                         rf_inst.registers[25][18] (net)
                  0.05    0.00    0.36 ^ _1761_/A0 (sky130_fd_sc_hd__mux2_2)
     1    0.00    0.03    0.12    0.48 ^ _1761_/X (sky130_fd_sc_hd__mux2_2)
                                         _0932_ (net)
                  0.03    0.00    0.48 ^ _1762_/A (sky130_fd_sc_hd__buf_1)
     1    0.00    0.04    0.07    0.55 ^ _1762_/X (sky130_fd_sc_hd__buf_1)
                                         _0181_ (net)
                  0.04    0.00    0.55 ^ _2040_/D (sky130_fd_sc_hd__dfrtp_2)
                                  0.55   data arrival time

                  0.15    0.00    0.00   clock clk (rise edge)
                          0.00    0.00   clock network delay (ideal)
                          0.25    0.25   clock uncertainty
                          0.00    0.25   clock reconvergence pessimism
                                  0.25 ^ _2040_/CLK (sky130_fd_sc_hd__dfrtp_2)
                         -0.02    0.23   library hold time
                                  0.23   data required time
-----------------------------------------------------------------------------
                                  0.23   data required time
                                 -0.55   data arrival time
-----------------------------------------------------------------------------
                                  0.32   slack (MET)


Startpoint: _2042_ (rising edge-triggered flip-flop clocked by clk)
Endpoint: _2042_ (rising edge-triggered flip-flop clocked by clk)
Path Group: clk
Path Type: min

Fanout     Cap    Slew   Delay    Time   Description
-----------------------------------------------------------------------------
                  0.15    0.00    0.00   clock clk (rise edge)
                          0.00    0.00   clock network delay (ideal)
                  0.15    0.00    0.00 ^ _2042_/CLK (sky130_fd_sc_hd__dfrtp_2)
     2    0.00    0.05    0.36    0.36 ^ _2042_/Q (sky130_fd_sc_hd__dfrtp_2)
                                         rf_inst.registers[25][20] (net)
                  0.05    0.00    0.36 ^ _1757_/A0 (sky130_fd_sc_hd__mux2_2)
     1    0.00    0.03    0.12    0.48 ^ _1757_/X (sky130_fd_sc_hd__mux2_2)
                                         _0930_ (net)
                  0.03    0.00    0.48 ^ _1758_/A (sky130_fd_sc_hd__buf_1)
     1    0.00    0.04    0.07    0.55 ^ _1758_/X (sky130_fd_sc_hd__buf_1)
                                         _0183_ (net)
                  0.04    0.00    0.55 ^ _2042_/D (sky130_fd_sc_hd__dfrtp_2)
                                  0.55   data arrival time

                  0.15    0.00    0.00   clock clk (rise edge)
                          0.00    0.00   clock network delay (ideal)
                          0.25    0.25   clock uncertainty
                          0.00    0.25   clock reconvergence pessimism
                                  0.25 ^ _2042_/CLK (sky130_fd_sc_hd__dfrtp_2)
                         -0.02    0.23   library hold time
                                  0.23   data required time
-----------------------------------------------------------------------------
                                  0.23   data required time
                                 -0.55   data arrival time
-----------------------------------------------------------------------------
                                  0.32   slack (MET)


Startpoint: _2043_ (rising edge-triggered flip-flop clocked by clk)
Endpoint: _2043_ (rising edge-triggered flip-flop clocked by clk)
Path Group: clk
Path Type: min

Fanout     Cap    Slew   Delay    Time   Description
-----------------------------------------------------------------------------
                  0.15    0.00    0.00   clock clk (rise edge)
                          0.00    0.00   clock network delay (ideal)
                  0.15    0.00    0.00 ^ _2043_/CLK (sky130_fd_sc_hd__dfrtp_2)
     2    0.00    0.05    0.36    0.36 ^ _2043_/Q (sky130_fd_sc_hd__dfrtp_2)
                                         rf_inst.registers[25][21] (net)
                  0.05    0.00    0.36 ^ _1755_/A0 (sky130_fd_sc_hd__mux2_2)
     1    0.00    0.03    0.12    0.48 ^ _1755_/X (sky130_fd_sc_hd__mux2_2)
                                         _0929_ (net)
                  0.03    0.00    0.48 ^ _1756_/A (sky130_fd_sc_hd__buf_1)
     1    0.00    0.04    0.07    0.55 ^ _1756_/X (sky130_fd_sc_hd__buf_1)
                                         _0184_ (net)
                  0.04    0.00    0.55 ^ _2043_/D (sky130_fd_sc_hd__dfrtp_2)
                                  0.55   data arrival time

                  0.15    0.00    0.00   clock clk (rise edge)
                          0.00    0.00   clock network delay (ideal)
                          0.25    0.25   clock uncertainty
                          0.00    0.25   clock reconvergence pessimism
                                  0.25 ^ _2043_/CLK (sky130_fd_sc_hd__dfrtp_2)
                         -0.02    0.23   library hold time
                                  0.23   data required time
-----------------------------------------------------------------------------
                                  0.23   data required time
                                 -0.55   data arrival time
-----------------------------------------------------------------------------
                                  0.32   slack (MET)


Startpoint: _2044_ (rising edge-triggered flip-flop clocked by clk)
Endpoint: _2044_ (rising edge-triggered flip-flop clocked by clk)
Path Group: clk
Path Type: min

Fanout     Cap    Slew   Delay    Time   Description
-----------------------------------------------------------------------------
                  0.15    0.00    0.00   clock clk (rise edge)
                          0.00    0.00   clock network delay (ideal)
                  0.15    0.00    0.00 ^ _2044_/CLK (sky130_fd_sc_hd__dfrtp_2)
     2    0.00    0.05    0.36    0.36 ^ _2044_/Q (sky130_fd_sc_hd__dfrtp_2)
                                         rf_inst.registers[25][22] (net)
                  0.05    0.00    0.36 ^ _1752_/A0 (sky130_fd_sc_hd__mux2_2)
     1    0.00    0.03    0.12    0.48 ^ _1752_/X (sky130_fd_sc_hd__mux2_2)
                                         _0927_ (net)
                  0.03    0.00    0.48 ^ _1753_/A (sky130_fd_sc_hd__buf_1)
     1    0.00    0.04    0.07    0.55 ^ _1753_/X (sky130_fd_sc_hd__buf_1)
                                         _0185_ (net)
                  0.04    0.00    0.55 ^ _2044_/D (sky130_fd_sc_hd__dfrtp_2)
                                  0.55   data arrival time

                  0.15    0.00    0.00   clock clk (rise edge)
                          0.00    0.00   clock network delay (ideal)
                          0.25    0.25   clock uncertainty
                          0.00    0.25   clock reconvergence pessimism
                                  0.25 ^ _2044_/CLK (sky130_fd_sc_hd__dfrtp_2)
                         -0.02    0.23   library hold time
                                  0.23   data required time
-----------------------------------------------------------------------------
                                  0.23   data required time
                                 -0.55   data arrival time
-----------------------------------------------------------------------------
                                  0.32   slack (MET)


Startpoint: _2046_ (rising edge-triggered flip-flop clocked by clk)
Endpoint: _2046_ (rising edge-triggered flip-flop clocked by clk)
Path Group: clk
Path Type: min

Fanout     Cap    Slew   Delay    Time   Description
-----------------------------------------------------------------------------
                  0.15    0.00    0.00   clock clk (rise edge)
                          0.00    0.00   clock network delay (ideal)
                  0.15    0.00    0.00 ^ _2046_/CLK (sky130_fd_sc_hd__dfrtp_2)
     2    0.00    0.05    0.36    0.36 ^ _2046_/Q (sky130_fd_sc_hd__dfrtp_2)
                                         rf_inst.registers[25][24] (net)
                  0.05    0.00    0.36 ^ _1748_/A0 (sky130_fd_sc_hd__mux2_2)
     1    0.00    0.03    0.12    0.48 ^ _1748_/X (sky130_fd_sc_hd__mux2_2)
                                         _0925_ (net)
                  0.03    0.00    0.48 ^ _1749_/A (sky130_fd_sc_hd__buf_1)
     1    0.00    0.04    0.07    0.55 ^ _1749_/X (sky130_fd_sc_hd__buf_1)
                                         _0187_ (net)
                  0.04    0.00    0.55 ^ _2046_/D (sky130_fd_sc_hd__dfrtp_2)
                                  0.55   data arrival time

                  0.15    0.00    0.00   clock clk (rise edge)
                          0.00    0.00   clock network delay (ideal)
                          0.25    0.25   clock uncertainty
                          0.00    0.25   clock reconvergence pessimism
                                  0.25 ^ _2046_/CLK (sky130_fd_sc_hd__dfrtp_2)
                         -0.02    0.23   library hold time
                                  0.23   data required time
-----------------------------------------------------------------------------
                                  0.23   data required time
                                 -0.55   data arrival time
-----------------------------------------------------------------------------
                                  0.32   slack (MET)


Startpoint: _2048_ (rising edge-triggered flip-flop clocked by clk)
Endpoint: _2048_ (rising edge-triggered flip-flop clocked by clk)
Path Group: clk
Path Type: min

Fanout     Cap    Slew   Delay    Time   Description
-----------------------------------------------------------------------------
                  0.15    0.00    0.00   clock clk (rise edge)
                          0.00    0.00   clock network delay (ideal)
                  0.15    0.00    0.00 ^ _2048_/CLK (sky130_fd_sc_hd__dfrtp_2)
     2    0.00    0.05    0.36    0.36 ^ _2048_/Q (sky130_fd_sc_hd__dfrtp_2)
                                         rf_inst.registers[25][26] (net)
                  0.05    0.00    0.36 ^ _1744_/A0 (sky130_fd_sc_hd__mux2_2)
     1    0.00    0.03    0.12    0.48 ^ _1744_/X (sky130_fd_sc_hd__mux2_2)
                                         _0923_ (net)
                  0.03    0.00    0.48 ^ _1745_/A (sky130_fd_sc_hd__buf_1)
     1    0.00    0.04    0.07    0.55 ^ _1745_/X (sky130_fd_sc_hd__buf_1)
                                         _0189_ (net)
                  0.04    0.00    0.55 ^ _2048_/D (sky130_fd_sc_hd__dfrtp_2)
                                  0.55   data arrival time

                  0.15    0.00    0.00   clock clk (rise edge)
                          0.00    0.00   clock network delay (ideal)
                          0.25    0.25   clock uncertainty
                          0.00    0.25   clock reconvergence pessimism
                                  0.25 ^ _2048_/CLK (sky130_fd_sc_hd__dfrtp_2)
                         -0.02    0.23   library hold time
                                  0.23   data required time
-----------------------------------------------------------------------------
                                  0.23   data required time
                                 -0.55   data arrival time
-----------------------------------------------------------------------------
                                  0.32   slack (MET)


Startpoint: _2050_ (rising edge-triggered flip-flop clocked by clk)
Endpoint: _2050_ (rising edge-triggered flip-flop clocked by clk)
Path Group: clk
Path Type: min

Fanout     Cap    Slew   Delay    Time   Description
-----------------------------------------------------------------------------
                  0.15    0.00    0.00   clock clk (rise edge)
                          0.00    0.00   clock network delay (ideal)
                  0.15    0.00    0.00 ^ _2050_/CLK (sky130_fd_sc_hd__dfrtp_2)
     2    0.00    0.05    0.36    0.36 ^ _2050_/Q (sky130_fd_sc_hd__dfrtp_2)
                                         rf_inst.registers[25][28] (net)
                  0.05    0.00    0.36 ^ _1740_/A0 (sky130_fd_sc_hd__mux2_2)
     1    0.00    0.03    0.12    0.48 ^ _1740_/X (sky130_fd_sc_hd__mux2_2)
                                         _0921_ (net)
                  0.03    0.00    0.48 ^ _1741_/A (sky130_fd_sc_hd__buf_1)
     1    0.00    0.04    0.07    0.55 ^ _1741_/X (sky130_fd_sc_hd__buf_1)
                                         _0191_ (net)
                  0.04    0.00    0.55 ^ _2050_/D (sky130_fd_sc_hd__dfrtp_2)
                                  0.55   data arrival time

                  0.15    0.00    0.00   clock clk (rise edge)
                          0.00    0.00   clock network delay (ideal)
                          0.25    0.25   clock uncertainty
                          0.00    0.25   clock reconvergence pessimism
                                  0.25 ^ _2050_/CLK (sky130_fd_sc_hd__dfrtp_2)
                         -0.02    0.23   library hold time
                                  0.23   data required time
-----------------------------------------------------------------------------
                                  0.23   data required time
                                 -0.55   data arrival time
-----------------------------------------------------------------------------
                                  0.32   slack (MET)


Startpoint: _2053_ (rising edge-triggered flip-flop clocked by clk)
Endpoint: _2053_ (rising edge-triggered flip-flop clocked by clk)
Path Group: clk
Path Type: min

Fanout     Cap    Slew   Delay    Time   Description
-----------------------------------------------------------------------------
                  0.15    0.00    0.00   clock clk (rise edge)
                          0.00    0.00   clock network delay (ideal)
                  0.15    0.00    0.00 ^ _2053_/CLK (sky130_fd_sc_hd__dfrtp_2)
     2    0.00    0.05    0.36    0.36 ^ _2053_/Q (sky130_fd_sc_hd__dfrtp_2)
                                         rf_inst.registers[25][31] (net)
                  0.05    0.00    0.36 ^ _1734_/A0 (sky130_fd_sc_hd__mux2_2)
     1    0.00    0.03    0.12    0.48 ^ _1734_/X (sky130_fd_sc_hd__mux2_2)
                                         _0918_ (net)
                  0.03    0.00    0.48 ^ _1735_/A (sky130_fd_sc_hd__buf_1)
     1    0.00    0.04    0.07    0.55 ^ _1735_/X (sky130_fd_sc_hd__buf_1)
                                         _0194_ (net)
                  0.04    0.00    0.55 ^ _2053_/D (sky130_fd_sc_hd__dfrtp_2)
                                  0.55   data arrival time

                  0.15    0.00    0.00   clock clk (rise edge)
                          0.00    0.00   clock network delay (ideal)
                          0.25    0.25   clock uncertainty
                          0.00    0.25   clock reconvergence pessimism
                                  0.25 ^ _2053_/CLK (sky130_fd_sc_hd__dfrtp_2)
                         -0.02    0.23   library hold time
                                  0.23   data required time
-----------------------------------------------------------------------------
                                  0.23   data required time
                                 -0.55   data arrival time
-----------------------------------------------------------------------------
                                  0.32   slack (MET)


Startpoint: _2090_ (rising edge-triggered flip-flop clocked by clk)
Endpoint: _2090_ (rising edge-triggered flip-flop clocked by clk)
Path Group: clk
Path Type: min

Fanout     Cap    Slew   Delay    Time   Description
-----------------------------------------------------------------------------
                  0.15    0.00    0.00   clock clk (rise edge)
                          0.00    0.00   clock network delay (ideal)
                  0.15    0.00    0.00 ^ _2090_/CLK (sky130_fd_sc_hd__dfrtp_2)
     3    0.01    0.06    0.37    0.37 ^ _2090_/Q (sky130_fd_sc_hd__dfrtp_2)
                                         rf_inst.registers[5][4] (net)
                  0.06    0.00    0.37 ^ _1658_/A (sky130_fd_sc_hd__and2_2)
     1    0.00    0.03    0.12    0.49 ^ _1658_/X (sky130_fd_sc_hd__and2_2)
                                         _0879_ (net)
                  0.03    0.00    0.49 ^ _1659_/A (sky130_fd_sc_hd__buf_1)
     1    0.00    0.04    0.07    0.56 ^ _1659_/X (sky130_fd_sc_hd__buf_1)
                                         _0231_ (net)
                  0.04    0.00    0.56 ^ _2090_/D (sky130_fd_sc_hd__dfrtp_2)
                                  0.56   data arrival time

                  0.15    0.00    0.00   clock clk (rise edge)
                          0.00    0.00   clock network delay (ideal)
                          0.25    0.25   clock uncertainty
                          0.00    0.25   clock reconvergence pessimism
                                  0.25 ^ _2090_/CLK (sky130_fd_sc_hd__dfrtp_2)
                         -0.02    0.23   library hold time
                                  0.23   data required time
-----------------------------------------------------------------------------
                                  0.23   data required time
                                 -0.56   data arrival time
-----------------------------------------------------------------------------
                                  0.33   slack (MET)


Startpoint: _2045_ (rising edge-triggered flip-flop clocked by clk)
Endpoint: _2045_ (rising edge-triggered flip-flop clocked by clk)
Path Group: clk
Path Type: min

Fanout     Cap    Slew   Delay    Time   Description
-----------------------------------------------------------------------------
                  0.15    0.00    0.00   clock clk (rise edge)
                          0.00    0.00   clock network delay (ideal)
                  0.15    0.00    0.00 ^ _2045_/CLK (sky130_fd_sc_hd__dfrtp_2)
     2    0.01    0.06    0.37    0.37 ^ _2045_/Q (sky130_fd_sc_hd__dfrtp_2)
                                         rf_inst.registers[25][23] (net)
                  0.06    0.00    0.37 ^ _1750_/A0 (sky130_fd_sc_hd__mux2_2)
     1    0.00    0.03    0.13    0.49 ^ _1750_/X (sky130_fd_sc_hd__mux2_2)
                                         _0926_ (net)
                  0.03    0.00    0.49 ^ _1751_/A (sky130_fd_sc_hd__buf_1)
     1    0.00    0.04    0.07    0.56 ^ _1751_/X (sky130_fd_sc_hd__buf_1)
                                         _0186_ (net)
                  0.04    0.00    0.56 ^ _2045_/D (sky130_fd_sc_hd__dfrtp_2)
                                  0.56   data arrival time

                  0.15    0.00    0.00   clock clk (rise edge)
                          0.00    0.00   clock network delay (ideal)
                          0.25    0.25   clock uncertainty
                          0.00    0.25   clock reconvergence pessimism
                                  0.25 ^ _2045_/CLK (sky130_fd_sc_hd__dfrtp_2)
                         -0.02    0.23   library hold time
                                  0.23   data required time
-----------------------------------------------------------------------------
                                  0.23   data required time
                                 -0.56   data arrival time
-----------------------------------------------------------------------------
                                  0.33   slack (MET)


Startpoint: _2051_ (rising edge-triggered flip-flop clocked by clk)
Endpoint: _2051_ (rising edge-triggered flip-flop clocked by clk)
Path Group: clk
Path Type: min

Fanout     Cap    Slew   Delay    Time   Description
-----------------------------------------------------------------------------
                  0.15    0.00    0.00   clock clk (rise edge)
                          0.00    0.00   clock network delay (ideal)
                  0.15    0.00    0.00 ^ _2051_/CLK (sky130_fd_sc_hd__dfrtp_2)
     2    0.01    0.06    0.37    0.37 ^ _2051_/Q (sky130_fd_sc_hd__dfrtp_2)
                                         rf_inst.registers[25][29] (net)
                  0.06    0.00    0.37 ^ _1738_/A0 (sky130_fd_sc_hd__mux2_2)
     1    0.00    0.03    0.13    0.49 ^ _1738_/X (sky130_fd_sc_hd__mux2_2)
                                         _0920_ (net)
                  0.03    0.00    0.49 ^ _1739_/A (sky130_fd_sc_hd__buf_1)
     1    0.00    0.04    0.07    0.56 ^ _1739_/X (sky130_fd_sc_hd__buf_1)
                                         _0192_ (net)
                  0.04    0.00    0.56 ^ _2051_/D (sky130_fd_sc_hd__dfrtp_2)
                                  0.56   data arrival time

                  0.15    0.00    0.00   clock clk (rise edge)
                          0.00    0.00   clock network delay (ideal)
                          0.25    0.25   clock uncertainty
                          0.00    0.25   clock reconvergence pessimism
                                  0.25 ^ _2051_/CLK (sky130_fd_sc_hd__dfrtp_2)
                         -0.02    0.23   library hold time
                                  0.23   data required time
-----------------------------------------------------------------------------
                                  0.23   data required time
                                 -0.56   data arrival time
-----------------------------------------------------------------------------
                                  0.33   slack (MET)


Startpoint: _2052_ (rising edge-triggered flip-flop clocked by clk)
Endpoint: _2052_ (rising edge-triggered flip-flop clocked by clk)
Path Group: clk
Path Type: min

Fanout     Cap    Slew   Delay    Time   Description
-----------------------------------------------------------------------------
                  0.15    0.00    0.00   clock clk (rise edge)
                          0.00    0.00   clock network delay (ideal)
                  0.15    0.00    0.00 ^ _2052_/CLK (sky130_fd_sc_hd__dfrtp_2)
     2    0.01    0.06    0.37    0.37 ^ _2052_/Q (sky130_fd_sc_hd__dfrtp_2)
                                         rf_inst.registers[25][30] (net)
                  0.06    0.00    0.37 ^ _1736_/A0 (sky130_fd_sc_hd__mux2_2)
     1    0.00    0.03    0.13    0.49 ^ _1736_/X (sky130_fd_sc_hd__mux2_2)
                                         _0919_ (net)
                  0.03    0.00    0.49 ^ _1737_/A (sky130_fd_sc_hd__buf_1)
     1    0.00    0.04    0.07    0.56 ^ _1737_/X (sky130_fd_sc_hd__buf_1)
                                         _0193_ (net)
                  0.04    0.00    0.56 ^ _2052_/D (sky130_fd_sc_hd__dfrtp_2)
                                  0.56   data arrival time

                  0.15    0.00    0.00   clock clk (rise edge)
                          0.00    0.00   clock network delay (ideal)
                          0.25    0.25   clock uncertainty
                          0.00    0.25   clock reconvergence pessimism
                                  0.25 ^ _2052_/CLK (sky130_fd_sc_hd__dfrtp_2)
                         -0.02    0.23   library hold time
                                  0.23   data required time
-----------------------------------------------------------------------------
                                  0.23   data required time
                                 -0.56   data arrival time
-----------------------------------------------------------------------------
                                  0.33   slack (MET)


Startpoint: _2059_ (rising edge-triggered flip-flop clocked by clk)
Endpoint: _2059_ (rising edge-triggered flip-flop clocked by clk)
Path Group: clk
Path Type: min

Fanout     Cap    Slew   Delay    Time   Description
-----------------------------------------------------------------------------
                  0.15    0.00    0.00   clock clk (rise edge)
                          0.00    0.00   clock network delay (ideal)
                  0.15    0.00    0.00 ^ _2059_/CLK (sky130_fd_sc_hd__dfrtp_2)
     3    0.01    0.06    0.37    0.37 ^ _2059_/Q (sky130_fd_sc_hd__dfrtp_2)
                                         rf_inst.registers[10][5] (net)
                  0.06    0.00    0.37 ^ _1723_/A (sky130_fd_sc_hd__and2_2)
     1    0.00    0.03    0.12    0.49 ^ _1723_/X (sky130_fd_sc_hd__and2_2)
                                         _0913_ (net)
                  0.03    0.00    0.49 ^ _1724_/A (sky130_fd_sc_hd__buf_1)
     1    0.00    0.04    0.07    0.56 ^ _1724_/X (sky130_fd_sc_hd__buf_1)
                                         _0200_ (net)
                  0.04    0.00    0.56 ^ _2059_/D (sky130_fd_sc_hd__dfrtp_2)
                                  0.56   data arrival time

                  0.15    0.00    0.00   clock clk (rise edge)
                          0.00    0.00   clock network delay (ideal)
                          0.25    0.25   clock uncertainty
                          0.00    0.25   clock reconvergence pessimism
                                  0.25 ^ _2059_/CLK (sky130_fd_sc_hd__dfrtp_2)
                         -0.02    0.23   library hold time
                                  0.23   data required time
-----------------------------------------------------------------------------
                                  0.23   data required time
                                 -0.56   data arrival time
-----------------------------------------------------------------------------
                                  0.33   slack (MET)


Startpoint: _2061_ (rising edge-triggered flip-flop clocked by clk)
Endpoint: _2061_ (rising edge-triggered flip-flop clocked by clk)
Path Group: clk
Path Type: min

Fanout     Cap    Slew   Delay    Time   Description
-----------------------------------------------------------------------------
                  0.15    0.00    0.00   clock clk (rise edge)
                          0.00    0.00   clock network delay (ideal)
                  0.15    0.00    0.00 ^ _2061_/CLK (sky130_fd_sc_hd__dfrtp_2)
     3    0.01    0.06    0.37    0.37 ^ _2061_/Q (sky130_fd_sc_hd__dfrtp_2)
                                         rf_inst.registers[10][7] (net)
                  0.06    0.00    0.37 ^ _1719_/A (sky130_fd_sc_hd__and2_2)
     1    0.00    0.03    0.12    0.49 ^ _1719_/X (sky130_fd_sc_hd__and2_2)
                                         _0911_ (net)
                  0.03    0.00    0.49 ^ _1720_/A (sky130_fd_sc_hd__buf_1)
     1    0.00    0.04    0.07    0.56 ^ _1720_/X (sky130_fd_sc_hd__buf_1)
                                         _0202_ (net)
                  0.04    0.00    0.56 ^ _2061_/D (sky130_fd_sc_hd__dfrtp_2)
                                  0.56   data arrival time

                  0.15    0.00    0.00   clock clk (rise edge)
                          0.00    0.00   clock network delay (ideal)
                          0.25    0.25   clock uncertainty
                          0.00    0.25   clock reconvergence pessimism
                                  0.25 ^ _2061_/CLK (sky130_fd_sc_hd__dfrtp_2)
                         -0.02    0.23   library hold time
                                  0.23   data required time
-----------------------------------------------------------------------------
                                  0.23   data required time
                                 -0.56   data arrival time
-----------------------------------------------------------------------------
                                  0.33   slack (MET)


Startpoint: _2063_ (rising edge-triggered flip-flop clocked by clk)
Endpoint: _2063_ (rising edge-triggered flip-flop clocked by clk)
Path Group: clk
Path Type: min

Fanout     Cap    Slew   Delay    Time   Description
-----------------------------------------------------------------------------
                  0.15    0.00    0.00   clock clk (rise edge)
                          0.00    0.00   clock network delay (ideal)
                  0.15    0.00    0.00 ^ _2063_/CLK (sky130_fd_sc_hd__dfrtp_2)
     3    0.01    0.06    0.37    0.37 ^ _2063_/Q (sky130_fd_sc_hd__dfrtp_2)
                                         rf_inst.registers[10][9] (net)
                  0.06    0.00    0.37 ^ _1715_/A (sky130_fd_sc_hd__and2_2)
     1    0.00    0.03    0.12    0.49 ^ _1715_/X (sky130_fd_sc_hd__and2_2)
                                         _0909_ (net)
                  0.03    0.00    0.49 ^ _1716_/A (sky130_fd_sc_hd__buf_1)
     1    0.00    0.04    0.07    0.56 ^ _1716_/X (sky130_fd_sc_hd__buf_1)
                                         _0204_ (net)
                  0.04    0.00    0.56 ^ _2063_/D (sky130_fd_sc_hd__dfrtp_2)
                                  0.56   data arrival time

                  0.15    0.00    0.00   clock clk (rise edge)
                          0.00    0.00   clock network delay (ideal)
                          0.25    0.25   clock uncertainty
                          0.00    0.25   clock reconvergence pessimism
                                  0.25 ^ _2063_/CLK (sky130_fd_sc_hd__dfrtp_2)
                         -0.02    0.23   library hold time
                                  0.23   data required time
-----------------------------------------------------------------------------
                                  0.23   data required time
                                 -0.56   data arrival time
-----------------------------------------------------------------------------
                                  0.33   slack (MET)


Startpoint: _2064_ (rising edge-triggered flip-flop clocked by clk)
Endpoint: _2064_ (rising edge-triggered flip-flop clocked by clk)
Path Group: clk
Path Type: min

Fanout     Cap    Slew   Delay    Time   Description
-----------------------------------------------------------------------------
                  0.15    0.00    0.00   clock clk (rise edge)
                          0.00    0.00   clock network delay (ideal)
                  0.15    0.00    0.00 ^ _2064_/CLK (sky130_fd_sc_hd__dfrtp_2)
     3    0.01    0.06    0.37    0.37 ^ _2064_/Q (sky130_fd_sc_hd__dfrtp_2)
                                         rf_inst.registers[10][10] (net)
                  0.06    0.00    0.37 ^ _1713_/A (sky130_fd_sc_hd__and2_2)
     1    0.00    0.03    0.12    0.49 ^ _1713_/X (sky130_fd_sc_hd__and2_2)
                                         _0908_ (net)
                  0.03    0.00    0.49 ^ _1714_/A (sky130_fd_sc_hd__buf_1)
     1    0.00    0.04    0.07    0.56 ^ _1714_/X (sky130_fd_sc_hd__buf_1)
                                         _0205_ (net)
                  0.04    0.00    0.56 ^ _2064_/D (sky130_fd_sc_hd__dfrtp_2)
                                  0.56   data arrival time

                  0.15    0.00    0.00   clock clk (rise edge)
                          0.00    0.00   clock network delay (ideal)
                          0.25    0.25   clock uncertainty
                          0.00    0.25   clock reconvergence pessimism
                                  0.25 ^ _2064_/CLK (sky130_fd_sc_hd__dfrtp_2)
                         -0.02    0.23   library hold time
                                  0.23   data required time
-----------------------------------------------------------------------------
                                  0.23   data required time
                                 -0.56   data arrival time
-----------------------------------------------------------------------------
                                  0.33   slack (MET)


Startpoint: _2065_ (rising edge-triggered flip-flop clocked by clk)
Endpoint: _2065_ (rising edge-triggered flip-flop clocked by clk)
Path Group: clk
Path Type: min

Fanout     Cap    Slew   Delay    Time   Description
-----------------------------------------------------------------------------
                  0.15    0.00    0.00   clock clk (rise edge)
                          0.00    0.00   clock network delay (ideal)
                  0.15    0.00    0.00 ^ _2065_/CLK (sky130_fd_sc_hd__dfrtp_2)
     3    0.01    0.06    0.37    0.37 ^ _2065_/Q (sky130_fd_sc_hd__dfrtp_2)
                                         rf_inst.registers[10][11] (net)
                  0.06    0.00    0.37 ^ _1711_/A (sky130_fd_sc_hd__and2_2)
     1    0.00    0.03    0.12    0.49 ^ _1711_/X (sky130_fd_sc_hd__and2_2)
                                         _0907_ (net)
                  0.03    0.00    0.49 ^ _1712_/A (sky130_fd_sc_hd__buf_1)
     1    0.00    0.04    0.07    0.56 ^ _1712_/X (sky130_fd_sc_hd__buf_1)
                                         _0206_ (net)
                  0.04    0.00    0.56 ^ _2065_/D (sky130_fd_sc_hd__dfrtp_2)
                                  0.56   data arrival time

                  0.15    0.00    0.00   clock clk (rise edge)
                          0.00    0.00   clock network delay (ideal)
                          0.25    0.25   clock uncertainty
                          0.00    0.25   clock reconvergence pessimism
                                  0.25 ^ _2065_/CLK (sky130_fd_sc_hd__dfrtp_2)
                         -0.02    0.23   library hold time
                                  0.23   data required time
-----------------------------------------------------------------------------
                                  0.23   data required time
                                 -0.56   data arrival time
-----------------------------------------------------------------------------
                                  0.33   slack (MET)


Startpoint: _2067_ (rising edge-triggered flip-flop clocked by clk)
Endpoint: _2067_ (rising edge-triggered flip-flop clocked by clk)
Path Group: clk
Path Type: min

Fanout     Cap    Slew   Delay    Time   Description
-----------------------------------------------------------------------------
                  0.15    0.00    0.00   clock clk (rise edge)
                          0.00    0.00   clock network delay (ideal)
                  0.15    0.00    0.00 ^ _2067_/CLK (sky130_fd_sc_hd__dfrtp_2)
     3    0.01    0.06    0.37    0.37 ^ _2067_/Q (sky130_fd_sc_hd__dfrtp_2)
                                         rf_inst.registers[10][13] (net)
                  0.06    0.00    0.37 ^ _1706_/A (sky130_fd_sc_hd__and2_2)
     1    0.00    0.03    0.12    0.49 ^ _1706_/X (sky130_fd_sc_hd__and2_2)
                                         _0904_ (net)
                  0.03    0.00    0.49 ^ _1707_/A (sky130_fd_sc_hd__buf_1)
     1    0.00    0.04    0.07    0.56 ^ _1707_/X (sky130_fd_sc_hd__buf_1)
                                         _0208_ (net)
                  0.04    0.00    0.56 ^ _2067_/D (sky130_fd_sc_hd__dfrtp_2)
                                  0.56   data arrival time

                  0.15    0.00    0.00   clock clk (rise edge)
                          0.00    0.00   clock network delay (ideal)
                          0.25    0.25   clock uncertainty
                          0.00    0.25   clock reconvergence pessimism
                                  0.25 ^ _2067_/CLK (sky130_fd_sc_hd__dfrtp_2)
                         -0.02    0.23   library hold time
                                  0.23   data required time
-----------------------------------------------------------------------------
                                  0.23   data required time
                                 -0.56   data arrival time
-----------------------------------------------------------------------------
                                  0.33   slack (MET)


Startpoint: _2068_ (rising edge-triggered flip-flop clocked by clk)
Endpoint: _2068_ (rising edge-triggered flip-flop clocked by clk)
Path Group: clk
Path Type: min

Fanout     Cap    Slew   Delay    Time   Description
-----------------------------------------------------------------------------
                  0.15    0.00    0.00   clock clk (rise edge)
                          0.00    0.00   clock network delay (ideal)
                  0.15    0.00    0.00 ^ _2068_/CLK (sky130_fd_sc_hd__dfrtp_2)
     3    0.01    0.06    0.37    0.37 ^ _2068_/Q (sky130_fd_sc_hd__dfrtp_2)
                                         rf_inst.registers[10][14] (net)
                  0.06    0.00    0.37 ^ _1704_/A (sky130_fd_sc_hd__and2_2)
     1    0.00    0.03    0.12    0.49 ^ _1704_/X (sky130_fd_sc_hd__and2_2)
                                         _0903_ (net)
                  0.03    0.00    0.49 ^ _1705_/A (sky130_fd_sc_hd__buf_1)
     1    0.00    0.04    0.07    0.56 ^ _1705_/X (sky130_fd_sc_hd__buf_1)
                                         _0209_ (net)
                  0.04    0.00    0.56 ^ _2068_/D (sky130_fd_sc_hd__dfrtp_2)
                                  0.56   data arrival time

                  0.15    0.00    0.00   clock clk (rise edge)
                          0.00    0.00   clock network delay (ideal)
                          0.25    0.25   clock uncertainty
                          0.00    0.25   clock reconvergence pessimism
                                  0.25 ^ _2068_/CLK (sky130_fd_sc_hd__dfrtp_2)
                         -0.02    0.23   library hold time
                                  0.23   data required time
-----------------------------------------------------------------------------
                                  0.23   data required time
                                 -0.56   data arrival time
-----------------------------------------------------------------------------
                                  0.33   slack (MET)


Startpoint: _2069_ (rising edge-triggered flip-flop clocked by clk)
Endpoint: _2069_ (rising edge-triggered flip-flop clocked by clk)
Path Group: clk
Path Type: min

Fanout     Cap    Slew   Delay    Time   Description
-----------------------------------------------------------------------------
                  0.15    0.00    0.00   clock clk (rise edge)
                          0.00    0.00   clock network delay (ideal)
                  0.15    0.00    0.00 ^ _2069_/CLK (sky130_fd_sc_hd__dfrtp_2)
     3    0.01    0.06    0.37    0.37 ^ _2069_/Q (sky130_fd_sc_hd__dfrtp_2)
                                         rf_inst.registers[10][15] (net)
                  0.06    0.00    0.37 ^ _1702_/A (sky130_fd_sc_hd__and2_2)
     1    0.00    0.03    0.12    0.49 ^ _1702_/X (sky130_fd_sc_hd__and2_2)
                                         _0902_ (net)
                  0.03    0.00    0.49 ^ _1703_/A (sky130_fd_sc_hd__buf_1)
     1    0.00    0.04    0.07    0.56 ^ _1703_/X (sky130_fd_sc_hd__buf_1)
                                         _0210_ (net)
                  0.04    0.00    0.56 ^ _2069_/D (sky130_fd_sc_hd__dfrtp_2)
                                  0.56   data arrival time

                  0.15    0.00    0.00   clock clk (rise edge)
                          0.00    0.00   clock network delay (ideal)
                          0.25    0.25   clock uncertainty
                          0.00    0.25   clock reconvergence pessimism
                                  0.25 ^ _2069_/CLK (sky130_fd_sc_hd__dfrtp_2)
                         -0.02    0.23   library hold time
                                  0.23   data required time
-----------------------------------------------------------------------------
                                  0.23   data required time
                                 -0.56   data arrival time
-----------------------------------------------------------------------------
                                  0.33   slack (MET)


Startpoint: _2071_ (rising edge-triggered flip-flop clocked by clk)
Endpoint: _2071_ (rising edge-triggered flip-flop clocked by clk)
Path Group: clk
Path Type: min

Fanout     Cap    Slew   Delay    Time   Description
-----------------------------------------------------------------------------
                  0.15    0.00    0.00   clock clk (rise edge)
                          0.00    0.00   clock network delay (ideal)
                  0.15    0.00    0.00 ^ _2071_/CLK (sky130_fd_sc_hd__dfrtp_2)
     3    0.01    0.06    0.37    0.37 ^ _2071_/Q (sky130_fd_sc_hd__dfrtp_2)
                                         rf_inst.registers[10][17] (net)
                  0.06    0.00    0.37 ^ _1698_/A (sky130_fd_sc_hd__and2_2)
     1    0.00    0.03    0.12    0.49 ^ _1698_/X (sky130_fd_sc_hd__and2_2)
                                         _0900_ (net)
                  0.03    0.00    0.49 ^ _1699_/A (sky130_fd_sc_hd__buf_1)
     1    0.00    0.04    0.07    0.56 ^ _1699_/X (sky130_fd_sc_hd__buf_1)
                                         _0212_ (net)
                  0.04    0.00    0.56 ^ _2071_/D (sky130_fd_sc_hd__dfrtp_2)
                                  0.56   data arrival time

                  0.15    0.00    0.00   clock clk (rise edge)
                          0.00    0.00   clock network delay (ideal)
                          0.25    0.25   clock uncertainty
                          0.00    0.25   clock reconvergence pessimism
                                  0.25 ^ _2071_/CLK (sky130_fd_sc_hd__dfrtp_2)
                         -0.02    0.23   library hold time
                                  0.23   data required time
-----------------------------------------------------------------------------
                                  0.23   data required time
                                 -0.56   data arrival time
-----------------------------------------------------------------------------
                                  0.33   slack (MET)


Startpoint: _2073_ (rising edge-triggered flip-flop clocked by clk)
Endpoint: _2073_ (rising edge-triggered flip-flop clocked by clk)
Path Group: clk
Path Type: min

Fanout     Cap    Slew   Delay    Time   Description
-----------------------------------------------------------------------------
                  0.15    0.00    0.00   clock clk (rise edge)
                          0.00    0.00   clock network delay (ideal)
                  0.15    0.00    0.00 ^ _2073_/CLK (sky130_fd_sc_hd__dfrtp_2)
     3    0.01    0.06    0.37    0.37 ^ _2073_/Q (sky130_fd_sc_hd__dfrtp_2)
                                         rf_inst.registers[10][19] (net)
                  0.06    0.00    0.37 ^ _1694_/A (sky130_fd_sc_hd__and2_2)
     1    0.00    0.03    0.12    0.49 ^ _1694_/X (sky130_fd_sc_hd__and2_2)
                                         _0898_ (net)
                  0.03    0.00    0.49 ^ _1695_/A (sky130_fd_sc_hd__buf_1)
     1    0.00    0.04    0.07    0.56 ^ _1695_/X (sky130_fd_sc_hd__buf_1)
                                         _0214_ (net)
                  0.04    0.00    0.56 ^ _2073_/D (sky130_fd_sc_hd__dfrtp_2)
                                  0.56   data arrival time

                  0.15    0.00    0.00   clock clk (rise edge)
                          0.00    0.00   clock network delay (ideal)
                          0.25    0.25   clock uncertainty
                          0.00    0.25   clock reconvergence pessimism
                                  0.25 ^ _2073_/CLK (sky130_fd_sc_hd__dfrtp_2)
                         -0.02    0.23   library hold time
                                  0.23   data required time
-----------------------------------------------------------------------------
                                  0.23   data required time
                                 -0.56   data arrival time
-----------------------------------------------------------------------------
                                  0.33   slack (MET)


Startpoint: _2079_ (rising edge-triggered flip-flop clocked by clk)
Endpoint: _2079_ (rising edge-triggered flip-flop clocked by clk)
Path Group: clk
Path Type: min

Fanout     Cap    Slew   Delay    Time   Description
-----------------------------------------------------------------------------
                  0.15    0.00    0.00   clock clk (rise edge)
                          0.00    0.00   clock network delay (ideal)
                  0.15    0.00    0.00 ^ _2079_/CLK (sky130_fd_sc_hd__dfrtp_2)
     3    0.01    0.06    0.37    0.37 ^ _2079_/Q (sky130_fd_sc_hd__dfrtp_2)
                                         rf_inst.registers[10][25] (net)
                  0.06    0.00    0.37 ^ _1681_/A (sky130_fd_sc_hd__and2_2)
     1    0.00    0.03    0.12    0.49 ^ _1681_/X (sky130_fd_sc_hd__and2_2)
                                         _0891_ (net)
                  0.03    0.00    0.49 ^ _1682_/A (sky130_fd_sc_hd__buf_1)
     1    0.00    0.04    0.07    0.56 ^ _1682_/X (sky130_fd_sc_hd__buf_1)
                                         _0220_ (net)
                  0.04    0.00    0.56 ^ _2079_/D (sky130_fd_sc_hd__dfrtp_2)
                                  0.56   data arrival time

                  0.15    0.00    0.00   clock clk (rise edge)
                          0.00    0.00   clock network delay (ideal)
                          0.25    0.25   clock uncertainty
                          0.00    0.25   clock reconvergence pessimism
                                  0.25 ^ _2079_/CLK (sky130_fd_sc_hd__dfrtp_2)
                         -0.02    0.23   library hold time
                                  0.23   data required time
-----------------------------------------------------------------------------
                                  0.23   data required time
                                 -0.56   data arrival time
-----------------------------------------------------------------------------
                                  0.33   slack (MET)


Startpoint: _2081_ (rising edge-triggered flip-flop clocked by clk)
Endpoint: _2081_ (rising edge-triggered flip-flop clocked by clk)
Path Group: clk
Path Type: min

Fanout     Cap    Slew   Delay    Time   Description
-----------------------------------------------------------------------------
                  0.15    0.00    0.00   clock clk (rise edge)
                          0.00    0.00   clock network delay (ideal)
                  0.15    0.00    0.00 ^ _2081_/CLK (sky130_fd_sc_hd__dfrtp_2)
     3    0.01    0.06    0.37    0.37 ^ _2081_/Q (sky130_fd_sc_hd__dfrtp_2)
                                         rf_inst.registers[10][27] (net)
                  0.06    0.00    0.37 ^ _1677_/A (sky130_fd_sc_hd__and2_2)
     1    0.00    0.03    0.12    0.49 ^ _1677_/X (sky130_fd_sc_hd__and2_2)
                                         _0889_ (net)
                  0.03    0.00    0.49 ^ _1678_/A (sky130_fd_sc_hd__buf_1)
     1    0.00    0.04    0.07    0.56 ^ _1678_/X (sky130_fd_sc_hd__buf_1)
                                         _0222_ (net)
                  0.04    0.00    0.56 ^ _2081_/D (sky130_fd_sc_hd__dfrtp_2)
                                  0.56   data arrival time

                  0.15    0.00    0.00   clock clk (rise edge)
                          0.00    0.00   clock network delay (ideal)
                          0.25    0.25   clock uncertainty
                          0.00    0.25   clock reconvergence pessimism
                                  0.25 ^ _2081_/CLK (sky130_fd_sc_hd__dfrtp_2)
                         -0.02    0.23   library hold time
                                  0.23   data required time
-----------------------------------------------------------------------------
                                  0.23   data required time
                                 -0.56   data arrival time
-----------------------------------------------------------------------------
                                  0.33   slack (MET)


Startpoint: _2089_ (rising edge-triggered flip-flop clocked by clk)
Endpoint: _2089_ (rising edge-triggered flip-flop clocked by clk)
Path Group: clk
Path Type: min

Fanout     Cap    Slew   Delay    Time   Description
-----------------------------------------------------------------------------
                  0.15    0.00    0.00   clock clk (rise edge)
                          0.00    0.00   clock network delay (ideal)
                  0.15    0.00    0.00 ^ _2089_/CLK (sky130_fd_sc_hd__dfrtp_2)
     3    0.01    0.06    0.37    0.37 ^ _2089_/Q (sky130_fd_sc_hd__dfrtp_2)
                                         rf_inst.registers[5][3] (net)
                  0.06    0.00    0.37 ^ _1660_/A (sky130_fd_sc_hd__and2_2)
     1    0.00    0.03    0.12    0.49 ^ _1660_/X (sky130_fd_sc_hd__and2_2)
                                         _0880_ (net)
                  0.03    0.00    0.49 ^ _1661_/A (sky130_fd_sc_hd__buf_1)
     1    0.00    0.04    0.07    0.56 ^ _1661_/X (sky130_fd_sc_hd__buf_1)
                                         _0230_ (net)
                  0.04    0.00    0.56 ^ _2089_/D (sky130_fd_sc_hd__dfrtp_2)
                                  0.56   data arrival time

                  0.15    0.00    0.00   clock clk (rise edge)
                          0.00    0.00   clock network delay (ideal)
                          0.25    0.25   clock uncertainty
                          0.00    0.25   clock reconvergence pessimism
                                  0.25 ^ _2089_/CLK (sky130_fd_sc_hd__dfrtp_2)
                         -0.02    0.23   library hold time
                                  0.23   data required time
-----------------------------------------------------------------------------
                                  0.23   data required time
                                 -0.56   data arrival time
-----------------------------------------------------------------------------
                                  0.33   slack (MET)


Startpoint: _2086_ (rising edge-triggered flip-flop clocked by clk)
Endpoint: _2086_ (rising edge-triggered flip-flop clocked by clk)
Path Group: clk
Path Type: min

Fanout     Cap    Slew   Delay    Time   Description
-----------------------------------------------------------------------------
                  0.15    0.00    0.00   clock clk (rise edge)
                          0.00    0.00   clock network delay (ideal)
                  0.15    0.00    0.00 ^ _2086_/CLK (sky130_fd_sc_hd__dfrtp_2)
     3    0.01    0.06    0.37    0.37 ^ _2086_/Q (sky130_fd_sc_hd__dfrtp_2)
                                         rf_inst.registers[5][0] (net)
                  0.06    0.00    0.37 ^ _1665_/A (sky130_fd_sc_hd__and2_2)
     1    0.00    0.03    0.12    0.49 ^ _1665_/X (sky130_fd_sc_hd__and2_2)
                                         _0882_ (net)
                  0.03    0.00    0.49 ^ _1666_/A (sky130_fd_sc_hd__buf_1)
     1    0.00    0.04    0.07    0.56 ^ _1666_/X (sky130_fd_sc_hd__buf_1)
                                         _0227_ (net)
                  0.04    0.00    0.56 ^ _2086_/D (sky130_fd_sc_hd__dfrtp_2)
                                  0.56   data arrival time

                  0.15    0.00    0.00   clock clk (rise edge)
                          0.00    0.00   clock network delay (ideal)
                          0.25    0.25   clock uncertainty
                          0.00    0.25   clock reconvergence pessimism
                                  0.25 ^ _2086_/CLK (sky130_fd_sc_hd__dfrtp_2)
                         -0.02    0.23   library hold time
                                  0.23   data required time
-----------------------------------------------------------------------------
                                  0.23   data required time
                                 -0.56   data arrival time
-----------------------------------------------------------------------------
                                  0.33   slack (MET)


Startpoint: _2088_ (rising edge-triggered flip-flop clocked by clk)
Endpoint: _2088_ (rising edge-triggered flip-flop clocked by clk)
Path Group: clk
Path Type: min

Fanout     Cap    Slew   Delay    Time   Description
-----------------------------------------------------------------------------
                  0.15    0.00    0.00   clock clk (rise edge)
                          0.00    0.00   clock network delay (ideal)
                  0.15    0.00    0.00 ^ _2088_/CLK (sky130_fd_sc_hd__dfrtp_2)
     3    0.01    0.06    0.37    0.37 ^ _2088_/Q (sky130_fd_sc_hd__dfrtp_2)
                                         rf_inst.registers[5][2] (net)
                  0.06    0.00    0.37 ^ _1662_/A (sky130_fd_sc_hd__and2_2)
     1    0.00    0.03    0.12    0.49 ^ _1662_/X (sky130_fd_sc_hd__and2_2)
                                         _0881_ (net)
                  0.03    0.00    0.49 ^ _1663_/A (sky130_fd_sc_hd__buf_1)
     1    0.00    0.04    0.07    0.56 ^ _1663_/X (sky130_fd_sc_hd__buf_1)
                                         _0229_ (net)
                  0.04    0.00    0.56 ^ _2088_/D (sky130_fd_sc_hd__dfrtp_2)
                                  0.56   data arrival time

                  0.15    0.00    0.00   clock clk (rise edge)
                          0.00    0.00   clock network delay (ideal)
                          0.25    0.25   clock uncertainty
                          0.00    0.25   clock reconvergence pessimism
                                  0.25 ^ _2088_/CLK (sky130_fd_sc_hd__dfrtp_2)
                         -0.02    0.23   library hold time
                                  0.23   data required time
-----------------------------------------------------------------------------
                                  0.23   data required time
                                 -0.56   data arrival time
-----------------------------------------------------------------------------
                                  0.33   slack (MET)


Startpoint: _2027_ (rising edge-triggered flip-flop clocked by clk)
Endpoint: _2027_ (rising edge-triggered flip-flop clocked by clk)
Path Group: clk
Path Type: min

Fanout     Cap    Slew   Delay    Time   Description
-----------------------------------------------------------------------------
                  0.15    0.00    0.00   clock clk (rise edge)
                          0.00    0.00   clock network delay (ideal)
                  0.15    0.00    0.00 ^ _2027_/CLK (sky130_fd_sc_hd__dfrtp_2)
     3    0.01    0.07    0.38    0.38 ^ _2027_/Q (sky130_fd_sc_hd__dfrtp_2)
                                         rf_inst.registers[25][5] (net)
                  0.07    0.00    0.38 ^ _1788_/A0 (sky130_fd_sc_hd__mux2_2)
     1    0.00    0.03    0.13    0.51 ^ _1788_/X (sky130_fd_sc_hd__mux2_2)
                                         _0946_ (net)
                  0.03    0.00    0.51 ^ _1789_/A (sky130_fd_sc_hd__buf_1)
     1    0.00    0.04    0.07    0.57 ^ _1789_/X (sky130_fd_sc_hd__buf_1)
                                         _0168_ (net)
                  0.04    0.00    0.57 ^ _2027_/D (sky130_fd_sc_hd__dfrtp_2)
                                  0.57   data arrival time

                  0.15    0.00    0.00   clock clk (rise edge)
                          0.00    0.00   clock network delay (ideal)
                          0.25    0.25   clock uncertainty
                          0.00    0.25   clock reconvergence pessimism
                                  0.25 ^ _2027_/CLK (sky130_fd_sc_hd__dfrtp_2)
                         -0.02    0.23   library hold time
                                  0.23   data required time
-----------------------------------------------------------------------------
                                  0.23   data required time
                                 -0.57   data arrival time
-----------------------------------------------------------------------------
                                  0.34   slack (MET)


Startpoint: _2029_ (rising edge-triggered flip-flop clocked by clk)
Endpoint: _2029_ (rising edge-triggered flip-flop clocked by clk)
Path Group: clk
Path Type: min

Fanout     Cap    Slew   Delay    Time   Description
-----------------------------------------------------------------------------
                  0.15    0.00    0.00   clock clk (rise edge)
                          0.00    0.00   clock network delay (ideal)
                  0.15    0.00    0.00 ^ _2029_/CLK (sky130_fd_sc_hd__dfrtp_2)
     3    0.01    0.07    0.38    0.38 ^ _2029_/Q (sky130_fd_sc_hd__dfrtp_2)
                                         rf_inst.registers[25][7] (net)
                  0.07    0.00    0.38 ^ _1784_/A0 (sky130_fd_sc_hd__mux2_2)
     1    0.00    0.03    0.13    0.51 ^ _1784_/X (sky130_fd_sc_hd__mux2_2)
                                         _0944_ (net)
                  0.03    0.00    0.51 ^ _1785_/A (sky130_fd_sc_hd__buf_1)
     1    0.00    0.04    0.07    0.57 ^ _1785_/X (sky130_fd_sc_hd__buf_1)
                                         _0170_ (net)
                  0.04    0.00    0.57 ^ _2029_/D (sky130_fd_sc_hd__dfrtp_2)
                                  0.57   data arrival time

                  0.15    0.00    0.00   clock clk (rise edge)
                          0.00    0.00   clock network delay (ideal)
                          0.25    0.25   clock uncertainty
                          0.00    0.25   clock reconvergence pessimism
                                  0.25 ^ _2029_/CLK (sky130_fd_sc_hd__dfrtp_2)
                         -0.02    0.23   library hold time
                                  0.23   data required time
-----------------------------------------------------------------------------
                                  0.23   data required time
                                 -0.57   data arrival time
-----------------------------------------------------------------------------
                                  0.34   slack (MET)


Startpoint: _2031_ (rising edge-triggered flip-flop clocked by clk)
Endpoint: _2031_ (rising edge-triggered flip-flop clocked by clk)
Path Group: clk
Path Type: min

Fanout     Cap    Slew   Delay    Time   Description
-----------------------------------------------------------------------------
                  0.15    0.00    0.00   clock clk (rise edge)
                          0.00    0.00   clock network delay (ideal)
                  0.15    0.00    0.00 ^ _2031_/CLK (sky130_fd_sc_hd__dfrtp_2)
     3    0.01    0.07    0.38    0.38 ^ _2031_/Q (sky130_fd_sc_hd__dfrtp_2)
                                         rf_inst.registers[25][9] (net)
                  0.07    0.00    0.38 ^ _1780_/A0 (sky130_fd_sc_hd__mux2_2)
     1    0.00    0.03    0.13    0.51 ^ _1780_/X (sky130_fd_sc_hd__mux2_2)
                                         _0942_ (net)
                  0.03    0.00    0.51 ^ _1781_/A (sky130_fd_sc_hd__buf_1)
     1    0.00    0.04    0.07    0.57 ^ _1781_/X (sky130_fd_sc_hd__buf_1)
                                         _0172_ (net)
                  0.04    0.00    0.57 ^ _2031_/D (sky130_fd_sc_hd__dfrtp_2)
                                  0.57   data arrival time

                  0.15    0.00    0.00   clock clk (rise edge)
                          0.00    0.00   clock network delay (ideal)
                          0.25    0.25   clock uncertainty
                          0.00    0.25   clock reconvergence pessimism
                                  0.25 ^ _2031_/CLK (sky130_fd_sc_hd__dfrtp_2)
                         -0.02    0.23   library hold time
                                  0.23   data required time
-----------------------------------------------------------------------------
                                  0.23   data required time
                                 -0.57   data arrival time
-----------------------------------------------------------------------------
                                  0.34   slack (MET)


Startpoint: _2032_ (rising edge-triggered flip-flop clocked by clk)
Endpoint: _2032_ (rising edge-triggered flip-flop clocked by clk)
Path Group: clk
Path Type: min

Fanout     Cap    Slew   Delay    Time   Description
-----------------------------------------------------------------------------
                  0.15    0.00    0.00   clock clk (rise edge)
                          0.00    0.00   clock network delay (ideal)
                  0.15    0.00    0.00 ^ _2032_/CLK (sky130_fd_sc_hd__dfrtp_2)
     3    0.01    0.07    0.38    0.38 ^ _2032_/Q (sky130_fd_sc_hd__dfrtp_2)
                                         rf_inst.registers[25][10] (net)
                  0.07    0.00    0.38 ^ _1778_/A0 (sky130_fd_sc_hd__mux2_2)
     1    0.00    0.03    0.13    0.51 ^ _1778_/X (sky130_fd_sc_hd__mux2_2)
                                         _0941_ (net)
                  0.03    0.00    0.51 ^ _1779_/A (sky130_fd_sc_hd__buf_1)
     1    0.00    0.04    0.07    0.57 ^ _1779_/X (sky130_fd_sc_hd__buf_1)
                                         _0173_ (net)
                  0.04    0.00    0.57 ^ _2032_/D (sky130_fd_sc_hd__dfrtp_2)
                                  0.57   data arrival time

                  0.15    0.00    0.00   clock clk (rise edge)
                          0.00    0.00   clock network delay (ideal)
                          0.25    0.25   clock uncertainty
                          0.00    0.25   clock reconvergence pessimism
                                  0.25 ^ _2032_/CLK (sky130_fd_sc_hd__dfrtp_2)
                         -0.02    0.23   library hold time
                                  0.23   data required time
-----------------------------------------------------------------------------
                                  0.23   data required time
                                 -0.57   data arrival time
-----------------------------------------------------------------------------
                                  0.34   slack (MET)


Startpoint: _2033_ (rising edge-triggered flip-flop clocked by clk)
Endpoint: _2033_ (rising edge-triggered flip-flop clocked by clk)
Path Group: clk
Path Type: min

Fanout     Cap    Slew   Delay    Time   Description
-----------------------------------------------------------------------------
                  0.15    0.00    0.00   clock clk (rise edge)
                          0.00    0.00   clock network delay (ideal)
                  0.15    0.00    0.00 ^ _2033_/CLK (sky130_fd_sc_hd__dfrtp_2)
     3    0.01    0.07    0.38    0.38 ^ _2033_/Q (sky130_fd_sc_hd__dfrtp_2)
                                         rf_inst.registers[25][11] (net)
                  0.07    0.00    0.38 ^ _1776_/A0 (sky130_fd_sc_hd__mux2_2)
     1    0.00    0.03    0.13    0.51 ^ _1776_/X (sky130_fd_sc_hd__mux2_2)
                                         _0940_ (net)
                  0.03    0.00    0.51 ^ _1777_/A (sky130_fd_sc_hd__buf_1)
     1    0.00    0.04    0.07    0.57 ^ _1777_/X (sky130_fd_sc_hd__buf_1)
                                         _0174_ (net)
                  0.04    0.00    0.57 ^ _2033_/D (sky130_fd_sc_hd__dfrtp_2)
                                  0.57   data arrival time

                  0.15    0.00    0.00   clock clk (rise edge)
                          0.00    0.00   clock network delay (ideal)
                          0.25    0.25   clock uncertainty
                          0.00    0.25   clock reconvergence pessimism
                                  0.25 ^ _2033_/CLK (sky130_fd_sc_hd__dfrtp_2)
                         -0.02    0.23   library hold time
                                  0.23   data required time
-----------------------------------------------------------------------------
                                  0.23   data required time
                                 -0.57   data arrival time
-----------------------------------------------------------------------------
                                  0.34   slack (MET)


Startpoint: _2035_ (rising edge-triggered flip-flop clocked by clk)
Endpoint: _2035_ (rising edge-triggered flip-flop clocked by clk)
Path Group: clk
Path Type: min

Fanout     Cap    Slew   Delay    Time   Description
-----------------------------------------------------------------------------
                  0.15    0.00    0.00   clock clk (rise edge)
                          0.00    0.00   clock network delay (ideal)
                  0.15    0.00    0.00 ^ _2035_/CLK (sky130_fd_sc_hd__dfrtp_2)
     3    0.01    0.07    0.38    0.38 ^ _2035_/Q (sky130_fd_sc_hd__dfrtp_2)
                                         rf_inst.registers[25][13] (net)
                  0.07    0.00    0.38 ^ _1771_/A0 (sky130_fd_sc_hd__mux2_2)
     1    0.00    0.03    0.13    0.51 ^ _1771_/X (sky130_fd_sc_hd__mux2_2)
                                         _0937_ (net)
                  0.03    0.00    0.51 ^ _1772_/A (sky130_fd_sc_hd__buf_1)
     1    0.00    0.04    0.07    0.57 ^ _1772_/X (sky130_fd_sc_hd__buf_1)
                                         _0176_ (net)
                  0.04    0.00    0.57 ^ _2035_/D (sky130_fd_sc_hd__dfrtp_2)
                                  0.57   data arrival time

                  0.15    0.00    0.00   clock clk (rise edge)
                          0.00    0.00   clock network delay (ideal)
                          0.25    0.25   clock uncertainty
                          0.00    0.25   clock reconvergence pessimism
                                  0.25 ^ _2035_/CLK (sky130_fd_sc_hd__dfrtp_2)
                         -0.02    0.23   library hold time
                                  0.23   data required time
-----------------------------------------------------------------------------
                                  0.23   data required time
                                 -0.57   data arrival time
-----------------------------------------------------------------------------
                                  0.34   slack (MET)


Startpoint: _2036_ (rising edge-triggered flip-flop clocked by clk)
Endpoint: _2036_ (rising edge-triggered flip-flop clocked by clk)
Path Group: clk
Path Type: min

Fanout     Cap    Slew   Delay    Time   Description
-----------------------------------------------------------------------------
                  0.15    0.00    0.00   clock clk (rise edge)
                          0.00    0.00   clock network delay (ideal)
                  0.15    0.00    0.00 ^ _2036_/CLK (sky130_fd_sc_hd__dfrtp_2)
     3    0.01    0.07    0.38    0.38 ^ _2036_/Q (sky130_fd_sc_hd__dfrtp_2)
                                         rf_inst.registers[25][14] (net)
                  0.07    0.00    0.38 ^ _1769_/A0 (sky130_fd_sc_hd__mux2_2)
     1    0.00    0.03    0.13    0.51 ^ _1769_/X (sky130_fd_sc_hd__mux2_2)
                                         _0936_ (net)
                  0.03    0.00    0.51 ^ _1770_/A (sky130_fd_sc_hd__buf_1)
     1    0.00    0.04    0.07    0.57 ^ _1770_/X (sky130_fd_sc_hd__buf_1)
                                         _0177_ (net)
                  0.04    0.00    0.57 ^ _2036_/D (sky130_fd_sc_hd__dfrtp_2)
                                  0.57   data arrival time

                  0.15    0.00    0.00   clock clk (rise edge)
                          0.00    0.00   clock network delay (ideal)
                          0.25    0.25   clock uncertainty
                          0.00    0.25   clock reconvergence pessimism
                                  0.25 ^ _2036_/CLK (sky130_fd_sc_hd__dfrtp_2)
                         -0.02    0.23   library hold time
                                  0.23   data required time
-----------------------------------------------------------------------------
                                  0.23   data required time
                                 -0.57   data arrival time
-----------------------------------------------------------------------------
                                  0.34   slack (MET)


Startpoint: _2037_ (rising edge-triggered flip-flop clocked by clk)
Endpoint: _2037_ (rising edge-triggered flip-flop clocked by clk)
Path Group: clk
Path Type: min

Fanout     Cap    Slew   Delay    Time   Description
-----------------------------------------------------------------------------
                  0.15    0.00    0.00   clock clk (rise edge)
                          0.00    0.00   clock network delay (ideal)
                  0.15    0.00    0.00 ^ _2037_/CLK (sky130_fd_sc_hd__dfrtp_2)
     3    0.01    0.07    0.38    0.38 ^ _2037_/Q (sky130_fd_sc_hd__dfrtp_2)
                                         rf_inst.registers[25][15] (net)
                  0.07    0.00    0.38 ^ _1767_/A0 (sky130_fd_sc_hd__mux2_2)
     1    0.00    0.03    0.13    0.51 ^ _1767_/X (sky130_fd_sc_hd__mux2_2)
                                         _0935_ (net)
                  0.03    0.00    0.51 ^ _1768_/A (sky130_fd_sc_hd__buf_1)
     1    0.00    0.04    0.07    0.57 ^ _1768_/X (sky130_fd_sc_hd__buf_1)
                                         _0178_ (net)
                  0.04    0.00    0.57 ^ _2037_/D (sky130_fd_sc_hd__dfrtp_2)
                                  0.57   data arrival time

                  0.15    0.00    0.00   clock clk (rise edge)
                          0.00    0.00   clock network delay (ideal)
                          0.25    0.25   clock uncertainty
                          0.00    0.25   clock reconvergence pessimism
                                  0.25 ^ _2037_/CLK (sky130_fd_sc_hd__dfrtp_2)
                         -0.02    0.23   library hold time
                                  0.23   data required time
-----------------------------------------------------------------------------
                                  0.23   data required time
                                 -0.57   data arrival time
-----------------------------------------------------------------------------
                                  0.34   slack (MET)


Startpoint: _2039_ (rising edge-triggered flip-flop clocked by clk)
Endpoint: _2039_ (rising edge-triggered flip-flop clocked by clk)
Path Group: clk
Path Type: min

Fanout     Cap    Slew   Delay    Time   Description
-----------------------------------------------------------------------------
                  0.15    0.00    0.00   clock clk (rise edge)
                          0.00    0.00   clock network delay (ideal)
                  0.15    0.00    0.00 ^ _2039_/CLK (sky130_fd_sc_hd__dfrtp_2)
     3    0.01    0.07    0.38    0.38 ^ _2039_/Q (sky130_fd_sc_hd__dfrtp_2)
                                         rf_inst.registers[25][17] (net)
                  0.07    0.00    0.38 ^ _1763_/A0 (sky130_fd_sc_hd__mux2_2)
     1    0.00    0.03    0.13    0.51 ^ _1763_/X (sky130_fd_sc_hd__mux2_2)
                                         _0933_ (net)
                  0.03    0.00    0.51 ^ _1764_/A (sky130_fd_sc_hd__buf_1)
     1    0.00    0.04    0.07    0.57 ^ _1764_/X (sky130_fd_sc_hd__buf_1)
                                         _0180_ (net)
                  0.04    0.00    0.57 ^ _2039_/D (sky130_fd_sc_hd__dfrtp_2)
                                  0.57   data arrival time

                  0.15    0.00    0.00   clock clk (rise edge)
                          0.00    0.00   clock network delay (ideal)
                          0.25    0.25   clock uncertainty
                          0.00    0.25   clock reconvergence pessimism
                                  0.25 ^ _2039_/CLK (sky130_fd_sc_hd__dfrtp_2)
                         -0.02    0.23   library hold time
                                  0.23   data required time
-----------------------------------------------------------------------------
                                  0.23   data required time
                                 -0.57   data arrival time
-----------------------------------------------------------------------------
                                  0.34   slack (MET)


Startpoint: _2041_ (rising edge-triggered flip-flop clocked by clk)
Endpoint: _2041_ (rising edge-triggered flip-flop clocked by clk)
Path Group: clk
Path Type: min

Fanout     Cap    Slew   Delay    Time   Description
-----------------------------------------------------------------------------
                  0.15    0.00    0.00   clock clk (rise edge)
                          0.00    0.00   clock network delay (ideal)
                  0.15    0.00    0.00 ^ _2041_/CLK (sky130_fd_sc_hd__dfrtp_2)
     3    0.01    0.07    0.38    0.38 ^ _2041_/Q (sky130_fd_sc_hd__dfrtp_2)
                                         rf_inst.registers[25][19] (net)
                  0.07    0.00    0.38 ^ _1759_/A0 (sky130_fd_sc_hd__mux2_2)
     1    0.00    0.03    0.13    0.51 ^ _1759_/X (sky130_fd_sc_hd__mux2_2)
                                         _0931_ (net)
                  0.03    0.00    0.51 ^ _1760_/A (sky130_fd_sc_hd__buf_1)
     1    0.00    0.04    0.07    0.57 ^ _1760_/X (sky130_fd_sc_hd__buf_1)
                                         _0182_ (net)
                  0.04    0.00    0.57 ^ _2041_/D (sky130_fd_sc_hd__dfrtp_2)
                                  0.57   data arrival time

                  0.15    0.00    0.00   clock clk (rise edge)
                          0.00    0.00   clock network delay (ideal)
                          0.25    0.25   clock uncertainty
                          0.00    0.25   clock reconvergence pessimism
                                  0.25 ^ _2041_/CLK (sky130_fd_sc_hd__dfrtp_2)
                         -0.02    0.23   library hold time
                                  0.23   data required time
-----------------------------------------------------------------------------
                                  0.23   data required time
                                 -0.57   data arrival time
-----------------------------------------------------------------------------
                                  0.34   slack (MET)


Startpoint: _2047_ (rising edge-triggered flip-flop clocked by clk)
Endpoint: _2047_ (rising edge-triggered flip-flop clocked by clk)
Path Group: clk
Path Type: min

Fanout     Cap    Slew   Delay    Time   Description
-----------------------------------------------------------------------------
                  0.15    0.00    0.00   clock clk (rise edge)
                          0.00    0.00   clock network delay (ideal)
                  0.15    0.00    0.00 ^ _2047_/CLK (sky130_fd_sc_hd__dfrtp_2)
     3    0.01    0.07    0.38    0.38 ^ _2047_/Q (sky130_fd_sc_hd__dfrtp_2)
                                         rf_inst.registers[25][25] (net)
                  0.07    0.00    0.38 ^ _1746_/A0 (sky130_fd_sc_hd__mux2_2)
     1    0.00    0.03    0.13    0.51 ^ _1746_/X (sky130_fd_sc_hd__mux2_2)
                                         _0924_ (net)
                  0.03    0.00    0.51 ^ _1747_/A (sky130_fd_sc_hd__buf_1)
     1    0.00    0.04    0.07    0.57 ^ _1747_/X (sky130_fd_sc_hd__buf_1)
                                         _0188_ (net)
                  0.04    0.00    0.57 ^ _2047_/D (sky130_fd_sc_hd__dfrtp_2)
                                  0.57   data arrival time

                  0.15    0.00    0.00   clock clk (rise edge)
                          0.00    0.00   clock network delay (ideal)
                          0.25    0.25   clock uncertainty
                          0.00    0.25   clock reconvergence pessimism
                                  0.25 ^ _2047_/CLK (sky130_fd_sc_hd__dfrtp_2)
                         -0.02    0.23   library hold time
                                  0.23   data required time
-----------------------------------------------------------------------------
                                  0.23   data required time
                                 -0.57   data arrival time
-----------------------------------------------------------------------------
                                  0.34   slack (MET)


Startpoint: _2049_ (rising edge-triggered flip-flop clocked by clk)
Endpoint: _2049_ (rising edge-triggered flip-flop clocked by clk)
Path Group: clk
Path Type: min

Fanout     Cap    Slew   Delay    Time   Description
-----------------------------------------------------------------------------
                  0.15    0.00    0.00   clock clk (rise edge)
                          0.00    0.00   clock network delay (ideal)
                  0.15    0.00    0.00 ^ _2049_/CLK (sky130_fd_sc_hd__dfrtp_2)
     3    0.01    0.07    0.38    0.38 ^ _2049_/Q (sky130_fd_sc_hd__dfrtp_2)
                                         rf_inst.registers[25][27] (net)
                  0.07    0.00    0.38 ^ _1742_/A0 (sky130_fd_sc_hd__mux2_2)
     1    0.00    0.03    0.13    0.51 ^ _1742_/X (sky130_fd_sc_hd__mux2_2)
                                         _0922_ (net)
                  0.03    0.00    0.51 ^ _1743_/A (sky130_fd_sc_hd__buf_1)
     1    0.00    0.04    0.07    0.57 ^ _1743_/X (sky130_fd_sc_hd__buf_1)
                                         _0190_ (net)
                  0.04    0.00    0.57 ^ _2049_/D (sky130_fd_sc_hd__dfrtp_2)
                                  0.57   data arrival time

                  0.15    0.00    0.00   clock clk (rise edge)
                          0.00    0.00   clock network delay (ideal)
                          0.25    0.25   clock uncertainty
                          0.00    0.25   clock reconvergence pessimism
                                  0.25 ^ _2049_/CLK (sky130_fd_sc_hd__dfrtp_2)
                         -0.02    0.23   library hold time
                                  0.23   data required time
-----------------------------------------------------------------------------
                                  0.23   data required time
                                 -0.57   data arrival time
-----------------------------------------------------------------------------
                                  0.34   slack (MET)


Startpoint: _2118_ (rising edge-triggered flip-flop clocked by clk)
Endpoint: _2119_ (rising edge-triggered flip-flop clocked by clk)
Path Group: clk
Path Type: min

Fanout     Cap    Slew   Delay    Time   Description
-----------------------------------------------------------------------------
                  0.15    0.00    0.00   clock clk (rise edge)
                          0.00    0.00   clock network delay (ideal)
                  0.15    0.00    0.00 ^ _2118_/CLK (sky130_fd_sc_hd__dfrtp_2)
     8    0.02    0.08    0.45    0.45 v _2118_/Q (sky130_fd_sc_hd__dfrtp_2)
                                         imem_inst.pc[0] (net)
                  0.08    0.00    0.45 v _0987_/B (sky130_fd_sc_hd__nand2_2)
     2    0.01    0.06    0.09    0.54 ^ _0987_/Y (sky130_fd_sc_hd__nand2_2)
                                         _0269_ (net)
                  0.06    0.00    0.54 ^ _0988_/B (sky130_fd_sc_hd__xnor2_2)
     1    0.00    0.03    0.05    0.59 v _0988_/Y (sky130_fd_sc_hd__xnor2_2)
                                         _0260_ (net)
                  0.03    0.00    0.59 v _2119_/D (sky130_fd_sc_hd__dfrtp_2)
                                  0.59   data arrival time

                  0.15    0.00    0.00   clock clk (rise edge)
                          0.00    0.00   clock network delay (ideal)
                          0.25    0.25   clock uncertainty
                          0.00    0.25   clock reconvergence pessimism
                                  0.25 ^ _2119_/CLK (sky130_fd_sc_hd__dfrtp_2)
                         -0.01    0.24   library hold time
                                  0.24   data required time
-----------------------------------------------------------------------------
                                  0.24   data required time
                                 -0.59   data arrival time
-----------------------------------------------------------------------------
                                  0.35   slack (MET)


Startpoint: _2120_ (rising edge-triggered flip-flop clocked by clk)
Endpoint: _2120_ (rising edge-triggered flip-flop clocked by clk)
Path Group: clk
Path Type: min

Fanout     Cap    Slew   Delay    Time   Description
-----------------------------------------------------------------------------
                  0.15    0.00    0.00   clock clk (rise edge)
                          0.00    0.00   clock network delay (ideal)
                  0.15    0.00    0.00 ^ _2120_/CLK (sky130_fd_sc_hd__dfrtp_2)
     6    0.02    0.07    0.44    0.44 v _2120_/Q (sky130_fd_sc_hd__dfrtp_2)
                                         imem_inst.pc[2] (net)
                  0.07    0.00    0.44 v _0984_/A (sky130_fd_sc_hd__inv_2)
     6    0.02    0.08    0.09    0.52 ^ _0984_/Y (sky130_fd_sc_hd__inv_2)
                                         _0267_ (net)
                  0.08    0.00    0.52 ^ _0985_/B1 (sky130_fd_sc_hd__a21o_2)
     1    0.00    0.04    0.09    0.62 ^ _0985_/X (sky130_fd_sc_hd__a21o_2)
                                         _0268_ (net)
                  0.04    0.00    0.62 ^ _0986_/B (sky130_fd_sc_hd__nand2_2)
     1    0.00    0.02    0.04    0.65 v _0986_/Y (sky130_fd_sc_hd__nand2_2)
                                         _0261_ (net)
                  0.02    0.00    0.65 v _2120_/D (sky130_fd_sc_hd__dfrtp_2)
                                  0.65   data arrival time

                  0.15    0.00    0.00   clock clk (rise edge)
                          0.00    0.00   clock network delay (ideal)
                          0.25    0.25   clock uncertainty
                          0.00    0.25   clock reconvergence pessimism
                                  0.25 ^ _2120_/CLK (sky130_fd_sc_hd__dfrtp_2)
                         -0.01    0.24   library hold time
                                  0.24   data required time
-----------------------------------------------------------------------------
                                  0.24   data required time
                                 -0.65   data arrival time
-----------------------------------------------------------------------------
                                  0.41   slack (MET)


Startpoint: reset (input port clocked by clk)
Endpoint: _2114_ (removal check against rising-edge clock clk)
Path Group: asynchronous
Path Type: min

Fanout     Cap    Slew   Delay    Time   Description
-----------------------------------------------------------------------------
                  0.15    0.00    0.00   clock clk (rise edge)
                          0.00    0.00   clock network delay (ideal)
                          2.00    2.00 v input external delay
     1    0.00    0.01    0.00    2.00 v reset (in)
                                         reset (net)
                  0.01    0.00    2.00 v _1835_/A (sky130_fd_sc_hd__buf_1)
     4    0.01    0.06    0.09    2.09 v _1835_/X (sky130_fd_sc_hd__buf_1)
                                         _0955_ (net)
                  0.06    0.00    2.09 v _1970_/A (sky130_fd_sc_hd__buf_1)
     2    0.00    0.03    0.09    2.19 v _1970_/X (sky130_fd_sc_hd__buf_1)
                                         _0976_ (net)
                  0.03    0.00    2.19 v _1982_/A (sky130_fd_sc_hd__buf_1)
     4    0.02    0.10    0.14    2.33 v _1982_/X (sky130_fd_sc_hd__buf_1)
                                         _0978_ (net)
                  0.10    0.00    2.33 v _1983_/A (sky130_fd_sc_hd__inv_2)
     1    0.00    0.04    0.06    2.39 ^ _1983_/Y (sky130_fd_sc_hd__inv_2)
                                         _0124_ (net)
                  0.04    0.00    2.39 ^ _2114_/RESET_B (sky130_fd_sc_hd__dfrtp_2)
                                  2.39   data arrival time

                  0.15    0.00    0.00   clock clk (rise edge)
                          0.00    0.00   clock network delay (ideal)
                          0.25    0.25   clock uncertainty
                          0.00    0.25   clock reconvergence pessimism
                                  0.25 ^ _2114_/CLK (sky130_fd_sc_hd__dfrtp_2)
                          0.35    0.60   library removal time
                                  0.60   data required time
-----------------------------------------------------------------------------
                                  0.60   data required time
                                 -2.39   data arrival time
-----------------------------------------------------------------------------
                                  1.79   slack (MET)


Startpoint: reset (input port clocked by clk)
Endpoint: _2115_ (removal check against rising-edge clock clk)
Path Group: asynchronous
Path Type: min

Fanout     Cap    Slew   Delay    Time   Description
-----------------------------------------------------------------------------
                  0.15    0.00    0.00   clock clk (rise edge)
                          0.00    0.00   clock network delay (ideal)
                          2.00    2.00 v input external delay
     1    0.00    0.01    0.00    2.00 v reset (in)
                                         reset (net)
                  0.01    0.00    2.00 v _1835_/A (sky130_fd_sc_hd__buf_1)
     4    0.01    0.06    0.09    2.09 v _1835_/X (sky130_fd_sc_hd__buf_1)
                                         _0955_ (net)
                  0.06    0.00    2.09 v _1970_/A (sky130_fd_sc_hd__buf_1)
     2    0.00    0.03    0.09    2.19 v _1970_/X (sky130_fd_sc_hd__buf_1)
                                         _0976_ (net)
                  0.03    0.00    2.19 v _1982_/A (sky130_fd_sc_hd__buf_1)
     4    0.02    0.10    0.14    2.33 v _1982_/X (sky130_fd_sc_hd__buf_1)
                                         _0978_ (net)
                  0.10    0.00    2.33 v _1984_/A (sky130_fd_sc_hd__inv_2)
     1    0.00    0.04    0.06    2.39 ^ _1984_/Y (sky130_fd_sc_hd__inv_2)
                                         _0125_ (net)
                  0.04    0.00    2.39 ^ _2115_/RESET_B (sky130_fd_sc_hd__dfrtp_2)
                                  2.39   data arrival time

                  0.15    0.00    0.00   clock clk (rise edge)
                          0.00    0.00   clock network delay (ideal)
                          0.25    0.25   clock uncertainty
                          0.00    0.25   clock reconvergence pessimism
                                  0.25 ^ _2115_/CLK (sky130_fd_sc_hd__dfrtp_2)
                          0.35    0.60   library removal time
                                  0.60   data required time
-----------------------------------------------------------------------------
                                  0.60   data required time
                                 -2.39   data arrival time
-----------------------------------------------------------------------------
                                  1.79   slack (MET)


Startpoint: reset (input port clocked by clk)
Endpoint: _2116_ (removal check against rising-edge clock clk)
Path Group: asynchronous
Path Type: min

Fanout     Cap    Slew   Delay    Time   Description
-----------------------------------------------------------------------------
                  0.15    0.00    0.00   clock clk (rise edge)
                          0.00    0.00   clock network delay (ideal)
                          2.00    2.00 v input external delay
     1    0.00    0.01    0.00    2.00 v reset (in)
                                         reset (net)
                  0.01    0.00    2.00 v _1835_/A (sky130_fd_sc_hd__buf_1)
     4    0.01    0.06    0.09    2.09 v _1835_/X (sky130_fd_sc_hd__buf_1)
                                         _0955_ (net)
                  0.06    0.00    2.09 v _1970_/A (sky130_fd_sc_hd__buf_1)
     2    0.00    0.03    0.09    2.19 v _1970_/X (sky130_fd_sc_hd__buf_1)
                                         _0976_ (net)
                  0.03    0.00    2.19 v _1982_/A (sky130_fd_sc_hd__buf_1)
     4    0.02    0.10    0.14    2.33 v _1982_/X (sky130_fd_sc_hd__buf_1)
                                         _0978_ (net)
                  0.10    0.00    2.33 v _1985_/A (sky130_fd_sc_hd__inv_2)
     1    0.00    0.04    0.06    2.39 ^ _1985_/Y (sky130_fd_sc_hd__inv_2)
                                         _0126_ (net)
                  0.04    0.00    2.39 ^ _2116_/RESET_B (sky130_fd_sc_hd__dfrtp_2)
                                  2.39   data arrival time

                  0.15    0.00    0.00   clock clk (rise edge)
                          0.00    0.00   clock network delay (ideal)
                          0.25    0.25   clock uncertainty
                          0.00    0.25   clock reconvergence pessimism
                                  0.25 ^ _2116_/CLK (sky130_fd_sc_hd__dfrtp_2)
                          0.35    0.60   library removal time
                                  0.60   data required time
-----------------------------------------------------------------------------
                                  0.60   data required time
                                 -2.39   data arrival time
-----------------------------------------------------------------------------
                                  1.79   slack (MET)


Startpoint: reset (input port clocked by clk)
Endpoint: _2117_ (removal check against rising-edge clock clk)
Path Group: asynchronous
Path Type: min

Fanout     Cap    Slew   Delay    Time   Description
-----------------------------------------------------------------------------
                  0.15    0.00    0.00   clock clk (rise edge)
                          0.00    0.00   clock network delay (ideal)
                          2.00    2.00 v input external delay
     1    0.00    0.01    0.00    2.00 v reset (in)
                                         reset (net)
                  0.01    0.00    2.00 v _1835_/A (sky130_fd_sc_hd__buf_1)
     4    0.01    0.06    0.09    2.09 v _1835_/X (sky130_fd_sc_hd__buf_1)
                                         _0955_ (net)
                  0.06    0.00    2.09 v _1970_/A (sky130_fd_sc_hd__buf_1)
     2    0.00    0.03    0.09    2.19 v _1970_/X (sky130_fd_sc_hd__buf_1)
                                         _0976_ (net)
                  0.03    0.00    2.19 v _1982_/A (sky130_fd_sc_hd__buf_1)
     4    0.02    0.10    0.14    2.33 v _1982_/X (sky130_fd_sc_hd__buf_1)
                                         _0978_ (net)
                  0.10    0.00    2.33 v _1986_/A (sky130_fd_sc_hd__inv_2)
     1    0.00    0.04    0.06    2.39 ^ _1986_/Y (sky130_fd_sc_hd__inv_2)
                                         _0127_ (net)
                  0.04    0.00    2.39 ^ _2117_/RESET_B (sky130_fd_sc_hd__dfrtp_2)
                                  2.39   data arrival time

                  0.15    0.00    0.00   clock clk (rise edge)
                          0.00    0.00   clock network delay (ideal)
                          0.25    0.25   clock uncertainty
                          0.00    0.25   clock reconvergence pessimism
                                  0.25 ^ _2117_/CLK (sky130_fd_sc_hd__dfrtp_2)
                          0.35    0.60   library removal time
                                  0.60   data required time
-----------------------------------------------------------------------------
                                  0.60   data required time
                                 -2.39   data arrival time
-----------------------------------------------------------------------------
                                  1.79   slack (MET)


Startpoint: reset (input port clocked by clk)
Endpoint: _2118_ (removal check against rising-edge clock clk)
Path Group: asynchronous
Path Type: min

Fanout     Cap    Slew   Delay    Time   Description
-----------------------------------------------------------------------------
                  0.15    0.00    0.00   clock clk (rise edge)
                          0.00    0.00   clock network delay (ideal)
                          2.00    2.00 v input external delay
     1    0.00    0.01    0.00    2.00 v reset (in)
                                         reset (net)
                  0.01    0.00    2.00 v _1835_/A (sky130_fd_sc_hd__buf_1)
     4    0.01    0.06    0.09    2.09 v _1835_/X (sky130_fd_sc_hd__buf_1)
                                         _0955_ (net)
                  0.06    0.00    2.09 v _1836_/A (sky130_fd_sc_hd__buf_1)
     3    0.01    0.04    0.10    2.20 v _1836_/X (sky130_fd_sc_hd__buf_1)
                                         _0956_ (net)
                  0.04    0.00    2.20 v _1837_/A (sky130_fd_sc_hd__buf_1)
     5    0.02    0.10    0.14    2.34 v _1837_/X (sky130_fd_sc_hd__buf_1)
                                         _0957_ (net)
                  0.10    0.00    2.34 v _1987_/A (sky130_fd_sc_hd__inv_2)
     1    0.00    0.04    0.06    2.40 ^ _1987_/Y (sky130_fd_sc_hd__inv_2)
                                         _0128_ (net)
                  0.04    0.00    2.40 ^ _2118_/RESET_B (sky130_fd_sc_hd__dfrtp_2)
                                  2.40   data arrival time

                  0.15    0.00    0.00   clock clk (rise edge)
                          0.00    0.00   clock network delay (ideal)
                          0.25    0.25   clock uncertainty
                          0.00    0.25   clock reconvergence pessimism
                                  0.25 ^ _2118_/CLK (sky130_fd_sc_hd__dfrtp_2)
                          0.35    0.60   library removal time
                                  0.60   data required time
-----------------------------------------------------------------------------
                                  0.60   data required time
                                 -2.40   data arrival time
-----------------------------------------------------------------------------
                                  1.80   slack (MET)


Startpoint: reset (input port clocked by clk)
Endpoint: _2119_ (removal check against rising-edge clock clk)
Path Group: asynchronous
Path Type: min

Fanout     Cap    Slew   Delay    Time   Description
-----------------------------------------------------------------------------
                  0.15    0.00    0.00   clock clk (rise edge)
                          0.00    0.00   clock network delay (ideal)
                          2.00    2.00 v input external delay
     1    0.00    0.01    0.00    2.00 v reset (in)
                                         reset (net)
                  0.01    0.00    2.00 v _1835_/A (sky130_fd_sc_hd__buf_1)
     4    0.01    0.06    0.09    2.09 v _1835_/X (sky130_fd_sc_hd__buf_1)
                                         _0955_ (net)
                  0.06    0.00    2.09 v _1836_/A (sky130_fd_sc_hd__buf_1)
     3    0.01    0.04    0.10    2.20 v _1836_/X (sky130_fd_sc_hd__buf_1)
                                         _0956_ (net)
                  0.04    0.00    2.20 v _1837_/A (sky130_fd_sc_hd__buf_1)
     5    0.02    0.10    0.14    2.34 v _1837_/X (sky130_fd_sc_hd__buf_1)
                                         _0957_ (net)
                  0.10    0.00    2.34 v _1988_/A (sky130_fd_sc_hd__inv_2)
     1    0.00    0.04    0.06    2.40 ^ _1988_/Y (sky130_fd_sc_hd__inv_2)
                                         _0129_ (net)
                  0.04    0.00    2.40 ^ _2119_/RESET_B (sky130_fd_sc_hd__dfrtp_2)
                                  2.40   data arrival time

                  0.15    0.00    0.00   clock clk (rise edge)
                          0.00    0.00   clock network delay (ideal)
                          0.25    0.25   clock uncertainty
                          0.00    0.25   clock reconvergence pessimism
                                  0.25 ^ _2119_/CLK (sky130_fd_sc_hd__dfrtp_2)
                          0.35    0.60   library removal time
                                  0.60   data required time
-----------------------------------------------------------------------------
                                  0.60   data required time
                                 -2.40   data arrival time
-----------------------------------------------------------------------------
                                  1.80   slack (MET)


Startpoint: reset (input port clocked by clk)
Endpoint: _2120_ (removal check against rising-edge clock clk)
Path Group: asynchronous
Path Type: min

Fanout     Cap    Slew   Delay    Time   Description
-----------------------------------------------------------------------------
                  0.15    0.00    0.00   clock clk (rise edge)
                          0.00    0.00   clock network delay (ideal)
                          2.00    2.00 v input external delay
     1    0.00    0.01    0.00    2.00 v reset (in)
                                         reset (net)
                  0.01    0.00    2.00 v _1835_/A (sky130_fd_sc_hd__buf_1)
     4    0.01    0.06    0.09    2.09 v _1835_/X (sky130_fd_sc_hd__buf_1)
                                         _0955_ (net)
                  0.06    0.00    2.09 v _1836_/A (sky130_fd_sc_hd__buf_1)
     3    0.01    0.04    0.10    2.20 v _1836_/X (sky130_fd_sc_hd__buf_1)
                                         _0956_ (net)
                  0.04    0.00    2.20 v _1837_/A (sky130_fd_sc_hd__buf_1)
     5    0.02    0.10    0.14    2.34 v _1837_/X (sky130_fd_sc_hd__buf_1)
                                         _0957_ (net)
                  0.10    0.00    2.34 v _1989_/A (sky130_fd_sc_hd__inv_2)
     1    0.00    0.04    0.06    2.40 ^ _1989_/Y (sky130_fd_sc_hd__inv_2)
                                         _0130_ (net)
                  0.04    0.00    2.40 ^ _2120_/RESET_B (sky130_fd_sc_hd__dfrtp_2)
                                  2.40   data arrival time

                  0.15    0.00    0.00   clock clk (rise edge)
                          0.00    0.00   clock network delay (ideal)
                          0.25    0.25   clock uncertainty
                          0.00    0.25   clock reconvergence pessimism
                                  0.25 ^ _2120_/CLK (sky130_fd_sc_hd__dfrtp_2)
                          0.35    0.60   library removal time
                                  0.60   data required time
-----------------------------------------------------------------------------
                                  0.60   data required time
                                 -2.40   data arrival time
-----------------------------------------------------------------------------
                                  1.80   slack (MET)


Startpoint: reset (input port clocked by clk)
Endpoint: _2082_ (removal check against rising-edge clock clk)
Path Group: asynchronous
Path Type: min

Fanout     Cap    Slew   Delay    Time   Description
-----------------------------------------------------------------------------
                  0.15    0.00    0.00   clock clk (rise edge)
                          0.00    0.00   clock network delay (ideal)
                          2.00    2.00 v input external delay
     1    0.00    0.01    0.00    2.00 v reset (in)
                                         reset (net)
                  0.01    0.00    2.00 v _1835_/A (sky130_fd_sc_hd__buf_1)
     4    0.01    0.06    0.09    2.09 v _1835_/X (sky130_fd_sc_hd__buf_1)
                                         _0955_ (net)
                  0.06    0.00    2.09 v _1912_/A (sky130_fd_sc_hd__buf_1)
     4    0.01    0.06    0.11    2.21 v _1912_/X (sky130_fd_sc_hd__buf_1)
                                         _0968_ (net)
                  0.06    0.00    2.21 v _1944_/A (sky130_fd_sc_hd__buf_1)
     4    0.02    0.10    0.15    2.35 v _1944_/X (sky130_fd_sc_hd__buf_1)
                                         _0972_ (net)
                  0.10    0.00    2.35 v _1945_/A (sky130_fd_sc_hd__inv_2)
     1    0.00    0.04    0.06    2.41 ^ _1945_/Y (sky130_fd_sc_hd__inv_2)
                                         _0092_ (net)
                  0.04    0.00    2.41 ^ _2082_/RESET_B (sky130_fd_sc_hd__dfrtp_2)
                                  2.41   data arrival time

                  0.15    0.00    0.00   clock clk (rise edge)
                          0.00    0.00   clock network delay (ideal)
                          0.25    0.25   clock uncertainty
                          0.00    0.25   clock reconvergence pessimism
                                  0.25 ^ _2082_/CLK (sky130_fd_sc_hd__dfrtp_2)
                          0.35    0.60   library removal time
                                  0.60   data required time
-----------------------------------------------------------------------------
                                  0.60   data required time
                                 -2.41   data arrival time
-----------------------------------------------------------------------------
                                  1.82   slack (MET)


Startpoint: reset (input port clocked by clk)
Endpoint: _2083_ (removal check against rising-edge clock clk)
Path Group: asynchronous
Path Type: min

Fanout     Cap    Slew   Delay    Time   Description
-----------------------------------------------------------------------------
                  0.15    0.00    0.00   clock clk (rise edge)
                          0.00    0.00   clock network delay (ideal)
                          2.00    2.00 v input external delay
     1    0.00    0.01    0.00    2.00 v reset (in)
                                         reset (net)
                  0.01    0.00    2.00 v _1835_/A (sky130_fd_sc_hd__buf_1)
     4    0.01    0.06    0.09    2.09 v _1835_/X (sky130_fd_sc_hd__buf_1)
                                         _0955_ (net)
                  0.06    0.00    2.09 v _1912_/A (sky130_fd_sc_hd__buf_1)
     4    0.01    0.06    0.11    2.21 v _1912_/X (sky130_fd_sc_hd__buf_1)
                                         _0968_ (net)
                  0.06    0.00    2.21 v _1944_/A (sky130_fd_sc_hd__buf_1)
     4    0.02    0.10    0.15    2.35 v _1944_/X (sky130_fd_sc_hd__buf_1)
                                         _0972_ (net)
                  0.10    0.00    2.35 v _1946_/A (sky130_fd_sc_hd__inv_2)
     1    0.00    0.04    0.06    2.41 ^ _1946_/Y (sky130_fd_sc_hd__inv_2)
                                         _0093_ (net)
                  0.04    0.00    2.41 ^ _2083_/RESET_B (sky130_fd_sc_hd__dfrtp_2)
                                  2.41   data arrival time

                  0.15    0.00    0.00   clock clk (rise edge)
                          0.00    0.00   clock network delay (ideal)
                          0.25    0.25   clock uncertainty
                          0.00    0.25   clock reconvergence pessimism
                                  0.25 ^ _2083_/CLK (sky130_fd_sc_hd__dfrtp_2)
                          0.35    0.60   library removal time
                                  0.60   data required time
-----------------------------------------------------------------------------
                                  0.60   data required time
                                 -2.41   data arrival time
-----------------------------------------------------------------------------
                                  1.82   slack (MET)


Startpoint: reset (input port clocked by clk)
Endpoint: _2084_ (removal check against rising-edge clock clk)
Path Group: asynchronous
Path Type: min

Fanout     Cap    Slew   Delay    Time   Description
-----------------------------------------------------------------------------
                  0.15    0.00    0.00   clock clk (rise edge)
                          0.00    0.00   clock network delay (ideal)
                          2.00    2.00 v input external delay
     1    0.00    0.01    0.00    2.00 v reset (in)
                                         reset (net)
                  0.01    0.00    2.00 v _1835_/A (sky130_fd_sc_hd__buf_1)
     4    0.01    0.06    0.09    2.09 v _1835_/X (sky130_fd_sc_hd__buf_1)
                                         _0955_ (net)
                  0.06    0.00    2.09 v _1912_/A (sky130_fd_sc_hd__buf_1)
     4    0.01    0.06    0.11    2.21 v _1912_/X (sky130_fd_sc_hd__buf_1)
                                         _0968_ (net)
                  0.06    0.00    2.21 v _1944_/A (sky130_fd_sc_hd__buf_1)
     4    0.02    0.10    0.15    2.35 v _1944_/X (sky130_fd_sc_hd__buf_1)
                                         _0972_ (net)
                  0.10    0.00    2.35 v _1947_/A (sky130_fd_sc_hd__inv_2)
     1    0.00    0.04    0.06    2.41 ^ _1947_/Y (sky130_fd_sc_hd__inv_2)
                                         _0094_ (net)
                  0.04    0.00    2.41 ^ _2084_/RESET_B (sky130_fd_sc_hd__dfrtp_2)
                                  2.41   data arrival time

                  0.15    0.00    0.00   clock clk (rise edge)
                          0.00    0.00   clock network delay (ideal)
                          0.25    0.25   clock uncertainty
                          0.00    0.25   clock reconvergence pessimism
                                  0.25 ^ _2084_/CLK (sky130_fd_sc_hd__dfrtp_2)
                          0.35    0.60   library removal time
                                  0.60   data required time
-----------------------------------------------------------------------------
                                  0.60   data required time
                                 -2.41   data arrival time
-----------------------------------------------------------------------------
                                  1.82   slack (MET)


Startpoint: reset (input port clocked by clk)
Endpoint: _2085_ (removal check against rising-edge clock clk)
Path Group: asynchronous
Path Type: min

Fanout     Cap    Slew   Delay    Time   Description
-----------------------------------------------------------------------------
                  0.15    0.00    0.00   clock clk (rise edge)
                          0.00    0.00   clock network delay (ideal)
                          2.00    2.00 v input external delay
     1    0.00    0.01    0.00    2.00 v reset (in)
                                         reset (net)
                  0.01    0.00    2.00 v _1835_/A (sky130_fd_sc_hd__buf_1)
     4    0.01    0.06    0.09    2.09 v _1835_/X (sky130_fd_sc_hd__buf_1)
                                         _0955_ (net)
                  0.06    0.00    2.09 v _1912_/A (sky130_fd_sc_hd__buf_1)
     4    0.01    0.06    0.11    2.21 v _1912_/X (sky130_fd_sc_hd__buf_1)
                                         _0968_ (net)
                  0.06    0.00    2.21 v _1944_/A (sky130_fd_sc_hd__buf_1)
     4    0.02    0.10    0.15    2.35 v _1944_/X (sky130_fd_sc_hd__buf_1)
                                         _0972_ (net)
                  0.10    0.00    2.35 v _1948_/A (sky130_fd_sc_hd__inv_2)
     1    0.00    0.04    0.06    2.41 ^ _1948_/Y (sky130_fd_sc_hd__inv_2)
                                         _0095_ (net)
                  0.04    0.00    2.41 ^ _2085_/RESET_B (sky130_fd_sc_hd__dfrtp_2)
                                  2.41   data arrival time

                  0.15    0.00    0.00   clock clk (rise edge)
                          0.00    0.00   clock network delay (ideal)
                          0.25    0.25   clock uncertainty
                          0.00    0.25   clock reconvergence pessimism
                                  0.25 ^ _2085_/CLK (sky130_fd_sc_hd__dfrtp_2)
                          0.35    0.60   library removal time
                                  0.60   data required time
-----------------------------------------------------------------------------
                                  0.60   data required time
                                 -2.41   data arrival time
-----------------------------------------------------------------------------
                                  1.82   slack (MET)


Startpoint: reset (input port clocked by clk)
Endpoint: _2086_ (removal check against rising-edge clock clk)
Path Group: asynchronous
Path Type: min

Fanout     Cap    Slew   Delay    Time   Description
-----------------------------------------------------------------------------
                  0.15    0.00    0.00   clock clk (rise edge)
                          0.00    0.00   clock network delay (ideal)
                          2.00    2.00 v input external delay
     1    0.00    0.01    0.00    2.00 v reset (in)
                                         reset (net)
                  0.01    0.00    2.00 v _1835_/A (sky130_fd_sc_hd__buf_1)
     4    0.01    0.06    0.09    2.09 v _1835_/X (sky130_fd_sc_hd__buf_1)
                                         _0955_ (net)
                  0.06    0.00    2.09 v _1949_/A (sky130_fd_sc_hd__buf_1)
     2    0.00    0.03    0.09    2.19 v _1949_/X (sky130_fd_sc_hd__buf_1)
                                         _0973_ (net)
                  0.03    0.00    2.19 v _1950_/A (sky130_fd_sc_hd__buf_1)
     8    0.03    0.20    0.21    2.39 v _1950_/X (sky130_fd_sc_hd__buf_1)
                                         _0974_ (net)
                  0.20    0.00    2.39 v _1951_/A (sky130_fd_sc_hd__inv_2)
     1    0.00    0.06    0.08    2.48 ^ _1951_/Y (sky130_fd_sc_hd__inv_2)
                                         _0096_ (net)
                  0.06    0.00    2.48 ^ _2086_/RESET_B (sky130_fd_sc_hd__dfrtp_2)
                                  2.48   data arrival time

                  0.15    0.00    0.00   clock clk (rise edge)
                          0.00    0.00   clock network delay (ideal)
                          0.25    0.25   clock uncertainty
                          0.00    0.25   clock reconvergence pessimism
                                  0.25 ^ _2086_/CLK (sky130_fd_sc_hd__dfrtp_2)
                          0.35    0.60   library removal time
                                  0.60   data required time
-----------------------------------------------------------------------------
                                  0.60   data required time
                                 -2.48   data arrival time
-----------------------------------------------------------------------------
                                  1.88   slack (MET)


Startpoint: reset (input port clocked by clk)
Endpoint: _2087_ (removal check against rising-edge clock clk)
Path Group: asynchronous
Path Type: min

Fanout     Cap    Slew   Delay    Time   Description
-----------------------------------------------------------------------------
                  0.15    0.00    0.00   clock clk (rise edge)
                          0.00    0.00   clock network delay (ideal)
                          2.00    2.00 v input external delay
     1    0.00    0.01    0.00    2.00 v reset (in)
                                         reset (net)
                  0.01    0.00    2.00 v _1835_/A (sky130_fd_sc_hd__buf_1)
     4    0.01    0.06    0.09    2.09 v _1835_/X (sky130_fd_sc_hd__buf_1)
                                         _0955_ (net)
                  0.06    0.00    2.09 v _1949_/A (sky130_fd_sc_hd__buf_1)
     2    0.00    0.03    0.09    2.19 v _1949_/X (sky130_fd_sc_hd__buf_1)
                                         _0973_ (net)
                  0.03    0.00    2.19 v _1950_/A (sky130_fd_sc_hd__buf_1)
     8    0.03    0.20    0.21    2.39 v _1950_/X (sky130_fd_sc_hd__buf_1)
                                         _0974_ (net)
                  0.20    0.00    2.39 v _1952_/A (sky130_fd_sc_hd__inv_2)
     1    0.00    0.06    0.08    2.48 ^ _1952_/Y (sky130_fd_sc_hd__inv_2)
                                         _0097_ (net)
                  0.06    0.00    2.48 ^ _2087_/RESET_B (sky130_fd_sc_hd__dfrtp_2)
                                  2.48   data arrival time

                  0.15    0.00    0.00   clock clk (rise edge)
                          0.00    0.00   clock network delay (ideal)
                          0.25    0.25   clock uncertainty
                          0.00    0.25   clock reconvergence pessimism
                                  0.25 ^ _2087_/CLK (sky130_fd_sc_hd__dfrtp_2)
                          0.35    0.60   library removal time
                                  0.60   data required time
-----------------------------------------------------------------------------
                                  0.60   data required time
                                 -2.48   data arrival time
-----------------------------------------------------------------------------
                                  1.88   slack (MET)


Startpoint: reset (input port clocked by clk)
Endpoint: _2088_ (removal check against rising-edge clock clk)
Path Group: asynchronous
Path Type: min

Fanout     Cap    Slew   Delay    Time   Description
-----------------------------------------------------------------------------
                  0.15    0.00    0.00   clock clk (rise edge)
                          0.00    0.00   clock network delay (ideal)
                          2.00    2.00 v input external delay
     1    0.00    0.01    0.00    2.00 v reset (in)
                                         reset (net)
                  0.01    0.00    2.00 v _1835_/A (sky130_fd_sc_hd__buf_1)
     4    0.01    0.06    0.09    2.09 v _1835_/X (sky130_fd_sc_hd__buf_1)
                                         _0955_ (net)
                  0.06    0.00    2.09 v _1949_/A (sky130_fd_sc_hd__buf_1)
     2    0.00    0.03    0.09    2.19 v _1949_/X (sky130_fd_sc_hd__buf_1)
                                         _0973_ (net)
                  0.03    0.00    2.19 v _1950_/A (sky130_fd_sc_hd__buf_1)
     8    0.03    0.20    0.21    2.39 v _1950_/X (sky130_fd_sc_hd__buf_1)
                                         _0974_ (net)
                  0.20    0.00    2.39 v _1953_/A (sky130_fd_sc_hd__inv_2)
     1    0.00    0.06    0.08    2.48 ^ _1953_/Y (sky130_fd_sc_hd__inv_2)
                                         _0098_ (net)
                  0.06    0.00    2.48 ^ _2088_/RESET_B (sky130_fd_sc_hd__dfrtp_2)
                                  2.48   data arrival time

                  0.15    0.00    0.00   clock clk (rise edge)
                          0.00    0.00   clock network delay (ideal)
                          0.25    0.25   clock uncertainty
                          0.00    0.25   clock reconvergence pessimism
                                  0.25 ^ _2088_/CLK (sky130_fd_sc_hd__dfrtp_2)
                          0.35    0.60   library removal time
                                  0.60   data required time
-----------------------------------------------------------------------------
                                  0.60   data required time
                                 -2.48   data arrival time
-----------------------------------------------------------------------------
                                  1.88   slack (MET)


Startpoint: reset (input port clocked by clk)
Endpoint: _2089_ (removal check against rising-edge clock clk)
Path Group: asynchronous
Path Type: min

Fanout     Cap    Slew   Delay    Time   Description
-----------------------------------------------------------------------------
                  0.15    0.00    0.00   clock clk (rise edge)
                          0.00    0.00   clock network delay (ideal)
                          2.00    2.00 v input external delay
     1    0.00    0.01    0.00    2.00 v reset (in)
                                         reset (net)
                  0.01    0.00    2.00 v _1835_/A (sky130_fd_sc_hd__buf_1)
     4    0.01    0.06    0.09    2.09 v _1835_/X (sky130_fd_sc_hd__buf_1)
                                         _0955_ (net)
                  0.06    0.00    2.09 v _1949_/A (sky130_fd_sc_hd__buf_1)
     2    0.00    0.03    0.09    2.19 v _1949_/X (sky130_fd_sc_hd__buf_1)
                                         _0973_ (net)
                  0.03    0.00    2.19 v _1950_/A (sky130_fd_sc_hd__buf_1)
     8    0.03    0.20    0.21    2.39 v _1950_/X (sky130_fd_sc_hd__buf_1)
                                         _0974_ (net)
                  0.20    0.00    2.39 v _1954_/A (sky130_fd_sc_hd__inv_2)
     1    0.00    0.06    0.08    2.48 ^ _1954_/Y (sky130_fd_sc_hd__inv_2)
                                         _0099_ (net)
                  0.06    0.00    2.48 ^ _2089_/RESET_B (sky130_fd_sc_hd__dfrtp_2)
                                  2.48   data arrival time

                  0.15    0.00    0.00   clock clk (rise edge)
                          0.00    0.00   clock network delay (ideal)
                          0.25    0.25   clock uncertainty
                          0.00    0.25   clock reconvergence pessimism
                                  0.25 ^ _2089_/CLK (sky130_fd_sc_hd__dfrtp_2)
                          0.35    0.60   library removal time
                                  0.60   data required time
-----------------------------------------------------------------------------
                                  0.60   data required time
                                 -2.48   data arrival time
-----------------------------------------------------------------------------
                                  1.88   slack (MET)


Startpoint: reset (input port clocked by clk)
Endpoint: _2090_ (removal check against rising-edge clock clk)
Path Group: asynchronous
Path Type: min

Fanout     Cap    Slew   Delay    Time   Description
-----------------------------------------------------------------------------
                  0.15    0.00    0.00   clock clk (rise edge)
                          0.00    0.00   clock network delay (ideal)
                          2.00    2.00 v input external delay
     1    0.00    0.01    0.00    2.00 v reset (in)
                                         reset (net)
                  0.01    0.00    2.00 v _1835_/A (sky130_fd_sc_hd__buf_1)
     4    0.01    0.06    0.09    2.09 v _1835_/X (sky130_fd_sc_hd__buf_1)
                                         _0955_ (net)
                  0.06    0.00    2.09 v _1949_/A (sky130_fd_sc_hd__buf_1)
     2    0.00    0.03    0.09    2.19 v _1949_/X (sky130_fd_sc_hd__buf_1)
                                         _0973_ (net)
                  0.03    0.00    2.19 v _1950_/A (sky130_fd_sc_hd__buf_1)
     8    0.03    0.20    0.21    2.39 v _1950_/X (sky130_fd_sc_hd__buf_1)
                                         _0974_ (net)
                  0.20    0.00    2.39 v _1955_/A (sky130_fd_sc_hd__inv_2)
     1    0.00    0.06    0.08    2.48 ^ _1955_/Y (sky130_fd_sc_hd__inv_2)
                                         _0100_ (net)
                  0.06    0.00    2.48 ^ _2090_/RESET_B (sky130_fd_sc_hd__dfrtp_2)
                                  2.48   data arrival time

                  0.15    0.00    0.00   clock clk (rise edge)
                          0.00    0.00   clock network delay (ideal)
                          0.25    0.25   clock uncertainty
                          0.00    0.25   clock reconvergence pessimism
                                  0.25 ^ _2090_/CLK (sky130_fd_sc_hd__dfrtp_2)
                          0.35    0.60   library removal time
                                  0.60   data required time
-----------------------------------------------------------------------------
                                  0.60   data required time
                                 -2.48   data arrival time
-----------------------------------------------------------------------------
                                  1.88   slack (MET)


Startpoint: reset (input port clocked by clk)
Endpoint: _2091_ (removal check against rising-edge clock clk)
Path Group: asynchronous
Path Type: min

Fanout     Cap    Slew   Delay    Time   Description
-----------------------------------------------------------------------------
                  0.15    0.00    0.00   clock clk (rise edge)
                          0.00    0.00   clock network delay (ideal)
                          2.00    2.00 v input external delay
     1    0.00    0.01    0.00    2.00 v reset (in)
                                         reset (net)
                  0.01    0.00    2.00 v _1835_/A (sky130_fd_sc_hd__buf_1)
     4    0.01    0.06    0.09    2.09 v _1835_/X (sky130_fd_sc_hd__buf_1)
                                         _0955_ (net)
                  0.06    0.00    2.09 v _1949_/A (sky130_fd_sc_hd__buf_1)
     2    0.00    0.03    0.09    2.19 v _1949_/X (sky130_fd_sc_hd__buf_1)
                                         _0973_ (net)
                  0.03    0.00    2.19 v _1950_/A (sky130_fd_sc_hd__buf_1)
     8    0.03    0.20    0.21    2.39 v _1950_/X (sky130_fd_sc_hd__buf_1)
                                         _0974_ (net)
                  0.20    0.00    2.39 v _1956_/A (sky130_fd_sc_hd__inv_2)
     1    0.00    0.06    0.08    2.48 ^ _1956_/Y (sky130_fd_sc_hd__inv_2)
                                         _0101_ (net)
                  0.06    0.00    2.48 ^ _2091_/RESET_B (sky130_fd_sc_hd__dfrtp_2)
                                  2.48   data arrival time

                  0.15    0.00    0.00   clock clk (rise edge)
                          0.00    0.00   clock network delay (ideal)
                          0.25    0.25   clock uncertainty
                          0.00    0.25   clock reconvergence pessimism
                                  0.25 ^ _2091_/CLK (sky130_fd_sc_hd__dfrtp_2)
                          0.35    0.60   library removal time
                                  0.60   data required time
-----------------------------------------------------------------------------
                                  0.60   data required time
                                 -2.48   data arrival time
-----------------------------------------------------------------------------
                                  1.88   slack (MET)


Startpoint: reset (input port clocked by clk)
Endpoint: _2092_ (removal check against rising-edge clock clk)
Path Group: asynchronous
Path Type: min

Fanout     Cap    Slew   Delay    Time   Description
-----------------------------------------------------------------------------
                  0.15    0.00    0.00   clock clk (rise edge)
                          0.00    0.00   clock network delay (ideal)
                          2.00    2.00 v input external delay
     1    0.00    0.01    0.00    2.00 v reset (in)
                                         reset (net)
                  0.01    0.00    2.00 v _1835_/A (sky130_fd_sc_hd__buf_1)
     4    0.01    0.06    0.09    2.09 v _1835_/X (sky130_fd_sc_hd__buf_1)
                                         _0955_ (net)
                  0.06    0.00    2.09 v _1949_/A (sky130_fd_sc_hd__buf_1)
     2    0.00    0.03    0.09    2.19 v _1949_/X (sky130_fd_sc_hd__buf_1)
                                         _0973_ (net)
                  0.03    0.00    2.19 v _1950_/A (sky130_fd_sc_hd__buf_1)
     8    0.03    0.20    0.21    2.39 v _1950_/X (sky130_fd_sc_hd__buf_1)
                                         _0974_ (net)
                  0.20    0.00    2.39 v _1957_/A (sky130_fd_sc_hd__inv_2)
     1    0.00    0.06    0.08    2.48 ^ _1957_/Y (sky130_fd_sc_hd__inv_2)
                                         _0102_ (net)
                  0.06    0.00    2.48 ^ _2092_/RESET_B (sky130_fd_sc_hd__dfrtp_2)
                                  2.48   data arrival time

                  0.15    0.00    0.00   clock clk (rise edge)
                          0.00    0.00   clock network delay (ideal)
                          0.25    0.25   clock uncertainty
                          0.00    0.25   clock reconvergence pessimism
                                  0.25 ^ _2092_/CLK (sky130_fd_sc_hd__dfrtp_2)
                          0.35    0.60   library removal time
                                  0.60   data required time
-----------------------------------------------------------------------------
                                  0.60   data required time
                                 -2.48   data arrival time
-----------------------------------------------------------------------------
                                  1.88   slack (MET)


Startpoint: reset (input port clocked by clk)
Endpoint: _2093_ (removal check against rising-edge clock clk)
Path Group: asynchronous
Path Type: min

Fanout     Cap    Slew   Delay    Time   Description
-----------------------------------------------------------------------------
                  0.15    0.00    0.00   clock clk (rise edge)
                          0.00    0.00   clock network delay (ideal)
                          2.00    2.00 v input external delay
     1    0.00    0.01    0.00    2.00 v reset (in)
                                         reset (net)
                  0.01    0.00    2.00 v _1835_/A (sky130_fd_sc_hd__buf_1)
     4    0.01    0.06    0.09    2.09 v _1835_/X (sky130_fd_sc_hd__buf_1)
                                         _0955_ (net)
                  0.06    0.00    2.09 v _1949_/A (sky130_fd_sc_hd__buf_1)
     2    0.00    0.03    0.09    2.19 v _1949_/X (sky130_fd_sc_hd__buf_1)
                                         _0973_ (net)
                  0.03    0.00    2.19 v _1950_/A (sky130_fd_sc_hd__buf_1)
     8    0.03    0.20    0.21    2.39 v _1950_/X (sky130_fd_sc_hd__buf_1)
                                         _0974_ (net)
                  0.20    0.00    2.39 v _1958_/A (sky130_fd_sc_hd__inv_2)
     1    0.00    0.06    0.08    2.48 ^ _1958_/Y (sky130_fd_sc_hd__inv_2)
                                         _0103_ (net)
                  0.06    0.00    2.48 ^ _2093_/RESET_B (sky130_fd_sc_hd__dfrtp_2)
                                  2.48   data arrival time

                  0.15    0.00    0.00   clock clk (rise edge)
                          0.00    0.00   clock network delay (ideal)
                          0.25    0.25   clock uncertainty
                          0.00    0.25   clock reconvergence pessimism
                                  0.25 ^ _2093_/CLK (sky130_fd_sc_hd__dfrtp_2)
                          0.35    0.60   library removal time
                                  0.60   data required time
-----------------------------------------------------------------------------
                                  0.60   data required time
                                 -2.48   data arrival time
-----------------------------------------------------------------------------
                                  1.88   slack (MET)


Startpoint: reset (input port clocked by clk)
Endpoint: _2018_ (removal check against rising-edge clock clk)
Path Group: asynchronous
Path Type: min

Fanout     Cap    Slew   Delay    Time   Description
-----------------------------------------------------------------------------
                  0.15    0.00    0.00   clock clk (rise edge)
                          0.00    0.00   clock network delay (ideal)
                          2.00    2.00 v input external delay
     1    0.00    0.01    0.00    2.00 v reset (in)
                                         reset (net)
                  0.01    0.00    2.00 v _1835_/A (sky130_fd_sc_hd__buf_1)
     4    0.01    0.06    0.09    2.09 v _1835_/X (sky130_fd_sc_hd__buf_1)
                                         _0955_ (net)
                  0.06    0.00    2.09 v _1836_/A (sky130_fd_sc_hd__buf_1)
     3    0.01    0.04    0.10    2.20 v _1836_/X (sky130_fd_sc_hd__buf_1)
                                         _0956_ (net)
                  0.04    0.00    2.20 v _1858_/A (sky130_fd_sc_hd__buf_1)
     2    0.00    0.03    0.09    2.28 v _1858_/X (sky130_fd_sc_hd__buf_1)
                                         _0960_ (net)
                  0.03    0.00    2.28 v _1870_/A (sky130_fd_sc_hd__buf_1)
     4    0.02    0.10    0.14    2.42 v _1870_/X (sky130_fd_sc_hd__buf_1)
                                         _0962_ (net)
                  0.10    0.00    2.42 v _1871_/A (sky130_fd_sc_hd__inv_2)
     1    0.00    0.04    0.06    2.48 ^ _1871_/Y (sky130_fd_sc_hd__inv_2)
                                         _0028_ (net)
                  0.04    0.00    2.48 ^ _2018_/RESET_B (sky130_fd_sc_hd__dfrtp_2)
                                  2.48   data arrival time

                  0.15    0.00    0.00   clock clk (rise edge)
                          0.00    0.00   clock network delay (ideal)
                          0.25    0.25   clock uncertainty
                          0.00    0.25   clock reconvergence pessimism
                                  0.25 ^ _2018_/CLK (sky130_fd_sc_hd__dfrtp_2)
                          0.35    0.60   library removal time
                                  0.60   data required time
-----------------------------------------------------------------------------
                                  0.60   data required time
                                 -2.48   data arrival time
-----------------------------------------------------------------------------
                                  1.89   slack (MET)


Startpoint: reset (input port clocked by clk)
Endpoint: _2019_ (removal check against rising-edge clock clk)
Path Group: asynchronous
Path Type: min

Fanout     Cap    Slew   Delay    Time   Description
-----------------------------------------------------------------------------
                  0.15    0.00    0.00   clock clk (rise edge)
                          0.00    0.00   clock network delay (ideal)
                          2.00    2.00 v input external delay
     1    0.00    0.01    0.00    2.00 v reset (in)
                                         reset (net)
                  0.01    0.00    2.00 v _1835_/A (sky130_fd_sc_hd__buf_1)
     4    0.01    0.06    0.09    2.09 v _1835_/X (sky130_fd_sc_hd__buf_1)
                                         _0955_ (net)
                  0.06    0.00    2.09 v _1836_/A (sky130_fd_sc_hd__buf_1)
     3    0.01    0.04    0.10    2.20 v _1836_/X (sky130_fd_sc_hd__buf_1)
                                         _0956_ (net)
                  0.04    0.00    2.20 v _1858_/A (sky130_fd_sc_hd__buf_1)
     2    0.00    0.03    0.09    2.28 v _1858_/X (sky130_fd_sc_hd__buf_1)
                                         _0960_ (net)
                  0.03    0.00    2.28 v _1870_/A (sky130_fd_sc_hd__buf_1)
     4    0.02    0.10    0.14    2.42 v _1870_/X (sky130_fd_sc_hd__buf_1)
                                         _0962_ (net)
                  0.10    0.00    2.42 v _1872_/A (sky130_fd_sc_hd__inv_2)
     1    0.00    0.04    0.06    2.48 ^ _1872_/Y (sky130_fd_sc_hd__inv_2)
                                         _0029_ (net)
                  0.04    0.00    2.48 ^ _2019_/RESET_B (sky130_fd_sc_hd__dfrtp_2)
                                  2.48   data arrival time

                  0.15    0.00    0.00   clock clk (rise edge)
                          0.00    0.00   clock network delay (ideal)
                          0.25    0.25   clock uncertainty
                          0.00    0.25   clock reconvergence pessimism
                                  0.25 ^ _2019_/CLK (sky130_fd_sc_hd__dfrtp_2)
                          0.35    0.60   library removal time
                                  0.60   data required time
-----------------------------------------------------------------------------
                                  0.60   data required time
                                 -2.48   data arrival time
-----------------------------------------------------------------------------
                                  1.89   slack (MET)


Startpoint: reset (input port clocked by clk)
Endpoint: _2020_ (removal check against rising-edge clock clk)
Path Group: asynchronous
Path Type: min

Fanout     Cap    Slew   Delay    Time   Description
-----------------------------------------------------------------------------
                  0.15    0.00    0.00   clock clk (rise edge)
                          0.00    0.00   clock network delay (ideal)
                          2.00    2.00 v input external delay
     1    0.00    0.01    0.00    2.00 v reset (in)
                                         reset (net)
                  0.01    0.00    2.00 v _1835_/A (sky130_fd_sc_hd__buf_1)
     4    0.01    0.06    0.09    2.09 v _1835_/X (sky130_fd_sc_hd__buf_1)
                                         _0955_ (net)
                  0.06    0.00    2.09 v _1836_/A (sky130_fd_sc_hd__buf_1)
     3    0.01    0.04    0.10    2.20 v _1836_/X (sky130_fd_sc_hd__buf_1)
                                         _0956_ (net)
                  0.04    0.00    2.20 v _1858_/A (sky130_fd_sc_hd__buf_1)
     2    0.00    0.03    0.09    2.28 v _1858_/X (sky130_fd_sc_hd__buf_1)
                                         _0960_ (net)
                  0.03    0.00    2.28 v _1870_/A (sky130_fd_sc_hd__buf_1)
     4    0.02    0.10    0.14    2.42 v _1870_/X (sky130_fd_sc_hd__buf_1)
                                         _0962_ (net)
                  0.10    0.00    2.42 v _1873_/A (sky130_fd_sc_hd__inv_2)
     1    0.00    0.04    0.06    2.48 ^ _1873_/Y (sky130_fd_sc_hd__inv_2)
                                         _0030_ (net)
                  0.04    0.00    2.48 ^ _2020_/RESET_B (sky130_fd_sc_hd__dfrtp_2)
                                  2.48   data arrival time

                  0.15    0.00    0.00   clock clk (rise edge)
                          0.00    0.00   clock network delay (ideal)
                          0.25    0.25   clock uncertainty
                          0.00    0.25   clock reconvergence pessimism
                                  0.25 ^ _2020_/CLK (sky130_fd_sc_hd__dfrtp_2)
                          0.35    0.60   library removal time
                                  0.60   data required time
-----------------------------------------------------------------------------
                                  0.60   data required time
                                 -2.48   data arrival time
-----------------------------------------------------------------------------
                                  1.89   slack (MET)


Startpoint: reset (input port clocked by clk)
Endpoint: _2021_ (removal check against rising-edge clock clk)
Path Group: asynchronous
Path Type: min

Fanout     Cap    Slew   Delay    Time   Description
-----------------------------------------------------------------------------
                  0.15    0.00    0.00   clock clk (rise edge)
                          0.00    0.00   clock network delay (ideal)
                          2.00    2.00 v input external delay
     1    0.00    0.01    0.00    2.00 v reset (in)
                                         reset (net)
                  0.01    0.00    2.00 v _1835_/A (sky130_fd_sc_hd__buf_1)
     4    0.01    0.06    0.09    2.09 v _1835_/X (sky130_fd_sc_hd__buf_1)
                                         _0955_ (net)
                  0.06    0.00    2.09 v _1836_/A (sky130_fd_sc_hd__buf_1)
     3    0.01    0.04    0.10    2.20 v _1836_/X (sky130_fd_sc_hd__buf_1)
                                         _0956_ (net)
                  0.04    0.00    2.20 v _1858_/A (sky130_fd_sc_hd__buf_1)
     2    0.00    0.03    0.09    2.28 v _1858_/X (sky130_fd_sc_hd__buf_1)
                                         _0960_ (net)
                  0.03    0.00    2.28 v _1870_/A (sky130_fd_sc_hd__buf_1)
     4    0.02    0.10    0.14    2.42 v _1870_/X (sky130_fd_sc_hd__buf_1)
                                         _0962_ (net)
                  0.10    0.00    2.42 v _1874_/A (sky130_fd_sc_hd__inv_2)
     1    0.00    0.04    0.06    2.48 ^ _1874_/Y (sky130_fd_sc_hd__inv_2)
                                         _0031_ (net)
                  0.04    0.00    2.48 ^ _2021_/RESET_B (sky130_fd_sc_hd__dfrtp_2)
                                  2.48   data arrival time

                  0.15    0.00    0.00   clock clk (rise edge)
                          0.00    0.00   clock network delay (ideal)
                          0.25    0.25   clock uncertainty
                          0.00    0.25   clock reconvergence pessimism
                                  0.25 ^ _2021_/CLK (sky130_fd_sc_hd__dfrtp_2)
                          0.35    0.60   library removal time
                                  0.60   data required time
-----------------------------------------------------------------------------
                                  0.60   data required time
                                 -2.48   data arrival time
-----------------------------------------------------------------------------
                                  1.89   slack (MET)


Startpoint: reset (input port clocked by clk)
Endpoint: _2054_ (removal check against rising-edge clock clk)
Path Group: asynchronous
Path Type: min

Fanout     Cap    Slew   Delay    Time   Description
-----------------------------------------------------------------------------
                  0.15    0.00    0.00   clock clk (rise edge)
                          0.00    0.00   clock network delay (ideal)
                          2.00    2.00 v input external delay
     1    0.00    0.01    0.00    2.00 v reset (in)
                                         reset (net)
                  0.01    0.00    2.00 v _1835_/A (sky130_fd_sc_hd__buf_1)
     4    0.01    0.06    0.09    2.09 v _1835_/X (sky130_fd_sc_hd__buf_1)
                                         _0955_ (net)
                  0.06    0.00    2.09 v _1912_/A (sky130_fd_sc_hd__buf_1)
     4    0.01    0.06    0.11    2.21 v _1912_/X (sky130_fd_sc_hd__buf_1)
                                         _0968_ (net)
                  0.06    0.00    2.21 v _1913_/A (sky130_fd_sc_hd__buf_1)
     8    0.03    0.20    0.21    2.42 v _1913_/X (sky130_fd_sc_hd__buf_1)
                                         _0969_ (net)
                  0.20    0.00    2.42 v _1914_/A (sky130_fd_sc_hd__inv_2)
     1    0.00    0.06    0.08    2.50 ^ _1914_/Y (sky130_fd_sc_hd__inv_2)
                                         _0064_ (net)
                  0.06    0.00    2.50 ^ _2054_/RESET_B (sky130_fd_sc_hd__dfrtp_2)
                                  2.50   data arrival time

                  0.15    0.00    0.00   clock clk (rise edge)
                          0.00    0.00   clock network delay (ideal)
                          0.25    0.25   clock uncertainty
                          0.00    0.25   clock reconvergence pessimism
                                  0.25 ^ _2054_/CLK (sky130_fd_sc_hd__dfrtp_2)
                          0.35    0.60   library removal time
                                  0.60   data required time
-----------------------------------------------------------------------------
                                  0.60   data required time
                                 -2.50   data arrival time
-----------------------------------------------------------------------------
                                  1.90   slack (MET)


Startpoint: reset (input port clocked by clk)
Endpoint: _2055_ (removal check against rising-edge clock clk)
Path Group: asynchronous
Path Type: min

Fanout     Cap    Slew   Delay    Time   Description
-----------------------------------------------------------------------------
                  0.15    0.00    0.00   clock clk (rise edge)
                          0.00    0.00   clock network delay (ideal)
                          2.00    2.00 v input external delay
     1    0.00    0.01    0.00    2.00 v reset (in)
                                         reset (net)
                  0.01    0.00    2.00 v _1835_/A (sky130_fd_sc_hd__buf_1)
     4    0.01    0.06    0.09    2.09 v _1835_/X (sky130_fd_sc_hd__buf_1)
                                         _0955_ (net)
                  0.06    0.00    2.09 v _1912_/A (sky130_fd_sc_hd__buf_1)
     4    0.01    0.06    0.11    2.21 v _1912_/X (sky130_fd_sc_hd__buf_1)
                                         _0968_ (net)
                  0.06    0.00    2.21 v _1913_/A (sky130_fd_sc_hd__buf_1)
     8    0.03    0.20    0.21    2.42 v _1913_/X (sky130_fd_sc_hd__buf_1)
                                         _0969_ (net)
                  0.20    0.00    2.42 v _1915_/A (sky130_fd_sc_hd__inv_2)
     1    0.00    0.06    0.08    2.50 ^ _1915_/Y (sky130_fd_sc_hd__inv_2)
                                         _0065_ (net)
                  0.06    0.00    2.50 ^ _2055_/RESET_B (sky130_fd_sc_hd__dfrtp_2)
                                  2.50   data arrival time

                  0.15    0.00    0.00   clock clk (rise edge)
                          0.00    0.00   clock network delay (ideal)
                          0.25    0.25   clock uncertainty
                          0.00    0.25   clock reconvergence pessimism
                                  0.25 ^ _2055_/CLK (sky130_fd_sc_hd__dfrtp_2)
                          0.35    0.60   library removal time
                                  0.60   data required time
-----------------------------------------------------------------------------
                                  0.60   data required time
                                 -2.50   data arrival time
-----------------------------------------------------------------------------
                                  1.90   slack (MET)


Startpoint: reset (input port clocked by clk)
Endpoint: _2056_ (removal check against rising-edge clock clk)
Path Group: asynchronous
Path Type: min

Fanout     Cap    Slew   Delay    Time   Description
-----------------------------------------------------------------------------
                  0.15    0.00    0.00   clock clk (rise edge)
                          0.00    0.00   clock network delay (ideal)
                          2.00    2.00 v input external delay
     1    0.00    0.01    0.00    2.00 v reset (in)
                                         reset (net)
                  0.01    0.00    2.00 v _1835_/A (sky130_fd_sc_hd__buf_1)
     4    0.01    0.06    0.09    2.09 v _1835_/X (sky130_fd_sc_hd__buf_1)
                                         _0955_ (net)
                  0.06    0.00    2.09 v _1912_/A (sky130_fd_sc_hd__buf_1)
     4    0.01    0.06    0.11    2.21 v _1912_/X (sky130_fd_sc_hd__buf_1)
                                         _0968_ (net)
                  0.06    0.00    2.21 v _1913_/A (sky130_fd_sc_hd__buf_1)
     8    0.03    0.20    0.21    2.42 v _1913_/X (sky130_fd_sc_hd__buf_1)
                                         _0969_ (net)
                  0.20    0.00    2.42 v _1916_/A (sky130_fd_sc_hd__inv_2)
     1    0.00    0.06    0.08    2.50 ^ _1916_/Y (sky130_fd_sc_hd__inv_2)
                                         _0066_ (net)
                  0.06    0.00    2.50 ^ _2056_/RESET_B (sky130_fd_sc_hd__dfrtp_2)
                                  2.50   data arrival time

                  0.15    0.00    0.00   clock clk (rise edge)
                          0.00    0.00   clock network delay (ideal)
                          0.25    0.25   clock uncertainty
                          0.00    0.25   clock reconvergence pessimism
                                  0.25 ^ _2056_/CLK (sky130_fd_sc_hd__dfrtp_2)
                          0.35    0.60   library removal time
                                  0.60   data required time
-----------------------------------------------------------------------------
                                  0.60   data required time
                                 -2.50   data arrival time
-----------------------------------------------------------------------------
                                  1.90   slack (MET)


Startpoint: reset (input port clocked by clk)
Endpoint: _2057_ (removal check against rising-edge clock clk)
Path Group: asynchronous
Path Type: min

Fanout     Cap    Slew   Delay    Time   Description
-----------------------------------------------------------------------------
                  0.15    0.00    0.00   clock clk (rise edge)
                          0.00    0.00   clock network delay (ideal)
                          2.00    2.00 v input external delay
     1    0.00    0.01    0.00    2.00 v reset (in)
                                         reset (net)
                  0.01    0.00    2.00 v _1835_/A (sky130_fd_sc_hd__buf_1)
     4    0.01    0.06    0.09    2.09 v _1835_/X (sky130_fd_sc_hd__buf_1)
                                         _0955_ (net)
                  0.06    0.00    2.09 v _1912_/A (sky130_fd_sc_hd__buf_1)
     4    0.01    0.06    0.11    2.21 v _1912_/X (sky130_fd_sc_hd__buf_1)
                                         _0968_ (net)
                  0.06    0.00    2.21 v _1913_/A (sky130_fd_sc_hd__buf_1)
     8    0.03    0.20    0.21    2.42 v _1913_/X (sky130_fd_sc_hd__buf_1)
                                         _0969_ (net)
                  0.20    0.00    2.42 v _1917_/A (sky130_fd_sc_hd__inv_2)
     1    0.00    0.06    0.08    2.50 ^ _1917_/Y (sky130_fd_sc_hd__inv_2)
                                         _0067_ (net)
                  0.06    0.00    2.50 ^ _2057_/RESET_B (sky130_fd_sc_hd__dfrtp_2)
                                  2.50   data arrival time

                  0.15    0.00    0.00   clock clk (rise edge)
                          0.00    0.00   clock network delay (ideal)
                          0.25    0.25   clock uncertainty
                          0.00    0.25   clock reconvergence pessimism
                                  0.25 ^ _2057_/CLK (sky130_fd_sc_hd__dfrtp_2)
                          0.35    0.60   library removal time
                                  0.60   data required time
-----------------------------------------------------------------------------
                                  0.60   data required time
                                 -2.50   data arrival time
-----------------------------------------------------------------------------
                                  1.90   slack (MET)


Startpoint: reset (input port clocked by clk)
Endpoint: _2058_ (removal check against rising-edge clock clk)
Path Group: asynchronous
Path Type: min

Fanout     Cap    Slew   Delay    Time   Description
-----------------------------------------------------------------------------
                  0.15    0.00    0.00   clock clk (rise edge)
                          0.00    0.00   clock network delay (ideal)
                          2.00    2.00 v input external delay
     1    0.00    0.01    0.00    2.00 v reset (in)
                                         reset (net)
                  0.01    0.00    2.00 v _1835_/A (sky130_fd_sc_hd__buf_1)
     4    0.01    0.06    0.09    2.09 v _1835_/X (sky130_fd_sc_hd__buf_1)
                                         _0955_ (net)
                  0.06    0.00    2.09 v _1912_/A (sky130_fd_sc_hd__buf_1)
     4    0.01    0.06    0.11    2.21 v _1912_/X (sky130_fd_sc_hd__buf_1)
                                         _0968_ (net)
                  0.06    0.00    2.21 v _1913_/A (sky130_fd_sc_hd__buf_1)
     8    0.03    0.20    0.21    2.42 v _1913_/X (sky130_fd_sc_hd__buf_1)
                                         _0969_ (net)
                  0.20    0.00    2.42 v _1918_/A (sky130_fd_sc_hd__inv_2)
     1    0.00    0.06    0.08    2.50 ^ _1918_/Y (sky130_fd_sc_hd__inv_2)
                                         _0068_ (net)
                  0.06    0.00    2.50 ^ _2058_/RESET_B (sky130_fd_sc_hd__dfrtp_2)
                                  2.50   data arrival time

                  0.15    0.00    0.00   clock clk (rise edge)
                          0.00    0.00   clock network delay (ideal)
                          0.25    0.25   clock uncertainty
                          0.00    0.25   clock reconvergence pessimism
                                  0.25 ^ _2058_/CLK (sky130_fd_sc_hd__dfrtp_2)
                          0.35    0.60   library removal time
                                  0.60   data required time
-----------------------------------------------------------------------------
                                  0.60   data required time
                                 -2.50   data arrival time
-----------------------------------------------------------------------------
                                  1.90   slack (MET)


Startpoint: reset (input port clocked by clk)
Endpoint: _2059_ (removal check against rising-edge clock clk)
Path Group: asynchronous
Path Type: min

Fanout     Cap    Slew   Delay    Time   Description
-----------------------------------------------------------------------------
                  0.15    0.00    0.00   clock clk (rise edge)
                          0.00    0.00   clock network delay (ideal)
                          2.00    2.00 v input external delay
     1    0.00    0.01    0.00    2.00 v reset (in)
                                         reset (net)
                  0.01    0.00    2.00 v _1835_/A (sky130_fd_sc_hd__buf_1)
     4    0.01    0.06    0.09    2.09 v _1835_/X (sky130_fd_sc_hd__buf_1)
                                         _0955_ (net)
                  0.06    0.00    2.09 v _1912_/A (sky130_fd_sc_hd__buf_1)
     4    0.01    0.06    0.11    2.21 v _1912_/X (sky130_fd_sc_hd__buf_1)
                                         _0968_ (net)
                  0.06    0.00    2.21 v _1913_/A (sky130_fd_sc_hd__buf_1)
     8    0.03    0.20    0.21    2.42 v _1913_/X (sky130_fd_sc_hd__buf_1)
                                         _0969_ (net)
                  0.20    0.00    2.42 v _1919_/A (sky130_fd_sc_hd__inv_2)
     1    0.00    0.06    0.08    2.50 ^ _1919_/Y (sky130_fd_sc_hd__inv_2)
                                         _0069_ (net)
                  0.06    0.00    2.50 ^ _2059_/RESET_B (sky130_fd_sc_hd__dfrtp_2)
                                  2.50   data arrival time

                  0.15    0.00    0.00   clock clk (rise edge)
                          0.00    0.00   clock network delay (ideal)
                          0.25    0.25   clock uncertainty
                          0.00    0.25   clock reconvergence pessimism
                                  0.25 ^ _2059_/CLK (sky130_fd_sc_hd__dfrtp_2)
                          0.35    0.60   library removal time
                                  0.60   data required time
-----------------------------------------------------------------------------
                                  0.60   data required time
                                 -2.50   data arrival time
-----------------------------------------------------------------------------
                                  1.90   slack (MET)


Startpoint: reset (input port clocked by clk)
Endpoint: _2060_ (removal check against rising-edge clock clk)
Path Group: asynchronous
Path Type: min

Fanout     Cap    Slew   Delay    Time   Description
-----------------------------------------------------------------------------
                  0.15    0.00    0.00   clock clk (rise edge)
                          0.00    0.00   clock network delay (ideal)
                          2.00    2.00 v input external delay
     1    0.00    0.01    0.00    2.00 v reset (in)
                                         reset (net)
                  0.01    0.00    2.00 v _1835_/A (sky130_fd_sc_hd__buf_1)
     4    0.01    0.06    0.09    2.09 v _1835_/X (sky130_fd_sc_hd__buf_1)
                                         _0955_ (net)
                  0.06    0.00    2.09 v _1912_/A (sky130_fd_sc_hd__buf_1)
     4    0.01    0.06    0.11    2.21 v _1912_/X (sky130_fd_sc_hd__buf_1)
                                         _0968_ (net)
                  0.06    0.00    2.21 v _1913_/A (sky130_fd_sc_hd__buf_1)
     8    0.03    0.20    0.21    2.42 v _1913_/X (sky130_fd_sc_hd__buf_1)
                                         _0969_ (net)
                  0.20    0.00    2.42 v _1920_/A (sky130_fd_sc_hd__inv_2)
     1    0.00    0.06    0.08    2.50 ^ _1920_/Y (sky130_fd_sc_hd__inv_2)
                                         _0070_ (net)
                  0.06    0.00    2.50 ^ _2060_/RESET_B (sky130_fd_sc_hd__dfrtp_2)
                                  2.50   data arrival time

                  0.15    0.00    0.00   clock clk (rise edge)
                          0.00    0.00   clock network delay (ideal)
                          0.25    0.25   clock uncertainty
                          0.00    0.25   clock reconvergence pessimism
                                  0.25 ^ _2060_/CLK (sky130_fd_sc_hd__dfrtp_2)
                          0.35    0.60   library removal time
                                  0.60   data required time
-----------------------------------------------------------------------------
                                  0.60   data required time
                                 -2.50   data arrival time
-----------------------------------------------------------------------------
                                  1.90   slack (MET)


Startpoint: reset (input port clocked by clk)
Endpoint: _2061_ (removal check against rising-edge clock clk)
Path Group: asynchronous
Path Type: min

Fanout     Cap    Slew   Delay    Time   Description
-----------------------------------------------------------------------------
                  0.15    0.00    0.00   clock clk (rise edge)
                          0.00    0.00   clock network delay (ideal)
                          2.00    2.00 v input external delay
     1    0.00    0.01    0.00    2.00 v reset (in)
                                         reset (net)
                  0.01    0.00    2.00 v _1835_/A (sky130_fd_sc_hd__buf_1)
     4    0.01    0.06    0.09    2.09 v _1835_/X (sky130_fd_sc_hd__buf_1)
                                         _0955_ (net)
                  0.06    0.00    2.09 v _1912_/A (sky130_fd_sc_hd__buf_1)
     4    0.01    0.06    0.11    2.21 v _1912_/X (sky130_fd_sc_hd__buf_1)
                                         _0968_ (net)
                  0.06    0.00    2.21 v _1913_/A (sky130_fd_sc_hd__buf_1)
     8    0.03    0.20    0.21    2.42 v _1913_/X (sky130_fd_sc_hd__buf_1)
                                         _0969_ (net)
                  0.20    0.00    2.42 v _1921_/A (sky130_fd_sc_hd__inv_2)
     1    0.00    0.06    0.08    2.50 ^ _1921_/Y (sky130_fd_sc_hd__inv_2)
                                         _0071_ (net)
                  0.06    0.00    2.50 ^ _2061_/RESET_B (sky130_fd_sc_hd__dfrtp_2)
                                  2.50   data arrival time

                  0.15    0.00    0.00   clock clk (rise edge)
                          0.00    0.00   clock network delay (ideal)
                          0.25    0.25   clock uncertainty
                          0.00    0.25   clock reconvergence pessimism
                                  0.25 ^ _2061_/CLK (sky130_fd_sc_hd__dfrtp_2)
                          0.35    0.60   library removal time
                                  0.60   data required time
-----------------------------------------------------------------------------
                                  0.60   data required time
                                 -2.50   data arrival time
-----------------------------------------------------------------------------
                                  1.90   slack (MET)


Startpoint: reset (input port clocked by clk)
Endpoint: _2050_ (removal check against rising-edge clock clk)
Path Group: asynchronous
Path Type: min

Fanout     Cap    Slew   Delay    Time   Description
-----------------------------------------------------------------------------
                  0.15    0.00    0.00   clock clk (rise edge)
                          0.00    0.00   clock network delay (ideal)
                          2.00    2.00 v input external delay
     1    0.00    0.01    0.00    2.00 v reset (in)
                                         reset (net)
                  0.01    0.00    2.00 v _1835_/A (sky130_fd_sc_hd__buf_1)
     4    0.01    0.06    0.09    2.09 v _1835_/X (sky130_fd_sc_hd__buf_1)
                                         _0955_ (net)
                  0.06    0.00    2.09 v _1836_/A (sky130_fd_sc_hd__buf_1)
     3    0.01    0.04    0.10    2.20 v _1836_/X (sky130_fd_sc_hd__buf_1)
                                         _0956_ (net)
                  0.04    0.00    2.20 v _1875_/A (sky130_fd_sc_hd__buf_1)
     4    0.01    0.06    0.11    2.30 v _1875_/X (sky130_fd_sc_hd__buf_1)
                                         _0963_ (net)
                  0.06    0.00    2.30 v _1907_/A (sky130_fd_sc_hd__buf_1)
     4    0.02    0.10    0.15    2.45 v _1907_/X (sky130_fd_sc_hd__buf_1)
                                         _0967_ (net)
                  0.10    0.00    2.45 v _1908_/A (sky130_fd_sc_hd__inv_2)
     1    0.00    0.04    0.06    2.51 ^ _1908_/Y (sky130_fd_sc_hd__inv_2)
                                         _0060_ (net)
                  0.04    0.00    2.51 ^ _2050_/RESET_B (sky130_fd_sc_hd__dfrtp_2)
                                  2.51   data arrival time

                  0.15    0.00    0.00   clock clk (rise edge)
                          0.00    0.00   clock network delay (ideal)
                          0.25    0.25   clock uncertainty
                          0.00    0.25   clock reconvergence pessimism
                                  0.25 ^ _2050_/CLK (sky130_fd_sc_hd__dfrtp_2)
                          0.35    0.60   library removal time
                                  0.60   data required time
-----------------------------------------------------------------------------
                                  0.60   data required time
                                 -2.51   data arrival time
-----------------------------------------------------------------------------
                                  1.91   slack (MET)


Startpoint: reset (input port clocked by clk)
Endpoint: _2051_ (removal check against rising-edge clock clk)
Path Group: asynchronous
Path Type: min

Fanout     Cap    Slew   Delay    Time   Description
-----------------------------------------------------------------------------
                  0.15    0.00    0.00   clock clk (rise edge)
                          0.00    0.00   clock network delay (ideal)
                          2.00    2.00 v input external delay
     1    0.00    0.01    0.00    2.00 v reset (in)
                                         reset (net)
                  0.01    0.00    2.00 v _1835_/A (sky130_fd_sc_hd__buf_1)
     4    0.01    0.06    0.09    2.09 v _1835_/X (sky130_fd_sc_hd__buf_1)
                                         _0955_ (net)
                  0.06    0.00    2.09 v _1836_/A (sky130_fd_sc_hd__buf_1)
     3    0.01    0.04    0.10    2.20 v _1836_/X (sky130_fd_sc_hd__buf_1)
                                         _0956_ (net)
                  0.04    0.00    2.20 v _1875_/A (sky130_fd_sc_hd__buf_1)
     4    0.01    0.06    0.11    2.30 v _1875_/X (sky130_fd_sc_hd__buf_1)
                                         _0963_ (net)
                  0.06    0.00    2.30 v _1907_/A (sky130_fd_sc_hd__buf_1)
     4    0.02    0.10    0.15    2.45 v _1907_/X (sky130_fd_sc_hd__buf_1)
                                         _0967_ (net)
                  0.10    0.00    2.45 v _1909_/A (sky130_fd_sc_hd__inv_2)
     1    0.00    0.04    0.06    2.51 ^ _1909_/Y (sky130_fd_sc_hd__inv_2)
                                         _0061_ (net)
                  0.04    0.00    2.51 ^ _2051_/RESET_B (sky130_fd_sc_hd__dfrtp_2)
                                  2.51   data arrival time

                  0.15    0.00    0.00   clock clk (rise edge)
                          0.00    0.00   clock network delay (ideal)
                          0.25    0.25   clock uncertainty
                          0.00    0.25   clock reconvergence pessimism
                                  0.25 ^ _2051_/CLK (sky130_fd_sc_hd__dfrtp_2)
                          0.35    0.60   library removal time
                                  0.60   data required time
-----------------------------------------------------------------------------
                                  0.60   data required time
                                 -2.51   data arrival time
-----------------------------------------------------------------------------
                                  1.91   slack (MET)


Startpoint: reset (input port clocked by clk)
Endpoint: _2052_ (removal check against rising-edge clock clk)
Path Group: asynchronous
Path Type: min

Fanout     Cap    Slew   Delay    Time   Description
-----------------------------------------------------------------------------
                  0.15    0.00    0.00   clock clk (rise edge)
                          0.00    0.00   clock network delay (ideal)
                          2.00    2.00 v input external delay
     1    0.00    0.01    0.00    2.00 v reset (in)
                                         reset (net)
                  0.01    0.00    2.00 v _1835_/A (sky130_fd_sc_hd__buf_1)
     4    0.01    0.06    0.09    2.09 v _1835_/X (sky130_fd_sc_hd__buf_1)
                                         _0955_ (net)
                  0.06    0.00    2.09 v _1836_/A (sky130_fd_sc_hd__buf_1)
     3    0.01    0.04    0.10    2.20 v _1836_/X (sky130_fd_sc_hd__buf_1)
                                         _0956_ (net)
                  0.04    0.00    2.20 v _1875_/A (sky130_fd_sc_hd__buf_1)
     4    0.01    0.06    0.11    2.30 v _1875_/X (sky130_fd_sc_hd__buf_1)
                                         _0963_ (net)
                  0.06    0.00    2.30 v _1907_/A (sky130_fd_sc_hd__buf_1)
     4    0.02    0.10    0.15    2.45 v _1907_/X (sky130_fd_sc_hd__buf_1)
                                         _0967_ (net)
                  0.10    0.00    2.45 v _1910_/A (sky130_fd_sc_hd__inv_2)
     1    0.00    0.04    0.06    2.51 ^ _1910_/Y (sky130_fd_sc_hd__inv_2)
                                         _0062_ (net)
                  0.04    0.00    2.51 ^ _2052_/RESET_B (sky130_fd_sc_hd__dfrtp_2)
                                  2.51   data arrival time

                  0.15    0.00    0.00   clock clk (rise edge)
                          0.00    0.00   clock network delay (ideal)
                          0.25    0.25   clock uncertainty
                          0.00    0.25   clock reconvergence pessimism
                                  0.25 ^ _2052_/CLK (sky130_fd_sc_hd__dfrtp_2)
                          0.35    0.60   library removal time
                                  0.60   data required time
-----------------------------------------------------------------------------
                                  0.60   data required time
                                 -2.51   data arrival time
-----------------------------------------------------------------------------
                                  1.91   slack (MET)


Startpoint: reset (input port clocked by clk)
Endpoint: _2053_ (removal check against rising-edge clock clk)
Path Group: asynchronous
Path Type: min

Fanout     Cap    Slew   Delay    Time   Description
-----------------------------------------------------------------------------
                  0.15    0.00    0.00   clock clk (rise edge)
                          0.00    0.00   clock network delay (ideal)
                          2.00    2.00 v input external delay
     1    0.00    0.01    0.00    2.00 v reset (in)
                                         reset (net)
                  0.01    0.00    2.00 v _1835_/A (sky130_fd_sc_hd__buf_1)
     4    0.01    0.06    0.09    2.09 v _1835_/X (sky130_fd_sc_hd__buf_1)
                                         _0955_ (net)
                  0.06    0.00    2.09 v _1836_/A (sky130_fd_sc_hd__buf_1)
     3    0.01    0.04    0.10    2.20 v _1836_/X (sky130_fd_sc_hd__buf_1)
                                         _0956_ (net)
                  0.04    0.00    2.20 v _1875_/A (sky130_fd_sc_hd__buf_1)
     4    0.01    0.06    0.11    2.30 v _1875_/X (sky130_fd_sc_hd__buf_1)
                                         _0963_ (net)
                  0.06    0.00    2.30 v _1907_/A (sky130_fd_sc_hd__buf_1)
     4    0.02    0.10    0.15    2.45 v _1907_/X (sky130_fd_sc_hd__buf_1)
                                         _0967_ (net)
                  0.10    0.00    2.45 v _1911_/A (sky130_fd_sc_hd__inv_2)
     1    0.00    0.04    0.06    2.51 ^ _1911_/Y (sky130_fd_sc_hd__inv_2)
                                         _0063_ (net)
                  0.04    0.00    2.51 ^ _2053_/RESET_B (sky130_fd_sc_hd__dfrtp_2)
                                  2.51   data arrival time

                  0.15    0.00    0.00   clock clk (rise edge)
                          0.00    0.00   clock network delay (ideal)
                          0.25    0.25   clock uncertainty
                          0.00    0.25   clock reconvergence pessimism
                                  0.25 ^ _2053_/CLK (sky130_fd_sc_hd__dfrtp_2)
                          0.35    0.60   library removal time
                                  0.60   data required time
-----------------------------------------------------------------------------
                                  0.60   data required time
                                 -2.51   data arrival time
-----------------------------------------------------------------------------
                                  1.91   slack (MET)


Startpoint: reset (input port clocked by clk)
Endpoint: _2094_ (removal check against rising-edge clock clk)
Path Group: asynchronous
Path Type: min

Fanout     Cap    Slew   Delay    Time   Description
-----------------------------------------------------------------------------
                  0.15    0.00    0.00   clock clk (rise edge)
                          0.00    0.00   clock network delay (ideal)
                          2.00    2.00 v input external delay
     1    0.00    0.01    0.00    2.00 v reset (in)
                                         reset (net)
                  0.01    0.00    2.00 v _1835_/A (sky130_fd_sc_hd__buf_1)
     4    0.01    0.06    0.09    2.09 v _1835_/X (sky130_fd_sc_hd__buf_1)
                                         _0955_ (net)
                  0.06    0.00    2.09 v _1949_/A (sky130_fd_sc_hd__buf_1)
     2    0.00    0.03    0.09    2.19 v _1949_/X (sky130_fd_sc_hd__buf_1)
                                         _0973_ (net)
                  0.03    0.00    2.19 v _1959_/A (sky130_fd_sc_hd__buf_1)
    10    0.04    0.25    0.24    2.43 v _1959_/X (sky130_fd_sc_hd__buf_1)
                                         _0975_ (net)
                  0.25    0.00    2.43 v _1960_/A (sky130_fd_sc_hd__inv_2)
     1    0.00    0.06    0.09    2.52 ^ _1960_/Y (sky130_fd_sc_hd__inv_2)
                                         _0104_ (net)
                  0.06    0.00    2.52 ^ _2094_/RESET_B (sky130_fd_sc_hd__dfrtp_2)
                                  2.52   data arrival time

                  0.15    0.00    0.00   clock clk (rise edge)
                          0.00    0.00   clock network delay (ideal)
                          0.25    0.25   clock uncertainty
                          0.00    0.25   clock reconvergence pessimism
                                  0.25 ^ _2094_/CLK (sky130_fd_sc_hd__dfrtp_2)
                          0.35    0.60   library removal time
                                  0.60   data required time
-----------------------------------------------------------------------------
                                  0.60   data required time
                                 -2.52   data arrival time
-----------------------------------------------------------------------------
                                  1.92   slack (MET)


Startpoint: reset (input port clocked by clk)
Endpoint: _2095_ (removal check against rising-edge clock clk)
Path Group: asynchronous
Path Type: min

Fanout     Cap    Slew   Delay    Time   Description
-----------------------------------------------------------------------------
                  0.15    0.00    0.00   clock clk (rise edge)
                          0.00    0.00   clock network delay (ideal)
                          2.00    2.00 v input external delay
     1    0.00    0.01    0.00    2.00 v reset (in)
                                         reset (net)
                  0.01    0.00    2.00 v _1835_/A (sky130_fd_sc_hd__buf_1)
     4    0.01    0.06    0.09    2.09 v _1835_/X (sky130_fd_sc_hd__buf_1)
                                         _0955_ (net)
                  0.06    0.00    2.09 v _1949_/A (sky130_fd_sc_hd__buf_1)
     2    0.00    0.03    0.09    2.19 v _1949_/X (sky130_fd_sc_hd__buf_1)
                                         _0973_ (net)
                  0.03    0.00    2.19 v _1959_/A (sky130_fd_sc_hd__buf_1)
    10    0.04    0.25    0.24    2.43 v _1959_/X (sky130_fd_sc_hd__buf_1)
                                         _0975_ (net)
                  0.25    0.00    2.43 v _1961_/A (sky130_fd_sc_hd__inv_2)
     1    0.00    0.06    0.09    2.52 ^ _1961_/Y (sky130_fd_sc_hd__inv_2)
                                         _0105_ (net)
                  0.06    0.00    2.52 ^ _2095_/RESET_B (sky130_fd_sc_hd__dfrtp_2)
                                  2.52   data arrival time

                  0.15    0.00    0.00   clock clk (rise edge)
                          0.00    0.00   clock network delay (ideal)
                          0.25    0.25   clock uncertainty
                          0.00    0.25   clock reconvergence pessimism
                                  0.25 ^ _2095_/CLK (sky130_fd_sc_hd__dfrtp_2)
                          0.35    0.60   library removal time
                                  0.60   data required time
-----------------------------------------------------------------------------
                                  0.60   data required time
                                 -2.52   data arrival time
-----------------------------------------------------------------------------
                                  1.92   slack (MET)


Startpoint: reset (input port clocked by clk)
Endpoint: _2096_ (removal check against rising-edge clock clk)
Path Group: asynchronous
Path Type: min

Fanout     Cap    Slew   Delay    Time   Description
-----------------------------------------------------------------------------
                  0.15    0.00    0.00   clock clk (rise edge)
                          0.00    0.00   clock network delay (ideal)
                          2.00    2.00 v input external delay
     1    0.00    0.01    0.00    2.00 v reset (in)
                                         reset (net)
                  0.01    0.00    2.00 v _1835_/A (sky130_fd_sc_hd__buf_1)
     4    0.01    0.06    0.09    2.09 v _1835_/X (sky130_fd_sc_hd__buf_1)
                                         _0955_ (net)
                  0.06    0.00    2.09 v _1949_/A (sky130_fd_sc_hd__buf_1)
     2    0.00    0.03    0.09    2.19 v _1949_/X (sky130_fd_sc_hd__buf_1)
                                         _0973_ (net)
                  0.03    0.00    2.19 v _1959_/A (sky130_fd_sc_hd__buf_1)
    10    0.04    0.25    0.24    2.43 v _1959_/X (sky130_fd_sc_hd__buf_1)
                                         _0975_ (net)
                  0.25    0.00    2.43 v _1962_/A (sky130_fd_sc_hd__inv_2)
     1    0.00    0.06    0.09    2.52 ^ _1962_/Y (sky130_fd_sc_hd__inv_2)
                                         _0106_ (net)
                  0.06    0.00    2.52 ^ _2096_/RESET_B (sky130_fd_sc_hd__dfrtp_2)
                                  2.52   data arrival time

                  0.15    0.00    0.00   clock clk (rise edge)
                          0.00    0.00   clock network delay (ideal)
                          0.25    0.25   clock uncertainty
                          0.00    0.25   clock reconvergence pessimism
                                  0.25 ^ _2096_/CLK (sky130_fd_sc_hd__dfrtp_2)
                          0.35    0.60   library removal time
                                  0.60   data required time
-----------------------------------------------------------------------------
                                  0.60   data required time
                                 -2.52   data arrival time
-----------------------------------------------------------------------------
                                  1.92   slack (MET)


Startpoint: reset (input port clocked by clk)
Endpoint: _2097_ (removal check against rising-edge clock clk)
Path Group: asynchronous
Path Type: min

Fanout     Cap    Slew   Delay    Time   Description
-----------------------------------------------------------------------------
                  0.15    0.00    0.00   clock clk (rise edge)
                          0.00    0.00   clock network delay (ideal)
                          2.00    2.00 v input external delay
     1    0.00    0.01    0.00    2.00 v reset (in)
                                         reset (net)
                  0.01    0.00    2.00 v _1835_/A (sky130_fd_sc_hd__buf_1)
     4    0.01    0.06    0.09    2.09 v _1835_/X (sky130_fd_sc_hd__buf_1)
                                         _0955_ (net)
                  0.06    0.00    2.09 v _1949_/A (sky130_fd_sc_hd__buf_1)
     2    0.00    0.03    0.09    2.19 v _1949_/X (sky130_fd_sc_hd__buf_1)
                                         _0973_ (net)
                  0.03    0.00    2.19 v _1959_/A (sky130_fd_sc_hd__buf_1)
    10    0.04    0.25    0.24    2.43 v _1959_/X (sky130_fd_sc_hd__buf_1)
                                         _0975_ (net)
                  0.25    0.00    2.43 v _1963_/A (sky130_fd_sc_hd__inv_2)
     1    0.00    0.06    0.09    2.52 ^ _1963_/Y (sky130_fd_sc_hd__inv_2)
                                         _0107_ (net)
                  0.06    0.00    2.52 ^ _2097_/RESET_B (sky130_fd_sc_hd__dfrtp_2)
                                  2.52   data arrival time

                  0.15    0.00    0.00   clock clk (rise edge)
                          0.00    0.00   clock network delay (ideal)
                          0.25    0.25   clock uncertainty
                          0.00    0.25   clock reconvergence pessimism
                                  0.25 ^ _2097_/CLK (sky130_fd_sc_hd__dfrtp_2)
                          0.35    0.60   library removal time
                                  0.60   data required time
-----------------------------------------------------------------------------
                                  0.60   data required time
                                 -2.52   data arrival time
-----------------------------------------------------------------------------
                                  1.92   slack (MET)


Startpoint: reset (input port clocked by clk)
Endpoint: _2098_ (removal check against rising-edge clock clk)
Path Group: asynchronous
Path Type: min

Fanout     Cap    Slew   Delay    Time   Description
-----------------------------------------------------------------------------
                  0.15    0.00    0.00   clock clk (rise edge)
                          0.00    0.00   clock network delay (ideal)
                          2.00    2.00 v input external delay
     1    0.00    0.01    0.00    2.00 v reset (in)
                                         reset (net)
                  0.01    0.00    2.00 v _1835_/A (sky130_fd_sc_hd__buf_1)
     4    0.01    0.06    0.09    2.09 v _1835_/X (sky130_fd_sc_hd__buf_1)
                                         _0955_ (net)
                  0.06    0.00    2.09 v _1949_/A (sky130_fd_sc_hd__buf_1)
     2    0.00    0.03    0.09    2.19 v _1949_/X (sky130_fd_sc_hd__buf_1)
                                         _0973_ (net)
                  0.03    0.00    2.19 v _1959_/A (sky130_fd_sc_hd__buf_1)
    10    0.04    0.25    0.24    2.43 v _1959_/X (sky130_fd_sc_hd__buf_1)
                                         _0975_ (net)
                  0.25    0.00    2.43 v _1964_/A (sky130_fd_sc_hd__inv_2)
     1    0.00    0.06    0.09    2.52 ^ _1964_/Y (sky130_fd_sc_hd__inv_2)
                                         _0108_ (net)
                  0.06    0.00    2.52 ^ _2098_/RESET_B (sky130_fd_sc_hd__dfrtp_2)
                                  2.52   data arrival time

                  0.15    0.00    0.00   clock clk (rise edge)
                          0.00    0.00   clock network delay (ideal)
                          0.25    0.25   clock uncertainty
                          0.00    0.25   clock reconvergence pessimism
                                  0.25 ^ _2098_/CLK (sky130_fd_sc_hd__dfrtp_2)
                          0.35    0.60   library removal time
                                  0.60   data required time
-----------------------------------------------------------------------------
                                  0.60   data required time
                                 -2.52   data arrival time
-----------------------------------------------------------------------------
                                  1.92   slack (MET)


Startpoint: reset (input port clocked by clk)
Endpoint: _2099_ (removal check against rising-edge clock clk)
Path Group: asynchronous
Path Type: min

Fanout     Cap    Slew   Delay    Time   Description
-----------------------------------------------------------------------------
                  0.15    0.00    0.00   clock clk (rise edge)
                          0.00    0.00   clock network delay (ideal)
                          2.00    2.00 v input external delay
     1    0.00    0.01    0.00    2.00 v reset (in)
                                         reset (net)
                  0.01    0.00    2.00 v _1835_/A (sky130_fd_sc_hd__buf_1)
     4    0.01    0.06    0.09    2.09 v _1835_/X (sky130_fd_sc_hd__buf_1)
                                         _0955_ (net)
                  0.06    0.00    2.09 v _1949_/A (sky130_fd_sc_hd__buf_1)
     2    0.00    0.03    0.09    2.19 v _1949_/X (sky130_fd_sc_hd__buf_1)
                                         _0973_ (net)
                  0.03    0.00    2.19 v _1959_/A (sky130_fd_sc_hd__buf_1)
    10    0.04    0.25    0.24    2.43 v _1959_/X (sky130_fd_sc_hd__buf_1)
                                         _0975_ (net)
                  0.25    0.00    2.43 v _1965_/A (sky130_fd_sc_hd__inv_2)
     1    0.00    0.06    0.09    2.52 ^ _1965_/Y (sky130_fd_sc_hd__inv_2)
                                         _0109_ (net)
                  0.06    0.00    2.52 ^ _2099_/RESET_B (sky130_fd_sc_hd__dfrtp_2)
                                  2.52   data arrival time

                  0.15    0.00    0.00   clock clk (rise edge)
                          0.00    0.00   clock network delay (ideal)
                          0.25    0.25   clock uncertainty
                          0.00    0.25   clock reconvergence pessimism
                                  0.25 ^ _2099_/CLK (sky130_fd_sc_hd__dfrtp_2)
                          0.35    0.60   library removal time
                                  0.60   data required time
-----------------------------------------------------------------------------
                                  0.60   data required time
                                 -2.52   data arrival time
-----------------------------------------------------------------------------
                                  1.92   slack (MET)


Startpoint: reset (input port clocked by clk)
Endpoint: _2100_ (removal check against rising-edge clock clk)
Path Group: asynchronous
Path Type: min

Fanout     Cap    Slew   Delay    Time   Description
-----------------------------------------------------------------------------
                  0.15    0.00    0.00   clock clk (rise edge)
                          0.00    0.00   clock network delay (ideal)
                          2.00    2.00 v input external delay
     1    0.00    0.01    0.00    2.00 v reset (in)
                                         reset (net)
                  0.01    0.00    2.00 v _1835_/A (sky130_fd_sc_hd__buf_1)
     4    0.01    0.06    0.09    2.09 v _1835_/X (sky130_fd_sc_hd__buf_1)
                                         _0955_ (net)
                  0.06    0.00    2.09 v _1949_/A (sky130_fd_sc_hd__buf_1)
     2    0.00    0.03    0.09    2.19 v _1949_/X (sky130_fd_sc_hd__buf_1)
                                         _0973_ (net)
                  0.03    0.00    2.19 v _1959_/A (sky130_fd_sc_hd__buf_1)
    10    0.04    0.25    0.24    2.43 v _1959_/X (sky130_fd_sc_hd__buf_1)
                                         _0975_ (net)
                  0.25    0.00    2.43 v _1966_/A (sky130_fd_sc_hd__inv_2)
     1    0.00    0.06    0.09    2.52 ^ _1966_/Y (sky130_fd_sc_hd__inv_2)
                                         _0110_ (net)
                  0.06    0.00    2.52 ^ _2100_/RESET_B (sky130_fd_sc_hd__dfrtp_2)
                                  2.52   data arrival time

                  0.15    0.00    0.00   clock clk (rise edge)
                          0.00    0.00   clock network delay (ideal)
                          0.25    0.25   clock uncertainty
                          0.00    0.25   clock reconvergence pessimism
                                  0.25 ^ _2100_/CLK (sky130_fd_sc_hd__dfrtp_2)
                          0.35    0.60   library removal time
                                  0.60   data required time
-----------------------------------------------------------------------------
                                  0.60   data required time
                                 -2.52   data arrival time
-----------------------------------------------------------------------------
                                  1.92   slack (MET)


Startpoint: reset (input port clocked by clk)
Endpoint: _2101_ (removal check against rising-edge clock clk)
Path Group: asynchronous
Path Type: min

Fanout     Cap    Slew   Delay    Time   Description
-----------------------------------------------------------------------------
                  0.15    0.00    0.00   clock clk (rise edge)
                          0.00    0.00   clock network delay (ideal)
                          2.00    2.00 v input external delay
     1    0.00    0.01    0.00    2.00 v reset (in)
                                         reset (net)
                  0.01    0.00    2.00 v _1835_/A (sky130_fd_sc_hd__buf_1)
     4    0.01    0.06    0.09    2.09 v _1835_/X (sky130_fd_sc_hd__buf_1)
                                         _0955_ (net)
                  0.06    0.00    2.09 v _1949_/A (sky130_fd_sc_hd__buf_1)
     2    0.00    0.03    0.09    2.19 v _1949_/X (sky130_fd_sc_hd__buf_1)
                                         _0973_ (net)
                  0.03    0.00    2.19 v _1959_/A (sky130_fd_sc_hd__buf_1)
    10    0.04    0.25    0.24    2.43 v _1959_/X (sky130_fd_sc_hd__buf_1)
                                         _0975_ (net)
                  0.25    0.00    2.43 v _1967_/A (sky130_fd_sc_hd__inv_2)
     1    0.00    0.06    0.09    2.52 ^ _1967_/Y (sky130_fd_sc_hd__inv_2)
                                         _0111_ (net)
                  0.06    0.00    2.52 ^ _2101_/RESET_B (sky130_fd_sc_hd__dfrtp_2)
                                  2.52   data arrival time

                  0.15    0.00    0.00   clock clk (rise edge)
                          0.00    0.00   clock network delay (ideal)
                          0.25    0.25   clock uncertainty
                          0.00    0.25   clock reconvergence pessimism
                                  0.25 ^ _2101_/CLK (sky130_fd_sc_hd__dfrtp_2)
                          0.35    0.60   library removal time
                                  0.60   data required time
-----------------------------------------------------------------------------
                                  0.60   data required time
                                 -2.52   data arrival time
-----------------------------------------------------------------------------
                                  1.92   slack (MET)


Startpoint: reset (input port clocked by clk)
Endpoint: _2102_ (removal check against rising-edge clock clk)
Path Group: asynchronous
Path Type: min

Fanout     Cap    Slew   Delay    Time   Description
-----------------------------------------------------------------------------
                  0.15    0.00    0.00   clock clk (rise edge)
                          0.00    0.00   clock network delay (ideal)
                          2.00    2.00 v input external delay
     1    0.00    0.01    0.00    2.00 v reset (in)
                                         reset (net)
                  0.01    0.00    2.00 v _1835_/A (sky130_fd_sc_hd__buf_1)
     4    0.01    0.06    0.09    2.09 v _1835_/X (sky130_fd_sc_hd__buf_1)
                                         _0955_ (net)
                  0.06    0.00    2.09 v _1949_/A (sky130_fd_sc_hd__buf_1)
     2    0.00    0.03    0.09    2.19 v _1949_/X (sky130_fd_sc_hd__buf_1)
                                         _0973_ (net)
                  0.03    0.00    2.19 v _1959_/A (sky130_fd_sc_hd__buf_1)
    10    0.04    0.25    0.24    2.43 v _1959_/X (sky130_fd_sc_hd__buf_1)
                                         _0975_ (net)
                  0.25    0.00    2.43 v _1968_/A (sky130_fd_sc_hd__inv_2)
     1    0.00    0.06    0.09    2.52 ^ _1968_/Y (sky130_fd_sc_hd__inv_2)
                                         _0112_ (net)
                  0.06    0.00    2.52 ^ _2102_/RESET_B (sky130_fd_sc_hd__dfrtp_2)
                                  2.52   data arrival time

                  0.15    0.00    0.00   clock clk (rise edge)
                          0.00    0.00   clock network delay (ideal)
                          0.25    0.25   clock uncertainty
                          0.00    0.25   clock reconvergence pessimism
                                  0.25 ^ _2102_/CLK (sky130_fd_sc_hd__dfrtp_2)
                          0.35    0.60   library removal time
                                  0.60   data required time
-----------------------------------------------------------------------------
                                  0.60   data required time
                                 -2.52   data arrival time
-----------------------------------------------------------------------------
                                  1.92   slack (MET)


Startpoint: reset (input port clocked by clk)
Endpoint: _2103_ (removal check against rising-edge clock clk)
Path Group: asynchronous
Path Type: min

Fanout     Cap    Slew   Delay    Time   Description
-----------------------------------------------------------------------------
                  0.15    0.00    0.00   clock clk (rise edge)
                          0.00    0.00   clock network delay (ideal)
                          2.00    2.00 v input external delay
     1    0.00    0.01    0.00    2.00 v reset (in)
                                         reset (net)
                  0.01    0.00    2.00 v _1835_/A (sky130_fd_sc_hd__buf_1)
     4    0.01    0.06    0.09    2.09 v _1835_/X (sky130_fd_sc_hd__buf_1)
                                         _0955_ (net)
                  0.06    0.00    2.09 v _1949_/A (sky130_fd_sc_hd__buf_1)
     2    0.00    0.03    0.09    2.19 v _1949_/X (sky130_fd_sc_hd__buf_1)
                                         _0973_ (net)
                  0.03    0.00    2.19 v _1959_/A (sky130_fd_sc_hd__buf_1)
    10    0.04    0.25    0.24    2.43 v _1959_/X (sky130_fd_sc_hd__buf_1)
                                         _0975_ (net)
                  0.25    0.00    2.43 v _1969_/A (sky130_fd_sc_hd__inv_2)
     1    0.00    0.06    0.09    2.52 ^ _1969_/Y (sky130_fd_sc_hd__inv_2)
                                         _0113_ (net)
                  0.06    0.00    2.52 ^ _2103_/RESET_B (sky130_fd_sc_hd__dfrtp_2)
                                  2.52   data arrival time

                  0.15    0.00    0.00   clock clk (rise edge)
                          0.00    0.00   clock network delay (ideal)
                          0.25    0.25   clock uncertainty
                          0.00    0.25   clock reconvergence pessimism
                                  0.25 ^ _2103_/CLK (sky130_fd_sc_hd__dfrtp_2)
                          0.35    0.60   library removal time
                                  0.60   data required time
-----------------------------------------------------------------------------
                                  0.60   data required time
                                 -2.52   data arrival time
-----------------------------------------------------------------------------
                                  1.92   slack (MET)


Startpoint: reset (input port clocked by clk)
Endpoint: _2104_ (removal check against rising-edge clock clk)
Path Group: asynchronous
Path Type: min

Fanout     Cap    Slew   Delay    Time   Description
-----------------------------------------------------------------------------
                  0.15    0.00    0.00   clock clk (rise edge)
                          0.00    0.00   clock network delay (ideal)
                          2.00    2.00 v input external delay
     1    0.00    0.01    0.00    2.00 v reset (in)
                                         reset (net)
                  0.01    0.00    2.00 v _1835_/A (sky130_fd_sc_hd__buf_1)
     4    0.01    0.06    0.09    2.09 v _1835_/X (sky130_fd_sc_hd__buf_1)
                                         _0955_ (net)
                  0.06    0.00    2.09 v _1970_/A (sky130_fd_sc_hd__buf_1)
     2    0.00    0.03    0.09    2.19 v _1970_/X (sky130_fd_sc_hd__buf_1)
                                         _0976_ (net)
                  0.03    0.00    2.19 v _1971_/A (sky130_fd_sc_hd__buf_1)
    10    0.04    0.25    0.24    2.43 v _1971_/X (sky130_fd_sc_hd__buf_1)
                                         _0977_ (net)
                  0.25    0.00    2.43 v _1972_/A (sky130_fd_sc_hd__inv_2)
     1    0.00    0.06    0.09    2.52 ^ _1972_/Y (sky130_fd_sc_hd__inv_2)
                                         _0114_ (net)
                  0.06    0.00    2.52 ^ _2104_/RESET_B (sky130_fd_sc_hd__dfrtp_2)
                                  2.52   data arrival time

                  0.15    0.00    0.00   clock clk (rise edge)
                          0.00    0.00   clock network delay (ideal)
                          0.25    0.25   clock uncertainty
                          0.00    0.25   clock reconvergence pessimism
                                  0.25 ^ _2104_/CLK (sky130_fd_sc_hd__dfrtp_2)
                          0.35    0.60   library removal time
                                  0.60   data required time
-----------------------------------------------------------------------------
                                  0.60   data required time
                                 -2.52   data arrival time
-----------------------------------------------------------------------------
                                  1.92   slack (MET)


Startpoint: reset (input port clocked by clk)
Endpoint: _2105_ (removal check against rising-edge clock clk)
Path Group: asynchronous
Path Type: min

Fanout     Cap    Slew   Delay    Time   Description
-----------------------------------------------------------------------------
                  0.15    0.00    0.00   clock clk (rise edge)
                          0.00    0.00   clock network delay (ideal)
                          2.00    2.00 v input external delay
     1    0.00    0.01    0.00    2.00 v reset (in)
                                         reset (net)
                  0.01    0.00    2.00 v _1835_/A (sky130_fd_sc_hd__buf_1)
     4    0.01    0.06    0.09    2.09 v _1835_/X (sky130_fd_sc_hd__buf_1)
                                         _0955_ (net)
                  0.06    0.00    2.09 v _1970_/A (sky130_fd_sc_hd__buf_1)
     2    0.00    0.03    0.09    2.19 v _1970_/X (sky130_fd_sc_hd__buf_1)
                                         _0976_ (net)
                  0.03    0.00    2.19 v _1971_/A (sky130_fd_sc_hd__buf_1)
    10    0.04    0.25    0.24    2.43 v _1971_/X (sky130_fd_sc_hd__buf_1)
                                         _0977_ (net)
                  0.25    0.00    2.43 v _1973_/A (sky130_fd_sc_hd__inv_2)
     1    0.00    0.06    0.09    2.52 ^ _1973_/Y (sky130_fd_sc_hd__inv_2)
                                         _0115_ (net)
                  0.06    0.00    2.52 ^ _2105_/RESET_B (sky130_fd_sc_hd__dfrtp_2)
                                  2.52   data arrival time

                  0.15    0.00    0.00   clock clk (rise edge)
                          0.00    0.00   clock network delay (ideal)
                          0.25    0.25   clock uncertainty
                          0.00    0.25   clock reconvergence pessimism
                                  0.25 ^ _2105_/CLK (sky130_fd_sc_hd__dfrtp_2)
                          0.35    0.60   library removal time
                                  0.60   data required time
-----------------------------------------------------------------------------
                                  0.60   data required time
                                 -2.52   data arrival time
-----------------------------------------------------------------------------
                                  1.92   slack (MET)


Startpoint: reset (input port clocked by clk)
Endpoint: _2106_ (removal check against rising-edge clock clk)
Path Group: asynchronous
Path Type: min

Fanout     Cap    Slew   Delay    Time   Description
-----------------------------------------------------------------------------
                  0.15    0.00    0.00   clock clk (rise edge)
                          0.00    0.00   clock network delay (ideal)
                          2.00    2.00 v input external delay
     1    0.00    0.01    0.00    2.00 v reset (in)
                                         reset (net)
                  0.01    0.00    2.00 v _1835_/A (sky130_fd_sc_hd__buf_1)
     4    0.01    0.06    0.09    2.09 v _1835_/X (sky130_fd_sc_hd__buf_1)
                                         _0955_ (net)
                  0.06    0.00    2.09 v _1970_/A (sky130_fd_sc_hd__buf_1)
     2    0.00    0.03    0.09    2.19 v _1970_/X (sky130_fd_sc_hd__buf_1)
                                         _0976_ (net)
                  0.03    0.00    2.19 v _1971_/A (sky130_fd_sc_hd__buf_1)
    10    0.04    0.25    0.24    2.43 v _1971_/X (sky130_fd_sc_hd__buf_1)
                                         _0977_ (net)
                  0.25    0.00    2.43 v _1974_/A (sky130_fd_sc_hd__inv_2)
     1    0.00    0.06    0.09    2.52 ^ _1974_/Y (sky130_fd_sc_hd__inv_2)
                                         _0116_ (net)
                  0.06    0.00    2.52 ^ _2106_/RESET_B (sky130_fd_sc_hd__dfrtp_2)
                                  2.52   data arrival time

                  0.15    0.00    0.00   clock clk (rise edge)
                          0.00    0.00   clock network delay (ideal)
                          0.25    0.25   clock uncertainty
                          0.00    0.25   clock reconvergence pessimism
                                  0.25 ^ _2106_/CLK (sky130_fd_sc_hd__dfrtp_2)
                          0.35    0.60   library removal time
                                  0.60   data required time
-----------------------------------------------------------------------------
                                  0.60   data required time
                                 -2.52   data arrival time
-----------------------------------------------------------------------------
                                  1.92   slack (MET)


Startpoint: reset (input port clocked by clk)
Endpoint: _2107_ (removal check against rising-edge clock clk)
Path Group: asynchronous
Path Type: min

Fanout     Cap    Slew   Delay    Time   Description
-----------------------------------------------------------------------------
                  0.15    0.00    0.00   clock clk (rise edge)
                          0.00    0.00   clock network delay (ideal)
                          2.00    2.00 v input external delay
     1    0.00    0.01    0.00    2.00 v reset (in)
                                         reset (net)
                  0.01    0.00    2.00 v _1835_/A (sky130_fd_sc_hd__buf_1)
     4    0.01    0.06    0.09    2.09 v _1835_/X (sky130_fd_sc_hd__buf_1)
                                         _0955_ (net)
                  0.06    0.00    2.09 v _1970_/A (sky130_fd_sc_hd__buf_1)
     2    0.00    0.03    0.09    2.19 v _1970_/X (sky130_fd_sc_hd__buf_1)
                                         _0976_ (net)
                  0.03    0.00    2.19 v _1971_/A (sky130_fd_sc_hd__buf_1)
    10    0.04    0.25    0.24    2.43 v _1971_/X (sky130_fd_sc_hd__buf_1)
                                         _0977_ (net)
                  0.25    0.00    2.43 v _1975_/A (sky130_fd_sc_hd__inv_2)
     1    0.00    0.06    0.09    2.52 ^ _1975_/Y (sky130_fd_sc_hd__inv_2)
                                         _0117_ (net)
                  0.06    0.00    2.52 ^ _2107_/RESET_B (sky130_fd_sc_hd__dfrtp_2)
                                  2.52   data arrival time

                  0.15    0.00    0.00   clock clk (rise edge)
                          0.00    0.00   clock network delay (ideal)
                          0.25    0.25   clock uncertainty
                          0.00    0.25   clock reconvergence pessimism
                                  0.25 ^ _2107_/CLK (sky130_fd_sc_hd__dfrtp_2)
                          0.35    0.60   library removal time
                                  0.60   data required time
-----------------------------------------------------------------------------
                                  0.60   data required time
                                 -2.52   data arrival time
-----------------------------------------------------------------------------
                                  1.92   slack (MET)


Startpoint: reset (input port clocked by clk)
Endpoint: _2108_ (removal check against rising-edge clock clk)
Path Group: asynchronous
Path Type: min

Fanout     Cap    Slew   Delay    Time   Description
-----------------------------------------------------------------------------
                  0.15    0.00    0.00   clock clk (rise edge)
                          0.00    0.00   clock network delay (ideal)
                          2.00    2.00 v input external delay
     1    0.00    0.01    0.00    2.00 v reset (in)
                                         reset (net)
                  0.01    0.00    2.00 v _1835_/A (sky130_fd_sc_hd__buf_1)
     4    0.01    0.06    0.09    2.09 v _1835_/X (sky130_fd_sc_hd__buf_1)
                                         _0955_ (net)
                  0.06    0.00    2.09 v _1970_/A (sky130_fd_sc_hd__buf_1)
     2    0.00    0.03    0.09    2.19 v _1970_/X (sky130_fd_sc_hd__buf_1)
                                         _0976_ (net)
                  0.03    0.00    2.19 v _1971_/A (sky130_fd_sc_hd__buf_1)
    10    0.04    0.25    0.24    2.43 v _1971_/X (sky130_fd_sc_hd__buf_1)
                                         _0977_ (net)
                  0.25    0.00    2.43 v _1976_/A (sky130_fd_sc_hd__inv_2)
     1    0.00    0.06    0.09    2.52 ^ _1976_/Y (sky130_fd_sc_hd__inv_2)
                                         _0118_ (net)
                  0.06    0.00    2.52 ^ _2108_/RESET_B (sky130_fd_sc_hd__dfrtp_2)
                                  2.52   data arrival time

                  0.15    0.00    0.00   clock clk (rise edge)
                          0.00    0.00   clock network delay (ideal)
                          0.25    0.25   clock uncertainty
                          0.00    0.25   clock reconvergence pessimism
                                  0.25 ^ _2108_/CLK (sky130_fd_sc_hd__dfrtp_2)
                          0.35    0.60   library removal time
                                  0.60   data required time
-----------------------------------------------------------------------------
                                  0.60   data required time
                                 -2.52   data arrival time
-----------------------------------------------------------------------------
                                  1.92   slack (MET)


Startpoint: reset (input port clocked by clk)
Endpoint: _2109_ (removal check against rising-edge clock clk)
Path Group: asynchronous
Path Type: min

Fanout     Cap    Slew   Delay    Time   Description
-----------------------------------------------------------------------------
                  0.15    0.00    0.00   clock clk (rise edge)
                          0.00    0.00   clock network delay (ideal)
                          2.00    2.00 v input external delay
     1    0.00    0.01    0.00    2.00 v reset (in)
                                         reset (net)
                  0.01    0.00    2.00 v _1835_/A (sky130_fd_sc_hd__buf_1)
     4    0.01    0.06    0.09    2.09 v _1835_/X (sky130_fd_sc_hd__buf_1)
                                         _0955_ (net)
                  0.06    0.00    2.09 v _1970_/A (sky130_fd_sc_hd__buf_1)
     2    0.00    0.03    0.09    2.19 v _1970_/X (sky130_fd_sc_hd__buf_1)
                                         _0976_ (net)
                  0.03    0.00    2.19 v _1971_/A (sky130_fd_sc_hd__buf_1)
    10    0.04    0.25    0.24    2.43 v _1971_/X (sky130_fd_sc_hd__buf_1)
                                         _0977_ (net)
                  0.25    0.00    2.43 v _1977_/A (sky130_fd_sc_hd__inv_2)
     1    0.00    0.06    0.09    2.52 ^ _1977_/Y (sky130_fd_sc_hd__inv_2)
                                         _0119_ (net)
                  0.06    0.00    2.52 ^ _2109_/RESET_B (sky130_fd_sc_hd__dfrtp_2)
                                  2.52   data arrival time

                  0.15    0.00    0.00   clock clk (rise edge)
                          0.00    0.00   clock network delay (ideal)
                          0.25    0.25   clock uncertainty
                          0.00    0.25   clock reconvergence pessimism
                                  0.25 ^ _2109_/CLK (sky130_fd_sc_hd__dfrtp_2)
                          0.35    0.60   library removal time
                                  0.60   data required time
-----------------------------------------------------------------------------
                                  0.60   data required time
                                 -2.52   data arrival time
-----------------------------------------------------------------------------
                                  1.92   slack (MET)


Startpoint: reset (input port clocked by clk)
Endpoint: _2110_ (removal check against rising-edge clock clk)
Path Group: asynchronous
Path Type: min

Fanout     Cap    Slew   Delay    Time   Description
-----------------------------------------------------------------------------
                  0.15    0.00    0.00   clock clk (rise edge)
                          0.00    0.00   clock network delay (ideal)
                          2.00    2.00 v input external delay
     1    0.00    0.01    0.00    2.00 v reset (in)
                                         reset (net)
                  0.01    0.00    2.00 v _1835_/A (sky130_fd_sc_hd__buf_1)
     4    0.01    0.06    0.09    2.09 v _1835_/X (sky130_fd_sc_hd__buf_1)
                                         _0955_ (net)
                  0.06    0.00    2.09 v _1970_/A (sky130_fd_sc_hd__buf_1)
     2    0.00    0.03    0.09    2.19 v _1970_/X (sky130_fd_sc_hd__buf_1)
                                         _0976_ (net)
                  0.03    0.00    2.19 v _1971_/A (sky130_fd_sc_hd__buf_1)
    10    0.04    0.25    0.24    2.43 v _1971_/X (sky130_fd_sc_hd__buf_1)
                                         _0977_ (net)
                  0.25    0.00    2.43 v _1978_/A (sky130_fd_sc_hd__inv_2)
     1    0.00    0.06    0.09    2.52 ^ _1978_/Y (sky130_fd_sc_hd__inv_2)
                                         _0120_ (net)
                  0.06    0.00    2.52 ^ _2110_/RESET_B (sky130_fd_sc_hd__dfrtp_2)
                                  2.52   data arrival time

                  0.15    0.00    0.00   clock clk (rise edge)
                          0.00    0.00   clock network delay (ideal)
                          0.25    0.25   clock uncertainty
                          0.00    0.25   clock reconvergence pessimism
                                  0.25 ^ _2110_/CLK (sky130_fd_sc_hd__dfrtp_2)
                          0.35    0.60   library removal time
                                  0.60   data required time
-----------------------------------------------------------------------------
                                  0.60   data required time
                                 -2.52   data arrival time
-----------------------------------------------------------------------------
                                  1.92   slack (MET)


Startpoint: reset (input port clocked by clk)
Endpoint: _2111_ (removal check against rising-edge clock clk)
Path Group: asynchronous
Path Type: min

Fanout     Cap    Slew   Delay    Time   Description
-----------------------------------------------------------------------------
                  0.15    0.00    0.00   clock clk (rise edge)
                          0.00    0.00   clock network delay (ideal)
                          2.00    2.00 v input external delay
     1    0.00    0.01    0.00    2.00 v reset (in)
                                         reset (net)
                  0.01    0.00    2.00 v _1835_/A (sky130_fd_sc_hd__buf_1)
     4    0.01    0.06    0.09    2.09 v _1835_/X (sky130_fd_sc_hd__buf_1)
                                         _0955_ (net)
                  0.06    0.00    2.09 v _1970_/A (sky130_fd_sc_hd__buf_1)
     2    0.00    0.03    0.09    2.19 v _1970_/X (sky130_fd_sc_hd__buf_1)
                                         _0976_ (net)
                  0.03    0.00    2.19 v _1971_/A (sky130_fd_sc_hd__buf_1)
    10    0.04    0.25    0.24    2.43 v _1971_/X (sky130_fd_sc_hd__buf_1)
                                         _0977_ (net)
                  0.25    0.00    2.43 v _1979_/A (sky130_fd_sc_hd__inv_2)
     1    0.00    0.06    0.09    2.52 ^ _1979_/Y (sky130_fd_sc_hd__inv_2)
                                         _0121_ (net)
                  0.06    0.00    2.52 ^ _2111_/RESET_B (sky130_fd_sc_hd__dfrtp_2)
                                  2.52   data arrival time

                  0.15    0.00    0.00   clock clk (rise edge)
                          0.00    0.00   clock network delay (ideal)
                          0.25    0.25   clock uncertainty
                          0.00    0.25   clock reconvergence pessimism
                                  0.25 ^ _2111_/CLK (sky130_fd_sc_hd__dfrtp_2)
                          0.35    0.60   library removal time
                                  0.60   data required time
-----------------------------------------------------------------------------
                                  0.60   data required time
                                 -2.52   data arrival time
-----------------------------------------------------------------------------
                                  1.92   slack (MET)


Startpoint: reset (input port clocked by clk)
Endpoint: _2112_ (removal check against rising-edge clock clk)
Path Group: asynchronous
Path Type: min

Fanout     Cap    Slew   Delay    Time   Description
-----------------------------------------------------------------------------
                  0.15    0.00    0.00   clock clk (rise edge)
                          0.00    0.00   clock network delay (ideal)
                          2.00    2.00 v input external delay
     1    0.00    0.01    0.00    2.00 v reset (in)
                                         reset (net)
                  0.01    0.00    2.00 v _1835_/A (sky130_fd_sc_hd__buf_1)
     4    0.01    0.06    0.09    2.09 v _1835_/X (sky130_fd_sc_hd__buf_1)
                                         _0955_ (net)
                  0.06    0.00    2.09 v _1970_/A (sky130_fd_sc_hd__buf_1)
     2    0.00    0.03    0.09    2.19 v _1970_/X (sky130_fd_sc_hd__buf_1)
                                         _0976_ (net)
                  0.03    0.00    2.19 v _1971_/A (sky130_fd_sc_hd__buf_1)
    10    0.04    0.25    0.24    2.43 v _1971_/X (sky130_fd_sc_hd__buf_1)
                                         _0977_ (net)
                  0.25    0.00    2.43 v _1980_/A (sky130_fd_sc_hd__inv_2)
     1    0.00    0.06    0.09    2.52 ^ _1980_/Y (sky130_fd_sc_hd__inv_2)
                                         _0122_ (net)
                  0.06    0.00    2.52 ^ _2112_/RESET_B (sky130_fd_sc_hd__dfrtp_2)
                                  2.52   data arrival time

                  0.15    0.00    0.00   clock clk (rise edge)
                          0.00    0.00   clock network delay (ideal)
                          0.25    0.25   clock uncertainty
                          0.00    0.25   clock reconvergence pessimism
                                  0.25 ^ _2112_/CLK (sky130_fd_sc_hd__dfrtp_2)
                          0.35    0.60   library removal time
                                  0.60   data required time
-----------------------------------------------------------------------------
                                  0.60   data required time
                                 -2.52   data arrival time
-----------------------------------------------------------------------------
                                  1.92   slack (MET)


Startpoint: reset (input port clocked by clk)
Endpoint: _2113_ (removal check against rising-edge clock clk)
Path Group: asynchronous
Path Type: min

Fanout     Cap    Slew   Delay    Time   Description
-----------------------------------------------------------------------------
                  0.15    0.00    0.00   clock clk (rise edge)
                          0.00    0.00   clock network delay (ideal)
                          2.00    2.00 v input external delay
     1    0.00    0.01    0.00    2.00 v reset (in)
                                         reset (net)
                  0.01    0.00    2.00 v _1835_/A (sky130_fd_sc_hd__buf_1)
     4    0.01    0.06    0.09    2.09 v _1835_/X (sky130_fd_sc_hd__buf_1)
                                         _0955_ (net)
                  0.06    0.00    2.09 v _1970_/A (sky130_fd_sc_hd__buf_1)
     2    0.00    0.03    0.09    2.19 v _1970_/X (sky130_fd_sc_hd__buf_1)
                                         _0976_ (net)
                  0.03    0.00    2.19 v _1971_/A (sky130_fd_sc_hd__buf_1)
    10    0.04    0.25    0.24    2.43 v _1971_/X (sky130_fd_sc_hd__buf_1)
                                         _0977_ (net)
                  0.25    0.00    2.43 v _1981_/A (sky130_fd_sc_hd__inv_2)
     1    0.00    0.06    0.09    2.52 ^ _1981_/Y (sky130_fd_sc_hd__inv_2)
                                         _0123_ (net)
                  0.06    0.00    2.52 ^ _2113_/RESET_B (sky130_fd_sc_hd__dfrtp_2)
                                  2.52   data arrival time

                  0.15    0.00    0.00   clock clk (rise edge)
                          0.00    0.00   clock network delay (ideal)
                          0.25    0.25   clock uncertainty
                          0.00    0.25   clock reconvergence pessimism
                                  0.25 ^ _2113_/CLK (sky130_fd_sc_hd__dfrtp_2)
                          0.35    0.60   library removal time
                                  0.60   data required time
-----------------------------------------------------------------------------
                                  0.60   data required time
                                 -2.52   data arrival time
-----------------------------------------------------------------------------
                                  1.92   slack (MET)


Startpoint: reset (input port clocked by clk)
Endpoint: _2062_ (removal check against rising-edge clock clk)
Path Group: asynchronous
Path Type: min

Fanout     Cap    Slew   Delay    Time   Description
-----------------------------------------------------------------------------
                  0.15    0.00    0.00   clock clk (rise edge)
                          0.00    0.00   clock network delay (ideal)
                          2.00    2.00 v input external delay
     1    0.00    0.01    0.00    2.00 v reset (in)
                                         reset (net)
                  0.01    0.00    2.00 v _1835_/A (sky130_fd_sc_hd__buf_1)
     4    0.01    0.06    0.09    2.09 v _1835_/X (sky130_fd_sc_hd__buf_1)
                                         _0955_ (net)
                  0.06    0.00    2.09 v _1912_/A (sky130_fd_sc_hd__buf_1)
     4    0.01    0.06    0.11    2.21 v _1912_/X (sky130_fd_sc_hd__buf_1)
                                         _0968_ (net)
                  0.06    0.00    2.21 v _1922_/A (sky130_fd_sc_hd__buf_1)
    10    0.04    0.25    0.25    2.45 v _1922_/X (sky130_fd_sc_hd__buf_1)
                                         _0970_ (net)
                  0.25    0.00    2.45 v _1923_/A (sky130_fd_sc_hd__inv_2)
     1    0.00    0.06    0.09    2.55 ^ _1923_/Y (sky130_fd_sc_hd__inv_2)
                                         _0072_ (net)
                  0.06    0.00    2.55 ^ _2062_/RESET_B (sky130_fd_sc_hd__dfrtp_2)
                                  2.55   data arrival time

                  0.15    0.00    0.00   clock clk (rise edge)
                          0.00    0.00   clock network delay (ideal)
                          0.25    0.25   clock uncertainty
                          0.00    0.25   clock reconvergence pessimism
                                  0.25 ^ _2062_/CLK (sky130_fd_sc_hd__dfrtp_2)
                          0.35    0.60   library removal time
                                  0.60   data required time
-----------------------------------------------------------------------------
                                  0.60   data required time
                                 -2.55   data arrival time
-----------------------------------------------------------------------------
                                  1.94   slack (MET)


Startpoint: reset (input port clocked by clk)
Endpoint: _2063_ (removal check against rising-edge clock clk)
Path Group: asynchronous
Path Type: min

Fanout     Cap    Slew   Delay    Time   Description
-----------------------------------------------------------------------------
                  0.15    0.00    0.00   clock clk (rise edge)
                          0.00    0.00   clock network delay (ideal)
                          2.00    2.00 v input external delay
     1    0.00    0.01    0.00    2.00 v reset (in)
                                         reset (net)
                  0.01    0.00    2.00 v _1835_/A (sky130_fd_sc_hd__buf_1)
     4    0.01    0.06    0.09    2.09 v _1835_/X (sky130_fd_sc_hd__buf_1)
                                         _0955_ (net)
                  0.06    0.00    2.09 v _1912_/A (sky130_fd_sc_hd__buf_1)
     4    0.01    0.06    0.11    2.21 v _1912_/X (sky130_fd_sc_hd__buf_1)
                                         _0968_ (net)
                  0.06    0.00    2.21 v _1922_/A (sky130_fd_sc_hd__buf_1)
    10    0.04    0.25    0.25    2.45 v _1922_/X (sky130_fd_sc_hd__buf_1)
                                         _0970_ (net)
                  0.25    0.00    2.45 v _1924_/A (sky130_fd_sc_hd__inv_2)
     1    0.00    0.06    0.09    2.55 ^ _1924_/Y (sky130_fd_sc_hd__inv_2)
                                         _0073_ (net)
                  0.06    0.00    2.55 ^ _2063_/RESET_B (sky130_fd_sc_hd__dfrtp_2)
                                  2.55   data arrival time

                  0.15    0.00    0.00   clock clk (rise edge)
                          0.00    0.00   clock network delay (ideal)
                          0.25    0.25   clock uncertainty
                          0.00    0.25   clock reconvergence pessimism
                                  0.25 ^ _2063_/CLK (sky130_fd_sc_hd__dfrtp_2)
                          0.35    0.60   library removal time
                                  0.60   data required time
-----------------------------------------------------------------------------
                                  0.60   data required time
                                 -2.55   data arrival time
-----------------------------------------------------------------------------
                                  1.94   slack (MET)


Startpoint: reset (input port clocked by clk)
Endpoint: _2064_ (removal check against rising-edge clock clk)
Path Group: asynchronous
Path Type: min

Fanout     Cap    Slew   Delay    Time   Description
-----------------------------------------------------------------------------
                  0.15    0.00    0.00   clock clk (rise edge)
                          0.00    0.00   clock network delay (ideal)
                          2.00    2.00 v input external delay
     1    0.00    0.01    0.00    2.00 v reset (in)
                                         reset (net)
                  0.01    0.00    2.00 v _1835_/A (sky130_fd_sc_hd__buf_1)
     4    0.01    0.06    0.09    2.09 v _1835_/X (sky130_fd_sc_hd__buf_1)
                                         _0955_ (net)
                  0.06    0.00    2.09 v _1912_/A (sky130_fd_sc_hd__buf_1)
     4    0.01    0.06    0.11    2.21 v _1912_/X (sky130_fd_sc_hd__buf_1)
                                         _0968_ (net)
                  0.06    0.00    2.21 v _1922_/A (sky130_fd_sc_hd__buf_1)
    10    0.04    0.25    0.25    2.45 v _1922_/X (sky130_fd_sc_hd__buf_1)
                                         _0970_ (net)
                  0.25    0.00    2.45 v _1925_/A (sky130_fd_sc_hd__inv_2)
     1    0.00    0.06    0.09    2.55 ^ _1925_/Y (sky130_fd_sc_hd__inv_2)
                                         _0074_ (net)
                  0.06    0.00    2.55 ^ _2064_/RESET_B (sky130_fd_sc_hd__dfrtp_2)
                                  2.55   data arrival time

                  0.15    0.00    0.00   clock clk (rise edge)
                          0.00    0.00   clock network delay (ideal)
                          0.25    0.25   clock uncertainty
                          0.00    0.25   clock reconvergence pessimism
                                  0.25 ^ _2064_/CLK (sky130_fd_sc_hd__dfrtp_2)
                          0.35    0.60   library removal time
                                  0.60   data required time
-----------------------------------------------------------------------------
                                  0.60   data required time
                                 -2.55   data arrival time
-----------------------------------------------------------------------------
                                  1.94   slack (MET)


Startpoint: reset (input port clocked by clk)
Endpoint: _2065_ (removal check against rising-edge clock clk)
Path Group: asynchronous
Path Type: min

Fanout     Cap    Slew   Delay    Time   Description
-----------------------------------------------------------------------------
                  0.15    0.00    0.00   clock clk (rise edge)
                          0.00    0.00   clock network delay (ideal)
                          2.00    2.00 v input external delay
     1    0.00    0.01    0.00    2.00 v reset (in)
                                         reset (net)
                  0.01    0.00    2.00 v _1835_/A (sky130_fd_sc_hd__buf_1)
     4    0.01    0.06    0.09    2.09 v _1835_/X (sky130_fd_sc_hd__buf_1)
                                         _0955_ (net)
                  0.06    0.00    2.09 v _1912_/A (sky130_fd_sc_hd__buf_1)
     4    0.01    0.06    0.11    2.21 v _1912_/X (sky130_fd_sc_hd__buf_1)
                                         _0968_ (net)
                  0.06    0.00    2.21 v _1922_/A (sky130_fd_sc_hd__buf_1)
    10    0.04    0.25    0.25    2.45 v _1922_/X (sky130_fd_sc_hd__buf_1)
                                         _0970_ (net)
                  0.25    0.00    2.45 v _1926_/A (sky130_fd_sc_hd__inv_2)
     1    0.00    0.06    0.09    2.55 ^ _1926_/Y (sky130_fd_sc_hd__inv_2)
                                         _0075_ (net)
                  0.06    0.00    2.55 ^ _2065_/RESET_B (sky130_fd_sc_hd__dfrtp_2)
                                  2.55   data arrival time

                  0.15    0.00    0.00   clock clk (rise edge)
                          0.00    0.00   clock network delay (ideal)
                          0.25    0.25   clock uncertainty
                          0.00    0.25   clock reconvergence pessimism
                                  0.25 ^ _2065_/CLK (sky130_fd_sc_hd__dfrtp_2)
                          0.35    0.60   library removal time
                                  0.60   data required time
-----------------------------------------------------------------------------
                                  0.60   data required time
                                 -2.55   data arrival time
-----------------------------------------------------------------------------
                                  1.94   slack (MET)


Startpoint: reset (input port clocked by clk)
Endpoint: _2066_ (removal check against rising-edge clock clk)
Path Group: asynchronous
Path Type: min

Fanout     Cap    Slew   Delay    Time   Description
-----------------------------------------------------------------------------
                  0.15    0.00    0.00   clock clk (rise edge)
                          0.00    0.00   clock network delay (ideal)
                          2.00    2.00 v input external delay
     1    0.00    0.01    0.00    2.00 v reset (in)
                                         reset (net)
                  0.01    0.00    2.00 v _1835_/A (sky130_fd_sc_hd__buf_1)
     4    0.01    0.06    0.09    2.09 v _1835_/X (sky130_fd_sc_hd__buf_1)
                                         _0955_ (net)
                  0.06    0.00    2.09 v _1912_/A (sky130_fd_sc_hd__buf_1)
     4    0.01    0.06    0.11    2.21 v _1912_/X (sky130_fd_sc_hd__buf_1)
                                         _0968_ (net)
                  0.06    0.00    2.21 v _1922_/A (sky130_fd_sc_hd__buf_1)
    10    0.04    0.25    0.25    2.45 v _1922_/X (sky130_fd_sc_hd__buf_1)
                                         _0970_ (net)
                  0.25    0.00    2.45 v _1927_/A (sky130_fd_sc_hd__inv_2)
     1    0.00    0.06    0.09    2.55 ^ _1927_/Y (sky130_fd_sc_hd__inv_2)
                                         _0076_ (net)
                  0.06    0.00    2.55 ^ _2066_/RESET_B (sky130_fd_sc_hd__dfrtp_2)
                                  2.55   data arrival time

                  0.15    0.00    0.00   clock clk (rise edge)
                          0.00    0.00   clock network delay (ideal)
                          0.25    0.25   clock uncertainty
                          0.00    0.25   clock reconvergence pessimism
                                  0.25 ^ _2066_/CLK (sky130_fd_sc_hd__dfrtp_2)
                          0.35    0.60   library removal time
                                  0.60   data required time
-----------------------------------------------------------------------------
                                  0.60   data required time
                                 -2.55   data arrival time
-----------------------------------------------------------------------------
                                  1.94   slack (MET)


Startpoint: reset (input port clocked by clk)
Endpoint: _2067_ (removal check against rising-edge clock clk)
Path Group: asynchronous
Path Type: min

Fanout     Cap    Slew   Delay    Time   Description
-----------------------------------------------------------------------------
                  0.15    0.00    0.00   clock clk (rise edge)
                          0.00    0.00   clock network delay (ideal)
                          2.00    2.00 v input external delay
     1    0.00    0.01    0.00    2.00 v reset (in)
                                         reset (net)
                  0.01    0.00    2.00 v _1835_/A (sky130_fd_sc_hd__buf_1)
     4    0.01    0.06    0.09    2.09 v _1835_/X (sky130_fd_sc_hd__buf_1)
                                         _0955_ (net)
                  0.06    0.00    2.09 v _1912_/A (sky130_fd_sc_hd__buf_1)
     4    0.01    0.06    0.11    2.21 v _1912_/X (sky130_fd_sc_hd__buf_1)
                                         _0968_ (net)
                  0.06    0.00    2.21 v _1922_/A (sky130_fd_sc_hd__buf_1)
    10    0.04    0.25    0.25    2.45 v _1922_/X (sky130_fd_sc_hd__buf_1)
                                         _0970_ (net)
                  0.25    0.00    2.45 v _1928_/A (sky130_fd_sc_hd__inv_2)
     1    0.00    0.06    0.09    2.55 ^ _1928_/Y (sky130_fd_sc_hd__inv_2)
                                         _0077_ (net)
                  0.06    0.00    2.55 ^ _2067_/RESET_B (sky130_fd_sc_hd__dfrtp_2)
                                  2.55   data arrival time

                  0.15    0.00    0.00   clock clk (rise edge)
                          0.00    0.00   clock network delay (ideal)
                          0.25    0.25   clock uncertainty
                          0.00    0.25   clock reconvergence pessimism
                                  0.25 ^ _2067_/CLK (sky130_fd_sc_hd__dfrtp_2)
                          0.35    0.60   library removal time
                                  0.60   data required time
-----------------------------------------------------------------------------
                                  0.60   data required time
                                 -2.55   data arrival time
-----------------------------------------------------------------------------
                                  1.94   slack (MET)


Startpoint: reset (input port clocked by clk)
Endpoint: _2068_ (removal check against rising-edge clock clk)
Path Group: asynchronous
Path Type: min

Fanout     Cap    Slew   Delay    Time   Description
-----------------------------------------------------------------------------
                  0.15    0.00    0.00   clock clk (rise edge)
                          0.00    0.00   clock network delay (ideal)
                          2.00    2.00 v input external delay
     1    0.00    0.01    0.00    2.00 v reset (in)
                                         reset (net)
                  0.01    0.00    2.00 v _1835_/A (sky130_fd_sc_hd__buf_1)
     4    0.01    0.06    0.09    2.09 v _1835_/X (sky130_fd_sc_hd__buf_1)
                                         _0955_ (net)
                  0.06    0.00    2.09 v _1912_/A (sky130_fd_sc_hd__buf_1)
     4    0.01    0.06    0.11    2.21 v _1912_/X (sky130_fd_sc_hd__buf_1)
                                         _0968_ (net)
                  0.06    0.00    2.21 v _1922_/A (sky130_fd_sc_hd__buf_1)
    10    0.04    0.25    0.25    2.45 v _1922_/X (sky130_fd_sc_hd__buf_1)
                                         _0970_ (net)
                  0.25    0.00    2.45 v _1929_/A (sky130_fd_sc_hd__inv_2)
     1    0.00    0.06    0.09    2.55 ^ _1929_/Y (sky130_fd_sc_hd__inv_2)
                                         _0078_ (net)
                  0.06    0.00    2.55 ^ _2068_/RESET_B (sky130_fd_sc_hd__dfrtp_2)
                                  2.55   data arrival time

                  0.15    0.00    0.00   clock clk (rise edge)
                          0.00    0.00   clock network delay (ideal)
                          0.25    0.25   clock uncertainty
                          0.00    0.25   clock reconvergence pessimism
                                  0.25 ^ _2068_/CLK (sky130_fd_sc_hd__dfrtp_2)
                          0.35    0.60   library removal time
                                  0.60   data required time
-----------------------------------------------------------------------------
                                  0.60   data required time
                                 -2.55   data arrival time
-----------------------------------------------------------------------------
                                  1.94   slack (MET)


Startpoint: reset (input port clocked by clk)
Endpoint: _2069_ (removal check against rising-edge clock clk)
Path Group: asynchronous
Path Type: min

Fanout     Cap    Slew   Delay    Time   Description
-----------------------------------------------------------------------------
                  0.15    0.00    0.00   clock clk (rise edge)
                          0.00    0.00   clock network delay (ideal)
                          2.00    2.00 v input external delay
     1    0.00    0.01    0.00    2.00 v reset (in)
                                         reset (net)
                  0.01    0.00    2.00 v _1835_/A (sky130_fd_sc_hd__buf_1)
     4    0.01    0.06    0.09    2.09 v _1835_/X (sky130_fd_sc_hd__buf_1)
                                         _0955_ (net)
                  0.06    0.00    2.09 v _1912_/A (sky130_fd_sc_hd__buf_1)
     4    0.01    0.06    0.11    2.21 v _1912_/X (sky130_fd_sc_hd__buf_1)
                                         _0968_ (net)
                  0.06    0.00    2.21 v _1922_/A (sky130_fd_sc_hd__buf_1)
    10    0.04    0.25    0.25    2.45 v _1922_/X (sky130_fd_sc_hd__buf_1)
                                         _0970_ (net)
                  0.25    0.00    2.45 v _1930_/A (sky130_fd_sc_hd__inv_2)
     1    0.00    0.06    0.09    2.55 ^ _1930_/Y (sky130_fd_sc_hd__inv_2)
                                         _0079_ (net)
                  0.06    0.00    2.55 ^ _2069_/RESET_B (sky130_fd_sc_hd__dfrtp_2)
                                  2.55   data arrival time

                  0.15    0.00    0.00   clock clk (rise edge)
                          0.00    0.00   clock network delay (ideal)
                          0.25    0.25   clock uncertainty
                          0.00    0.25   clock reconvergence pessimism
                                  0.25 ^ _2069_/CLK (sky130_fd_sc_hd__dfrtp_2)
                          0.35    0.60   library removal time
                                  0.60   data required time
-----------------------------------------------------------------------------
                                  0.60   data required time
                                 -2.55   data arrival time
-----------------------------------------------------------------------------
                                  1.94   slack (MET)


Startpoint: reset (input port clocked by clk)
Endpoint: _2070_ (removal check against rising-edge clock clk)
Path Group: asynchronous
Path Type: min

Fanout     Cap    Slew   Delay    Time   Description
-----------------------------------------------------------------------------
                  0.15    0.00    0.00   clock clk (rise edge)
                          0.00    0.00   clock network delay (ideal)
                          2.00    2.00 v input external delay
     1    0.00    0.01    0.00    2.00 v reset (in)
                                         reset (net)
                  0.01    0.00    2.00 v _1835_/A (sky130_fd_sc_hd__buf_1)
     4    0.01    0.06    0.09    2.09 v _1835_/X (sky130_fd_sc_hd__buf_1)
                                         _0955_ (net)
                  0.06    0.00    2.09 v _1912_/A (sky130_fd_sc_hd__buf_1)
     4    0.01    0.06    0.11    2.21 v _1912_/X (sky130_fd_sc_hd__buf_1)
                                         _0968_ (net)
                  0.06    0.00    2.21 v _1922_/A (sky130_fd_sc_hd__buf_1)
    10    0.04    0.25    0.25    2.45 v _1922_/X (sky130_fd_sc_hd__buf_1)
                                         _0970_ (net)
                  0.25    0.00    2.45 v _1931_/A (sky130_fd_sc_hd__inv_2)
     1    0.00    0.06    0.09    2.55 ^ _1931_/Y (sky130_fd_sc_hd__inv_2)
                                         _0080_ (net)
                  0.06    0.00    2.55 ^ _2070_/RESET_B (sky130_fd_sc_hd__dfrtp_2)
                                  2.55   data arrival time

                  0.15    0.00    0.00   clock clk (rise edge)
                          0.00    0.00   clock network delay (ideal)
                          0.25    0.25   clock uncertainty
                          0.00    0.25   clock reconvergence pessimism
                                  0.25 ^ _2070_/CLK (sky130_fd_sc_hd__dfrtp_2)
                          0.35    0.60   library removal time
                                  0.60   data required time
-----------------------------------------------------------------------------
                                  0.60   data required time
                                 -2.55   data arrival time
-----------------------------------------------------------------------------
                                  1.94   slack (MET)


Startpoint: reset (input port clocked by clk)
Endpoint: _2071_ (removal check against rising-edge clock clk)
Path Group: asynchronous
Path Type: min

Fanout     Cap    Slew   Delay    Time   Description
-----------------------------------------------------------------------------
                  0.15    0.00    0.00   clock clk (rise edge)
                          0.00    0.00   clock network delay (ideal)
                          2.00    2.00 v input external delay
     1    0.00    0.01    0.00    2.00 v reset (in)
                                         reset (net)
                  0.01    0.00    2.00 v _1835_/A (sky130_fd_sc_hd__buf_1)
     4    0.01    0.06    0.09    2.09 v _1835_/X (sky130_fd_sc_hd__buf_1)
                                         _0955_ (net)
                  0.06    0.00    2.09 v _1912_/A (sky130_fd_sc_hd__buf_1)
     4    0.01    0.06    0.11    2.21 v _1912_/X (sky130_fd_sc_hd__buf_1)
                                         _0968_ (net)
                  0.06    0.00    2.21 v _1922_/A (sky130_fd_sc_hd__buf_1)
    10    0.04    0.25    0.25    2.45 v _1922_/X (sky130_fd_sc_hd__buf_1)
                                         _0970_ (net)
                  0.25    0.00    2.45 v _1932_/A (sky130_fd_sc_hd__inv_2)
     1    0.00    0.06    0.09    2.55 ^ _1932_/Y (sky130_fd_sc_hd__inv_2)
                                         _0081_ (net)
                  0.06    0.00    2.55 ^ _2071_/RESET_B (sky130_fd_sc_hd__dfrtp_2)
                                  2.55   data arrival time

                  0.15    0.00    0.00   clock clk (rise edge)
                          0.00    0.00   clock network delay (ideal)
                          0.25    0.25   clock uncertainty
                          0.00    0.25   clock reconvergence pessimism
                                  0.25 ^ _2071_/CLK (sky130_fd_sc_hd__dfrtp_2)
                          0.35    0.60   library removal time
                                  0.60   data required time
-----------------------------------------------------------------------------
                                  0.60   data required time
                                 -2.55   data arrival time
-----------------------------------------------------------------------------
                                  1.94   slack (MET)


Startpoint: reset (input port clocked by clk)
Endpoint: _2072_ (removal check against rising-edge clock clk)
Path Group: asynchronous
Path Type: min

Fanout     Cap    Slew   Delay    Time   Description
-----------------------------------------------------------------------------
                  0.15    0.00    0.00   clock clk (rise edge)
                          0.00    0.00   clock network delay (ideal)
                          2.00    2.00 v input external delay
     1    0.00    0.01    0.00    2.00 v reset (in)
                                         reset (net)
                  0.01    0.00    2.00 v _1835_/A (sky130_fd_sc_hd__buf_1)
     4    0.01    0.06    0.09    2.09 v _1835_/X (sky130_fd_sc_hd__buf_1)
                                         _0955_ (net)
                  0.06    0.00    2.09 v _1912_/A (sky130_fd_sc_hd__buf_1)
     4    0.01    0.06    0.11    2.21 v _1912_/X (sky130_fd_sc_hd__buf_1)
                                         _0968_ (net)
                  0.06    0.00    2.21 v _1933_/A (sky130_fd_sc_hd__buf_1)
    10    0.04    0.25    0.25    2.45 v _1933_/X (sky130_fd_sc_hd__buf_1)
                                         _0971_ (net)
                  0.25    0.00    2.45 v _1934_/A (sky130_fd_sc_hd__inv_2)
     1    0.00    0.06    0.09    2.55 ^ _1934_/Y (sky130_fd_sc_hd__inv_2)
                                         _0082_ (net)
                  0.06    0.00    2.55 ^ _2072_/RESET_B (sky130_fd_sc_hd__dfrtp_2)
                                  2.55   data arrival time

                  0.15    0.00    0.00   clock clk (rise edge)
                          0.00    0.00   clock network delay (ideal)
                          0.25    0.25   clock uncertainty
                          0.00    0.25   clock reconvergence pessimism
                                  0.25 ^ _2072_/CLK (sky130_fd_sc_hd__dfrtp_2)
                          0.35    0.60   library removal time
                                  0.60   data required time
-----------------------------------------------------------------------------
                                  0.60   data required time
                                 -2.55   data arrival time
-----------------------------------------------------------------------------
                                  1.94   slack (MET)


Startpoint: reset (input port clocked by clk)
Endpoint: _2073_ (removal check against rising-edge clock clk)
Path Group: asynchronous
Path Type: min

Fanout     Cap    Slew   Delay    Time   Description
-----------------------------------------------------------------------------
                  0.15    0.00    0.00   clock clk (rise edge)
                          0.00    0.00   clock network delay (ideal)
                          2.00    2.00 v input external delay
     1    0.00    0.01    0.00    2.00 v reset (in)
                                         reset (net)
                  0.01    0.00    2.00 v _1835_/A (sky130_fd_sc_hd__buf_1)
     4    0.01    0.06    0.09    2.09 v _1835_/X (sky130_fd_sc_hd__buf_1)
                                         _0955_ (net)
                  0.06    0.00    2.09 v _1912_/A (sky130_fd_sc_hd__buf_1)
     4    0.01    0.06    0.11    2.21 v _1912_/X (sky130_fd_sc_hd__buf_1)
                                         _0968_ (net)
                  0.06    0.00    2.21 v _1933_/A (sky130_fd_sc_hd__buf_1)
    10    0.04    0.25    0.25    2.45 v _1933_/X (sky130_fd_sc_hd__buf_1)
                                         _0971_ (net)
                  0.25    0.00    2.45 v _1935_/A (sky130_fd_sc_hd__inv_2)
     1    0.00    0.06    0.09    2.55 ^ _1935_/Y (sky130_fd_sc_hd__inv_2)
                                         _0083_ (net)
                  0.06    0.00    2.55 ^ _2073_/RESET_B (sky130_fd_sc_hd__dfrtp_2)
                                  2.55   data arrival time

                  0.15    0.00    0.00   clock clk (rise edge)
                          0.00    0.00   clock network delay (ideal)
                          0.25    0.25   clock uncertainty
                          0.00    0.25   clock reconvergence pessimism
                                  0.25 ^ _2073_/CLK (sky130_fd_sc_hd__dfrtp_2)
                          0.35    0.60   library removal time
                                  0.60   data required time
-----------------------------------------------------------------------------
                                  0.60   data required time
                                 -2.55   data arrival time
-----------------------------------------------------------------------------
                                  1.94   slack (MET)


Startpoint: reset (input port clocked by clk)
Endpoint: _2074_ (removal check against rising-edge clock clk)
Path Group: asynchronous
Path Type: min

Fanout     Cap    Slew   Delay    Time   Description
-----------------------------------------------------------------------------
                  0.15    0.00    0.00   clock clk (rise edge)
                          0.00    0.00   clock network delay (ideal)
                          2.00    2.00 v input external delay
     1    0.00    0.01    0.00    2.00 v reset (in)
                                         reset (net)
                  0.01    0.00    2.00 v _1835_/A (sky130_fd_sc_hd__buf_1)
     4    0.01    0.06    0.09    2.09 v _1835_/X (sky130_fd_sc_hd__buf_1)
                                         _0955_ (net)
                  0.06    0.00    2.09 v _1912_/A (sky130_fd_sc_hd__buf_1)
     4    0.01    0.06    0.11    2.21 v _1912_/X (sky130_fd_sc_hd__buf_1)
                                         _0968_ (net)
                  0.06    0.00    2.21 v _1933_/A (sky130_fd_sc_hd__buf_1)
    10    0.04    0.25    0.25    2.45 v _1933_/X (sky130_fd_sc_hd__buf_1)
                                         _0971_ (net)
                  0.25    0.00    2.45 v _1936_/A (sky130_fd_sc_hd__inv_2)
     1    0.00    0.06    0.09    2.55 ^ _1936_/Y (sky130_fd_sc_hd__inv_2)
                                         _0084_ (net)
                  0.06    0.00    2.55 ^ _2074_/RESET_B (sky130_fd_sc_hd__dfrtp_2)
                                  2.55   data arrival time

                  0.15    0.00    0.00   clock clk (rise edge)
                          0.00    0.00   clock network delay (ideal)
                          0.25    0.25   clock uncertainty
                          0.00    0.25   clock reconvergence pessimism
                                  0.25 ^ _2074_/CLK (sky130_fd_sc_hd__dfrtp_2)
                          0.35    0.60   library removal time
                                  0.60   data required time
-----------------------------------------------------------------------------
                                  0.60   data required time
                                 -2.55   data arrival time
-----------------------------------------------------------------------------
                                  1.94   slack (MET)


Startpoint: reset (input port clocked by clk)
Endpoint: _2075_ (removal check against rising-edge clock clk)
Path Group: asynchronous
Path Type: min

Fanout     Cap    Slew   Delay    Time   Description
-----------------------------------------------------------------------------
                  0.15    0.00    0.00   clock clk (rise edge)
                          0.00    0.00   clock network delay (ideal)
                          2.00    2.00 v input external delay
     1    0.00    0.01    0.00    2.00 v reset (in)
                                         reset (net)
                  0.01    0.00    2.00 v _1835_/A (sky130_fd_sc_hd__buf_1)
     4    0.01    0.06    0.09    2.09 v _1835_/X (sky130_fd_sc_hd__buf_1)
                                         _0955_ (net)
                  0.06    0.00    2.09 v _1912_/A (sky130_fd_sc_hd__buf_1)
     4    0.01    0.06    0.11    2.21 v _1912_/X (sky130_fd_sc_hd__buf_1)
                                         _0968_ (net)
                  0.06    0.00    2.21 v _1933_/A (sky130_fd_sc_hd__buf_1)
    10    0.04    0.25    0.25    2.45 v _1933_/X (sky130_fd_sc_hd__buf_1)
                                         _0971_ (net)
                  0.25    0.00    2.45 v _1937_/A (sky130_fd_sc_hd__inv_2)
     1    0.00    0.06    0.09    2.55 ^ _1937_/Y (sky130_fd_sc_hd__inv_2)
                                         _0085_ (net)
                  0.06    0.00    2.55 ^ _2075_/RESET_B (sky130_fd_sc_hd__dfrtp_2)
                                  2.55   data arrival time

                  0.15    0.00    0.00   clock clk (rise edge)
                          0.00    0.00   clock network delay (ideal)
                          0.25    0.25   clock uncertainty
                          0.00    0.25   clock reconvergence pessimism
                                  0.25 ^ _2075_/CLK (sky130_fd_sc_hd__dfrtp_2)
                          0.35    0.60   library removal time
                                  0.60   data required time
-----------------------------------------------------------------------------
                                  0.60   data required time
                                 -2.55   data arrival time
-----------------------------------------------------------------------------
                                  1.94   slack (MET)


Startpoint: reset (input port clocked by clk)
Endpoint: _2076_ (removal check against rising-edge clock clk)
Path Group: asynchronous
Path Type: min

Fanout     Cap    Slew   Delay    Time   Description
-----------------------------------------------------------------------------
                  0.15    0.00    0.00   clock clk (rise edge)
                          0.00    0.00   clock network delay (ideal)
                          2.00    2.00 v input external delay
     1    0.00    0.01    0.00    2.00 v reset (in)
                                         reset (net)
                  0.01    0.00    2.00 v _1835_/A (sky130_fd_sc_hd__buf_1)
     4    0.01    0.06    0.09    2.09 v _1835_/X (sky130_fd_sc_hd__buf_1)
                                         _0955_ (net)
                  0.06    0.00    2.09 v _1912_/A (sky130_fd_sc_hd__buf_1)
     4    0.01    0.06    0.11    2.21 v _1912_/X (sky130_fd_sc_hd__buf_1)
                                         _0968_ (net)
                  0.06    0.00    2.21 v _1933_/A (sky130_fd_sc_hd__buf_1)
    10    0.04    0.25    0.25    2.45 v _1933_/X (sky130_fd_sc_hd__buf_1)
                                         _0971_ (net)
                  0.25    0.00    2.45 v _1938_/A (sky130_fd_sc_hd__inv_2)
     1    0.00    0.06    0.09    2.55 ^ _1938_/Y (sky130_fd_sc_hd__inv_2)
                                         _0086_ (net)
                  0.06    0.00    2.55 ^ _2076_/RESET_B (sky130_fd_sc_hd__dfrtp_2)
                                  2.55   data arrival time

                  0.15    0.00    0.00   clock clk (rise edge)
                          0.00    0.00   clock network delay (ideal)
                          0.25    0.25   clock uncertainty
                          0.00    0.25   clock reconvergence pessimism
                                  0.25 ^ _2076_/CLK (sky130_fd_sc_hd__dfrtp_2)
                          0.35    0.60   library removal time
                                  0.60   data required time
-----------------------------------------------------------------------------
                                  0.60   data required time
                                 -2.55   data arrival time
-----------------------------------------------------------------------------
                                  1.94   slack (MET)


Startpoint: reset (input port clocked by clk)
Endpoint: _2077_ (removal check against rising-edge clock clk)
Path Group: asynchronous
Path Type: min

Fanout     Cap    Slew   Delay    Time   Description
-----------------------------------------------------------------------------
                  0.15    0.00    0.00   clock clk (rise edge)
                          0.00    0.00   clock network delay (ideal)
                          2.00    2.00 v input external delay
     1    0.00    0.01    0.00    2.00 v reset (in)
                                         reset (net)
                  0.01    0.00    2.00 v _1835_/A (sky130_fd_sc_hd__buf_1)
     4    0.01    0.06    0.09    2.09 v _1835_/X (sky130_fd_sc_hd__buf_1)
                                         _0955_ (net)
                  0.06    0.00    2.09 v _1912_/A (sky130_fd_sc_hd__buf_1)
     4    0.01    0.06    0.11    2.21 v _1912_/X (sky130_fd_sc_hd__buf_1)
                                         _0968_ (net)
                  0.06    0.00    2.21 v _1933_/A (sky130_fd_sc_hd__buf_1)
    10    0.04    0.25    0.25    2.45 v _1933_/X (sky130_fd_sc_hd__buf_1)
                                         _0971_ (net)
                  0.25    0.00    2.45 v _1939_/A (sky130_fd_sc_hd__inv_2)
     1    0.00    0.06    0.09    2.55 ^ _1939_/Y (sky130_fd_sc_hd__inv_2)
                                         _0087_ (net)
                  0.06    0.00    2.55 ^ _2077_/RESET_B (sky130_fd_sc_hd__dfrtp_2)
                                  2.55   data arrival time

                  0.15    0.00    0.00   clock clk (rise edge)
                          0.00    0.00   clock network delay (ideal)
                          0.25    0.25   clock uncertainty
                          0.00    0.25   clock reconvergence pessimism
                                  0.25 ^ _2077_/CLK (sky130_fd_sc_hd__dfrtp_2)
                          0.35    0.60   library removal time
                                  0.60   data required time
-----------------------------------------------------------------------------
                                  0.60   data required time
                                 -2.55   data arrival time
-----------------------------------------------------------------------------
                                  1.94   slack (MET)


Startpoint: reset (input port clocked by clk)
Endpoint: _2078_ (removal check against rising-edge clock clk)
Path Group: asynchronous
Path Type: min

Fanout     Cap    Slew   Delay    Time   Description
-----------------------------------------------------------------------------
                  0.15    0.00    0.00   clock clk (rise edge)
                          0.00    0.00   clock network delay (ideal)
                          2.00    2.00 v input external delay
     1    0.00    0.01    0.00    2.00 v reset (in)
                                         reset (net)
                  0.01    0.00    2.00 v _1835_/A (sky130_fd_sc_hd__buf_1)
     4    0.01    0.06    0.09    2.09 v _1835_/X (sky130_fd_sc_hd__buf_1)
                                         _0955_ (net)
                  0.06    0.00    2.09 v _1912_/A (sky130_fd_sc_hd__buf_1)
     4    0.01    0.06    0.11    2.21 v _1912_/X (sky130_fd_sc_hd__buf_1)
                                         _0968_ (net)
                  0.06    0.00    2.21 v _1933_/A (sky130_fd_sc_hd__buf_1)
    10    0.04    0.25    0.25    2.45 v _1933_/X (sky130_fd_sc_hd__buf_1)
                                         _0971_ (net)
                  0.25    0.00    2.45 v _1940_/A (sky130_fd_sc_hd__inv_2)
     1    0.00    0.06    0.09    2.55 ^ _1940_/Y (sky130_fd_sc_hd__inv_2)
                                         _0088_ (net)
                  0.06    0.00    2.55 ^ _2078_/RESET_B (sky130_fd_sc_hd__dfrtp_2)
                                  2.55   data arrival time

                  0.15    0.00    0.00   clock clk (rise edge)
                          0.00    0.00   clock network delay (ideal)
                          0.25    0.25   clock uncertainty
                          0.00    0.25   clock reconvergence pessimism
                                  0.25 ^ _2078_/CLK (sky130_fd_sc_hd__dfrtp_2)
                          0.35    0.60   library removal time
                                  0.60   data required time
-----------------------------------------------------------------------------
                                  0.60   data required time
                                 -2.55   data arrival time
-----------------------------------------------------------------------------
                                  1.94   slack (MET)


Startpoint: reset (input port clocked by clk)
Endpoint: _2079_ (removal check against rising-edge clock clk)
Path Group: asynchronous
Path Type: min

Fanout     Cap    Slew   Delay    Time   Description
-----------------------------------------------------------------------------
                  0.15    0.00    0.00   clock clk (rise edge)
                          0.00    0.00   clock network delay (ideal)
                          2.00    2.00 v input external delay
     1    0.00    0.01    0.00    2.00 v reset (in)
                                         reset (net)
                  0.01    0.00    2.00 v _1835_/A (sky130_fd_sc_hd__buf_1)
     4    0.01    0.06    0.09    2.09 v _1835_/X (sky130_fd_sc_hd__buf_1)
                                         _0955_ (net)
                  0.06    0.00    2.09 v _1912_/A (sky130_fd_sc_hd__buf_1)
     4    0.01    0.06    0.11    2.21 v _1912_/X (sky130_fd_sc_hd__buf_1)
                                         _0968_ (net)
                  0.06    0.00    2.21 v _1933_/A (sky130_fd_sc_hd__buf_1)
    10    0.04    0.25    0.25    2.45 v _1933_/X (sky130_fd_sc_hd__buf_1)
                                         _0971_ (net)
                  0.25    0.00    2.45 v _1941_/A (sky130_fd_sc_hd__inv_2)
     1    0.00    0.06    0.09    2.55 ^ _1941_/Y (sky130_fd_sc_hd__inv_2)
                                         _0089_ (net)
                  0.06    0.00    2.55 ^ _2079_/RESET_B (sky130_fd_sc_hd__dfrtp_2)
                                  2.55   data arrival time

                  0.15    0.00    0.00   clock clk (rise edge)
                          0.00    0.00   clock network delay (ideal)
                          0.25    0.25   clock uncertainty
                          0.00    0.25   clock reconvergence pessimism
                                  0.25 ^ _2079_/CLK (sky130_fd_sc_hd__dfrtp_2)
                          0.35    0.60   library removal time
                                  0.60   data required time
-----------------------------------------------------------------------------
                                  0.60   data required time
                                 -2.55   data arrival time
-----------------------------------------------------------------------------
                                  1.94   slack (MET)


Startpoint: reset (input port clocked by clk)
Endpoint: _2080_ (removal check against rising-edge clock clk)
Path Group: asynchronous
Path Type: min

Fanout     Cap    Slew   Delay    Time   Description
-----------------------------------------------------------------------------
                  0.15    0.00    0.00   clock clk (rise edge)
                          0.00    0.00   clock network delay (ideal)
                          2.00    2.00 v input external delay
     1    0.00    0.01    0.00    2.00 v reset (in)
                                         reset (net)
                  0.01    0.00    2.00 v _1835_/A (sky130_fd_sc_hd__buf_1)
     4    0.01    0.06    0.09    2.09 v _1835_/X (sky130_fd_sc_hd__buf_1)
                                         _0955_ (net)
                  0.06    0.00    2.09 v _1912_/A (sky130_fd_sc_hd__buf_1)
     4    0.01    0.06    0.11    2.21 v _1912_/X (sky130_fd_sc_hd__buf_1)
                                         _0968_ (net)
                  0.06    0.00    2.21 v _1933_/A (sky130_fd_sc_hd__buf_1)
    10    0.04    0.25    0.25    2.45 v _1933_/X (sky130_fd_sc_hd__buf_1)
                                         _0971_ (net)
                  0.25    0.00    2.45 v _1942_/A (sky130_fd_sc_hd__inv_2)
     1    0.00    0.06    0.09    2.55 ^ _1942_/Y (sky130_fd_sc_hd__inv_2)
                                         _0090_ (net)
                  0.06    0.00    2.55 ^ _2080_/RESET_B (sky130_fd_sc_hd__dfrtp_2)
                                  2.55   data arrival time

                  0.15    0.00    0.00   clock clk (rise edge)
                          0.00    0.00   clock network delay (ideal)
                          0.25    0.25   clock uncertainty
                          0.00    0.25   clock reconvergence pessimism
                                  0.25 ^ _2080_/CLK (sky130_fd_sc_hd__dfrtp_2)
                          0.35    0.60   library removal time
                                  0.60   data required time
-----------------------------------------------------------------------------
                                  0.60   data required time
                                 -2.55   data arrival time
-----------------------------------------------------------------------------
                                  1.94   slack (MET)


Startpoint: reset (input port clocked by clk)
Endpoint: _2081_ (removal check against rising-edge clock clk)
Path Group: asynchronous
Path Type: min

Fanout     Cap    Slew   Delay    Time   Description
-----------------------------------------------------------------------------
                  0.15    0.00    0.00   clock clk (rise edge)
                          0.00    0.00   clock network delay (ideal)
                          2.00    2.00 v input external delay
     1    0.00    0.01    0.00    2.00 v reset (in)
                                         reset (net)
                  0.01    0.00    2.00 v _1835_/A (sky130_fd_sc_hd__buf_1)
     4    0.01    0.06    0.09    2.09 v _1835_/X (sky130_fd_sc_hd__buf_1)
                                         _0955_ (net)
                  0.06    0.00    2.09 v _1912_/A (sky130_fd_sc_hd__buf_1)
     4    0.01    0.06    0.11    2.21 v _1912_/X (sky130_fd_sc_hd__buf_1)
                                         _0968_ (net)
                  0.06    0.00    2.21 v _1933_/A (sky130_fd_sc_hd__buf_1)
    10    0.04    0.25    0.25    2.45 v _1933_/X (sky130_fd_sc_hd__buf_1)
                                         _0971_ (net)
                  0.25    0.00    2.45 v _1943_/A (sky130_fd_sc_hd__inv_2)
     1    0.00    0.06    0.09    2.55 ^ _1943_/Y (sky130_fd_sc_hd__inv_2)
                                         _0091_ (net)
                  0.06    0.00    2.55 ^ _2081_/RESET_B (sky130_fd_sc_hd__dfrtp_2)
                                  2.55   data arrival time

                  0.15    0.00    0.00   clock clk (rise edge)
                          0.00    0.00   clock network delay (ideal)
                          0.25    0.25   clock uncertainty
                          0.00    0.25   clock reconvergence pessimism
                                  0.25 ^ _2081_/CLK (sky130_fd_sc_hd__dfrtp_2)
                          0.35    0.60   library removal time
                                  0.60   data required time
-----------------------------------------------------------------------------
                                  0.60   data required time
                                 -2.55   data arrival time
-----------------------------------------------------------------------------
                                  1.94   slack (MET)


Startpoint: reset (input port clocked by clk)
Endpoint: _2022_ (removal check against rising-edge clock clk)
Path Group: asynchronous
Path Type: min

Fanout     Cap    Slew   Delay    Time   Description
-----------------------------------------------------------------------------
                  0.15    0.00    0.00   clock clk (rise edge)
                          0.00    0.00   clock network delay (ideal)
                          2.00    2.00 v input external delay
     1    0.00    0.01    0.00    2.00 v reset (in)
                                         reset (net)
                  0.01    0.00    2.00 v _1835_/A (sky130_fd_sc_hd__buf_1)
     4    0.01    0.06    0.09    2.09 v _1835_/X (sky130_fd_sc_hd__buf_1)
                                         _0955_ (net)
                  0.06    0.00    2.09 v _1836_/A (sky130_fd_sc_hd__buf_1)
     3    0.01    0.04    0.10    2.20 v _1836_/X (sky130_fd_sc_hd__buf_1)
                                         _0956_ (net)
                  0.04    0.00    2.20 v _1875_/A (sky130_fd_sc_hd__buf_1)
     4    0.01    0.06    0.11    2.30 v _1875_/X (sky130_fd_sc_hd__buf_1)
                                         _0963_ (net)
                  0.06    0.00    2.30 v _1876_/A (sky130_fd_sc_hd__buf_1)
     8    0.03    0.20    0.21    2.52 v _1876_/X (sky130_fd_sc_hd__buf_1)
                                         _0964_ (net)
                  0.20    0.00    2.52 v _1877_/A (sky130_fd_sc_hd__inv_2)
     1    0.00    0.06    0.08    2.60 ^ _1877_/Y (sky130_fd_sc_hd__inv_2)
                                         _0032_ (net)
                  0.06    0.00    2.60 ^ _2022_/RESET_B (sky130_fd_sc_hd__dfrtp_2)
                                  2.60   data arrival time

                  0.15    0.00    0.00   clock clk (rise edge)
                          0.00    0.00   clock network delay (ideal)
                          0.25    0.25   clock uncertainty
                          0.00    0.25   clock reconvergence pessimism
                                  0.25 ^ _2022_/CLK (sky130_fd_sc_hd__dfrtp_2)
                          0.35    0.60   library removal time
                                  0.60   data required time
-----------------------------------------------------------------------------
                                  0.60   data required time
                                 -2.60   data arrival time
-----------------------------------------------------------------------------
                                  2.00   slack (MET)


Startpoint: reset (input port clocked by clk)
Endpoint: _2023_ (removal check against rising-edge clock clk)
Path Group: asynchronous
Path Type: min

Fanout     Cap    Slew   Delay    Time   Description
-----------------------------------------------------------------------------
                  0.15    0.00    0.00   clock clk (rise edge)
                          0.00    0.00   clock network delay (ideal)
                          2.00    2.00 v input external delay
     1    0.00    0.01    0.00    2.00 v reset (in)
                                         reset (net)
                  0.01    0.00    2.00 v _1835_/A (sky130_fd_sc_hd__buf_1)
     4    0.01    0.06    0.09    2.09 v _1835_/X (sky130_fd_sc_hd__buf_1)
                                         _0955_ (net)
                  0.06    0.00    2.09 v _1836_/A (sky130_fd_sc_hd__buf_1)
     3    0.01    0.04    0.10    2.20 v _1836_/X (sky130_fd_sc_hd__buf_1)
                                         _0956_ (net)
                  0.04    0.00    2.20 v _1875_/A (sky130_fd_sc_hd__buf_1)
     4    0.01    0.06    0.11    2.30 v _1875_/X (sky130_fd_sc_hd__buf_1)
                                         _0963_ (net)
                  0.06    0.00    2.30 v _1876_/A (sky130_fd_sc_hd__buf_1)
     8    0.03    0.20    0.21    2.52 v _1876_/X (sky130_fd_sc_hd__buf_1)
                                         _0964_ (net)
                  0.20    0.00    2.52 v _1878_/A (sky130_fd_sc_hd__inv_2)
     1    0.00    0.06    0.08    2.60 ^ _1878_/Y (sky130_fd_sc_hd__inv_2)
                                         _0033_ (net)
                  0.06    0.00    2.60 ^ _2023_/RESET_B (sky130_fd_sc_hd__dfrtp_2)
                                  2.60   data arrival time

                  0.15    0.00    0.00   clock clk (rise edge)
                          0.00    0.00   clock network delay (ideal)
                          0.25    0.25   clock uncertainty
                          0.00    0.25   clock reconvergence pessimism
                                  0.25 ^ _2023_/CLK (sky130_fd_sc_hd__dfrtp_2)
                          0.35    0.60   library removal time
                                  0.60   data required time
-----------------------------------------------------------------------------
                                  0.60   data required time
                                 -2.60   data arrival time
-----------------------------------------------------------------------------
                                  2.00   slack (MET)


Startpoint: reset (input port clocked by clk)
Endpoint: _2024_ (removal check against rising-edge clock clk)
Path Group: asynchronous
Path Type: min

Fanout     Cap    Slew   Delay    Time   Description
-----------------------------------------------------------------------------
                  0.15    0.00    0.00   clock clk (rise edge)
                          0.00    0.00   clock network delay (ideal)
                          2.00    2.00 v input external delay
     1    0.00    0.01    0.00    2.00 v reset (in)
                                         reset (net)
                  0.01    0.00    2.00 v _1835_/A (sky130_fd_sc_hd__buf_1)
     4    0.01    0.06    0.09    2.09 v _1835_/X (sky130_fd_sc_hd__buf_1)
                                         _0955_ (net)
                  0.06    0.00    2.09 v _1836_/A (sky130_fd_sc_hd__buf_1)
     3    0.01    0.04    0.10    2.20 v _1836_/X (sky130_fd_sc_hd__buf_1)
                                         _0956_ (net)
                  0.04    0.00    2.20 v _1875_/A (sky130_fd_sc_hd__buf_1)
     4    0.01    0.06    0.11    2.30 v _1875_/X (sky130_fd_sc_hd__buf_1)
                                         _0963_ (net)
                  0.06    0.00    2.30 v _1876_/A (sky130_fd_sc_hd__buf_1)
     8    0.03    0.20    0.21    2.52 v _1876_/X (sky130_fd_sc_hd__buf_1)
                                         _0964_ (net)
                  0.20    0.00    2.52 v _1879_/A (sky130_fd_sc_hd__inv_2)
     1    0.00    0.06    0.08    2.60 ^ _1879_/Y (sky130_fd_sc_hd__inv_2)
                                         _0034_ (net)
                  0.06    0.00    2.60 ^ _2024_/RESET_B (sky130_fd_sc_hd__dfrtp_2)
                                  2.60   data arrival time

                  0.15    0.00    0.00   clock clk (rise edge)
                          0.00    0.00   clock network delay (ideal)
                          0.25    0.25   clock uncertainty
                          0.00    0.25   clock reconvergence pessimism
                                  0.25 ^ _2024_/CLK (sky130_fd_sc_hd__dfrtp_2)
                          0.35    0.60   library removal time
                                  0.60   data required time
-----------------------------------------------------------------------------
                                  0.60   data required time
                                 -2.60   data arrival time
-----------------------------------------------------------------------------
                                  2.00   slack (MET)


Startpoint: reset (input port clocked by clk)
Endpoint: _2025_ (removal check against rising-edge clock clk)
Path Group: asynchronous
Path Type: min

Fanout     Cap    Slew   Delay    Time   Description
-----------------------------------------------------------------------------
                  0.15    0.00    0.00   clock clk (rise edge)
                          0.00    0.00   clock network delay (ideal)
                          2.00    2.00 v input external delay
     1    0.00    0.01    0.00    2.00 v reset (in)
                                         reset (net)
                  0.01    0.00    2.00 v _1835_/A (sky130_fd_sc_hd__buf_1)
     4    0.01    0.06    0.09    2.09 v _1835_/X (sky130_fd_sc_hd__buf_1)
                                         _0955_ (net)
                  0.06    0.00    2.09 v _1836_/A (sky130_fd_sc_hd__buf_1)
     3    0.01    0.04    0.10    2.20 v _1836_/X (sky130_fd_sc_hd__buf_1)
                                         _0956_ (net)
                  0.04    0.00    2.20 v _1875_/A (sky130_fd_sc_hd__buf_1)
     4    0.01    0.06    0.11    2.30 v _1875_/X (sky130_fd_sc_hd__buf_1)
                                         _0963_ (net)
                  0.06    0.00    2.30 v _1876_/A (sky130_fd_sc_hd__buf_1)
     8    0.03    0.20    0.21    2.52 v _1876_/X (sky130_fd_sc_hd__buf_1)
                                         _0964_ (net)
                  0.20    0.00    2.52 v _1880_/A (sky130_fd_sc_hd__inv_2)
     1    0.00    0.06    0.08    2.60 ^ _1880_/Y (sky130_fd_sc_hd__inv_2)
                                         _0035_ (net)
                  0.06    0.00    2.60 ^ _2025_/RESET_B (sky130_fd_sc_hd__dfrtp_2)
                                  2.60   data arrival time

                  0.15    0.00    0.00   clock clk (rise edge)
                          0.00    0.00   clock network delay (ideal)
                          0.25    0.25   clock uncertainty
                          0.00    0.25   clock reconvergence pessimism
                                  0.25 ^ _2025_/CLK (sky130_fd_sc_hd__dfrtp_2)
                          0.35    0.60   library removal time
                                  0.60   data required time
-----------------------------------------------------------------------------
                                  0.60   data required time
                                 -2.60   data arrival time
-----------------------------------------------------------------------------
                                  2.00   slack (MET)


Startpoint: reset (input port clocked by clk)
Endpoint: _2026_ (removal check against rising-edge clock clk)
Path Group: asynchronous
Path Type: min

Fanout     Cap    Slew   Delay    Time   Description
-----------------------------------------------------------------------------
                  0.15    0.00    0.00   clock clk (rise edge)
                          0.00    0.00   clock network delay (ideal)
                          2.00    2.00 v input external delay
     1    0.00    0.01    0.00    2.00 v reset (in)
                                         reset (net)
                  0.01    0.00    2.00 v _1835_/A (sky130_fd_sc_hd__buf_1)
     4    0.01    0.06    0.09    2.09 v _1835_/X (sky130_fd_sc_hd__buf_1)
                                         _0955_ (net)
                  0.06    0.00    2.09 v _1836_/A (sky130_fd_sc_hd__buf_1)
     3    0.01    0.04    0.10    2.20 v _1836_/X (sky130_fd_sc_hd__buf_1)
                                         _0956_ (net)
                  0.04    0.00    2.20 v _1875_/A (sky130_fd_sc_hd__buf_1)
     4    0.01    0.06    0.11    2.30 v _1875_/X (sky130_fd_sc_hd__buf_1)
                                         _0963_ (net)
                  0.06    0.00    2.30 v _1876_/A (sky130_fd_sc_hd__buf_1)
     8    0.03    0.20    0.21    2.52 v _1876_/X (sky130_fd_sc_hd__buf_1)
                                         _0964_ (net)
                  0.20    0.00    2.52 v _1881_/A (sky130_fd_sc_hd__inv_2)
     1    0.00    0.06    0.08    2.60 ^ _1881_/Y (sky130_fd_sc_hd__inv_2)
                                         _0036_ (net)
                  0.06    0.00    2.60 ^ _2026_/RESET_B (sky130_fd_sc_hd__dfrtp_2)
                                  2.60   data arrival time

                  0.15    0.00    0.00   clock clk (rise edge)
                          0.00    0.00   clock network delay (ideal)
                          0.25    0.25   clock uncertainty
                          0.00    0.25   clock reconvergence pessimism
                                  0.25 ^ _2026_/CLK (sky130_fd_sc_hd__dfrtp_2)
                          0.35    0.60   library removal time
                                  0.60   data required time
-----------------------------------------------------------------------------
                                  0.60   data required time
                                 -2.60   data arrival time
-----------------------------------------------------------------------------
                                  2.00   slack (MET)


Startpoint: reset (input port clocked by clk)
Endpoint: _2027_ (removal check against rising-edge clock clk)
Path Group: asynchronous
Path Type: min

Fanout     Cap    Slew   Delay    Time   Description
-----------------------------------------------------------------------------
                  0.15    0.00    0.00   clock clk (rise edge)
                          0.00    0.00   clock network delay (ideal)
                          2.00    2.00 v input external delay
     1    0.00    0.01    0.00    2.00 v reset (in)
                                         reset (net)
                  0.01    0.00    2.00 v _1835_/A (sky130_fd_sc_hd__buf_1)
     4    0.01    0.06    0.09    2.09 v _1835_/X (sky130_fd_sc_hd__buf_1)
                                         _0955_ (net)
                  0.06    0.00    2.09 v _1836_/A (sky130_fd_sc_hd__buf_1)
     3    0.01    0.04    0.10    2.20 v _1836_/X (sky130_fd_sc_hd__buf_1)
                                         _0956_ (net)
                  0.04    0.00    2.20 v _1875_/A (sky130_fd_sc_hd__buf_1)
     4    0.01    0.06    0.11    2.30 v _1875_/X (sky130_fd_sc_hd__buf_1)
                                         _0963_ (net)
                  0.06    0.00    2.30 v _1876_/A (sky130_fd_sc_hd__buf_1)
     8    0.03    0.20    0.21    2.52 v _1876_/X (sky130_fd_sc_hd__buf_1)
                                         _0964_ (net)
                  0.20    0.00    2.52 v _1882_/A (sky130_fd_sc_hd__inv_2)
     1    0.00    0.06    0.08    2.60 ^ _1882_/Y (sky130_fd_sc_hd__inv_2)
                                         _0037_ (net)
                  0.06    0.00    2.60 ^ _2027_/RESET_B (sky130_fd_sc_hd__dfrtp_2)
                                  2.60   data arrival time

                  0.15    0.00    0.00   clock clk (rise edge)
                          0.00    0.00   clock network delay (ideal)
                          0.25    0.25   clock uncertainty
                          0.00    0.25   clock reconvergence pessimism
                                  0.25 ^ _2027_/CLK (sky130_fd_sc_hd__dfrtp_2)
                          0.35    0.60   library removal time
                                  0.60   data required time
-----------------------------------------------------------------------------
                                  0.60   data required time
                                 -2.60   data arrival time
-----------------------------------------------------------------------------
                                  2.00   slack (MET)


Startpoint: reset (input port clocked by clk)
Endpoint: _2028_ (removal check against rising-edge clock clk)
Path Group: asynchronous
Path Type: min

Fanout     Cap    Slew   Delay    Time   Description
-----------------------------------------------------------------------------
                  0.15    0.00    0.00   clock clk (rise edge)
                          0.00    0.00   clock network delay (ideal)
                          2.00    2.00 v input external delay
     1    0.00    0.01    0.00    2.00 v reset (in)
                                         reset (net)
                  0.01    0.00    2.00 v _1835_/A (sky130_fd_sc_hd__buf_1)
     4    0.01    0.06    0.09    2.09 v _1835_/X (sky130_fd_sc_hd__buf_1)
                                         _0955_ (net)
                  0.06    0.00    2.09 v _1836_/A (sky130_fd_sc_hd__buf_1)
     3    0.01    0.04    0.10    2.20 v _1836_/X (sky130_fd_sc_hd__buf_1)
                                         _0956_ (net)
                  0.04    0.00    2.20 v _1875_/A (sky130_fd_sc_hd__buf_1)
     4    0.01    0.06    0.11    2.30 v _1875_/X (sky130_fd_sc_hd__buf_1)
                                         _0963_ (net)
                  0.06    0.00    2.30 v _1876_/A (sky130_fd_sc_hd__buf_1)
     8    0.03    0.20    0.21    2.52 v _1876_/X (sky130_fd_sc_hd__buf_1)
                                         _0964_ (net)
                  0.20    0.00    2.52 v _1883_/A (sky130_fd_sc_hd__inv_2)
     1    0.00    0.06    0.08    2.60 ^ _1883_/Y (sky130_fd_sc_hd__inv_2)
                                         _0038_ (net)
                  0.06    0.00    2.60 ^ _2028_/RESET_B (sky130_fd_sc_hd__dfrtp_2)
                                  2.60   data arrival time

                  0.15    0.00    0.00   clock clk (rise edge)
                          0.00    0.00   clock network delay (ideal)
                          0.25    0.25   clock uncertainty
                          0.00    0.25   clock reconvergence pessimism
                                  0.25 ^ _2028_/CLK (sky130_fd_sc_hd__dfrtp_2)
                          0.35    0.60   library removal time
                                  0.60   data required time
-----------------------------------------------------------------------------
                                  0.60   data required time
                                 -2.60   data arrival time
-----------------------------------------------------------------------------
                                  2.00   slack (MET)


Startpoint: reset (input port clocked by clk)
Endpoint: _2029_ (removal check against rising-edge clock clk)
Path Group: asynchronous
Path Type: min

Fanout     Cap    Slew   Delay    Time   Description
-----------------------------------------------------------------------------
                  0.15    0.00    0.00   clock clk (rise edge)
                          0.00    0.00   clock network delay (ideal)
                          2.00    2.00 v input external delay
     1    0.00    0.01    0.00    2.00 v reset (in)
                                         reset (net)
                  0.01    0.00    2.00 v _1835_/A (sky130_fd_sc_hd__buf_1)
     4    0.01    0.06    0.09    2.09 v _1835_/X (sky130_fd_sc_hd__buf_1)
                                         _0955_ (net)
                  0.06    0.00    2.09 v _1836_/A (sky130_fd_sc_hd__buf_1)
     3    0.01    0.04    0.10    2.20 v _1836_/X (sky130_fd_sc_hd__buf_1)
                                         _0956_ (net)
                  0.04    0.00    2.20 v _1875_/A (sky130_fd_sc_hd__buf_1)
     4    0.01    0.06    0.11    2.30 v _1875_/X (sky130_fd_sc_hd__buf_1)
                                         _0963_ (net)
                  0.06    0.00    2.30 v _1876_/A (sky130_fd_sc_hd__buf_1)
     8    0.03    0.20    0.21    2.52 v _1876_/X (sky130_fd_sc_hd__buf_1)
                                         _0964_ (net)
                  0.20    0.00    2.52 v _1884_/A (sky130_fd_sc_hd__inv_2)
     1    0.00    0.06    0.08    2.60 ^ _1884_/Y (sky130_fd_sc_hd__inv_2)
                                         _0039_ (net)
                  0.06    0.00    2.60 ^ _2029_/RESET_B (sky130_fd_sc_hd__dfrtp_2)
                                  2.60   data arrival time

                  0.15    0.00    0.00   clock clk (rise edge)
                          0.00    0.00   clock network delay (ideal)
                          0.25    0.25   clock uncertainty
                          0.00    0.25   clock reconvergence pessimism
                                  0.25 ^ _2029_/CLK (sky130_fd_sc_hd__dfrtp_2)
                          0.35    0.60   library removal time
                                  0.60   data required time
-----------------------------------------------------------------------------
                                  0.60   data required time
                                 -2.60   data arrival time
-----------------------------------------------------------------------------
                                  2.00   slack (MET)


Startpoint: reset (input port clocked by clk)
Endpoint: _2008_ (removal check against rising-edge clock clk)
Path Group: asynchronous
Path Type: min

Fanout     Cap    Slew   Delay    Time   Description
-----------------------------------------------------------------------------
                  0.15    0.00    0.00   clock clk (rise edge)
                          0.00    0.00   clock network delay (ideal)
                          2.00    2.00 v input external delay
     1    0.00    0.01    0.00    2.00 v reset (in)
                                         reset (net)
                  0.01    0.00    2.00 v _1835_/A (sky130_fd_sc_hd__buf_1)
     4    0.01    0.06    0.09    2.09 v _1835_/X (sky130_fd_sc_hd__buf_1)
                                         _0955_ (net)
                  0.06    0.00    2.09 v _1836_/A (sky130_fd_sc_hd__buf_1)
     3    0.01    0.04    0.10    2.20 v _1836_/X (sky130_fd_sc_hd__buf_1)
                                         _0956_ (net)
                  0.04    0.00    2.20 v _1858_/A (sky130_fd_sc_hd__buf_1)
     2    0.00    0.03    0.09    2.28 v _1858_/X (sky130_fd_sc_hd__buf_1)
                                         _0960_ (net)
                  0.03    0.00    2.28 v _1859_/A (sky130_fd_sc_hd__buf_1)
    10    0.04    0.25    0.24    2.52 v _1859_/X (sky130_fd_sc_hd__buf_1)
                                         _0961_ (net)
                  0.25    0.00    2.52 v _1860_/A (sky130_fd_sc_hd__inv_2)
     1    0.00    0.06    0.09    2.62 ^ _1860_/Y (sky130_fd_sc_hd__inv_2)
                                         _0018_ (net)
                  0.06    0.00    2.62 ^ _2008_/RESET_B (sky130_fd_sc_hd__dfrtp_2)
                                  2.62   data arrival time

                  0.15    0.00    0.00   clock clk (rise edge)
                          0.00    0.00   clock network delay (ideal)
                          0.25    0.25   clock uncertainty
                          0.00    0.25   clock reconvergence pessimism
                                  0.25 ^ _2008_/CLK (sky130_fd_sc_hd__dfrtp_2)
                          0.35    0.60   library removal time
                                  0.60   data required time
-----------------------------------------------------------------------------
                                  0.60   data required time
                                 -2.62   data arrival time
-----------------------------------------------------------------------------
                                  2.01   slack (MET)


Startpoint: reset (input port clocked by clk)
Endpoint: _2009_ (removal check against rising-edge clock clk)
Path Group: asynchronous
Path Type: min

Fanout     Cap    Slew   Delay    Time   Description
-----------------------------------------------------------------------------
                  0.15    0.00    0.00   clock clk (rise edge)
                          0.00    0.00   clock network delay (ideal)
                          2.00    2.00 v input external delay
     1    0.00    0.01    0.00    2.00 v reset (in)
                                         reset (net)
                  0.01    0.00    2.00 v _1835_/A (sky130_fd_sc_hd__buf_1)
     4    0.01    0.06    0.09    2.09 v _1835_/X (sky130_fd_sc_hd__buf_1)
                                         _0955_ (net)
                  0.06    0.00    2.09 v _1836_/A (sky130_fd_sc_hd__buf_1)
     3    0.01    0.04    0.10    2.20 v _1836_/X (sky130_fd_sc_hd__buf_1)
                                         _0956_ (net)
                  0.04    0.00    2.20 v _1858_/A (sky130_fd_sc_hd__buf_1)
     2    0.00    0.03    0.09    2.28 v _1858_/X (sky130_fd_sc_hd__buf_1)
                                         _0960_ (net)
                  0.03    0.00    2.28 v _1859_/A (sky130_fd_sc_hd__buf_1)
    10    0.04    0.25    0.24    2.52 v _1859_/X (sky130_fd_sc_hd__buf_1)
                                         _0961_ (net)
                  0.25    0.00    2.52 v _1861_/A (sky130_fd_sc_hd__inv_2)
     1    0.00    0.06    0.09    2.62 ^ _1861_/Y (sky130_fd_sc_hd__inv_2)
                                         _0019_ (net)
                  0.06    0.00    2.62 ^ _2009_/RESET_B (sky130_fd_sc_hd__dfrtp_2)
                                  2.62   data arrival time

                  0.15    0.00    0.00   clock clk (rise edge)
                          0.00    0.00   clock network delay (ideal)
                          0.25    0.25   clock uncertainty
                          0.00    0.25   clock reconvergence pessimism
                                  0.25 ^ _2009_/CLK (sky130_fd_sc_hd__dfrtp_2)
                          0.35    0.60   library removal time
                                  0.60   data required time
-----------------------------------------------------------------------------
                                  0.60   data required time
                                 -2.62   data arrival time
-----------------------------------------------------------------------------
                                  2.01   slack (MET)


Startpoint: reset (input port clocked by clk)
Endpoint: _2010_ (removal check against rising-edge clock clk)
Path Group: asynchronous
Path Type: min

Fanout     Cap    Slew   Delay    Time   Description
-----------------------------------------------------------------------------
                  0.15    0.00    0.00   clock clk (rise edge)
                          0.00    0.00   clock network delay (ideal)
                          2.00    2.00 v input external delay
     1    0.00    0.01    0.00    2.00 v reset (in)
                                         reset (net)
                  0.01    0.00    2.00 v _1835_/A (sky130_fd_sc_hd__buf_1)
     4    0.01    0.06    0.09    2.09 v _1835_/X (sky130_fd_sc_hd__buf_1)
                                         _0955_ (net)
                  0.06    0.00    2.09 v _1836_/A (sky130_fd_sc_hd__buf_1)
     3    0.01    0.04    0.10    2.20 v _1836_/X (sky130_fd_sc_hd__buf_1)
                                         _0956_ (net)
                  0.04    0.00    2.20 v _1858_/A (sky130_fd_sc_hd__buf_1)
     2    0.00    0.03    0.09    2.28 v _1858_/X (sky130_fd_sc_hd__buf_1)
                                         _0960_ (net)
                  0.03    0.00    2.28 v _1859_/A (sky130_fd_sc_hd__buf_1)
    10    0.04    0.25    0.24    2.52 v _1859_/X (sky130_fd_sc_hd__buf_1)
                                         _0961_ (net)
                  0.25    0.00    2.52 v _1862_/A (sky130_fd_sc_hd__inv_2)
     1    0.00    0.06    0.09    2.62 ^ _1862_/Y (sky130_fd_sc_hd__inv_2)
                                         _0020_ (net)
                  0.06    0.00    2.62 ^ _2010_/RESET_B (sky130_fd_sc_hd__dfrtp_2)
                                  2.62   data arrival time

                  0.15    0.00    0.00   clock clk (rise edge)
                          0.00    0.00   clock network delay (ideal)
                          0.25    0.25   clock uncertainty
                          0.00    0.25   clock reconvergence pessimism
                                  0.25 ^ _2010_/CLK (sky130_fd_sc_hd__dfrtp_2)
                          0.35    0.60   library removal time
                                  0.60   data required time
-----------------------------------------------------------------------------
                                  0.60   data required time
                                 -2.62   data arrival time
-----------------------------------------------------------------------------
                                  2.01   slack (MET)


Startpoint: reset (input port clocked by clk)
Endpoint: _2011_ (removal check against rising-edge clock clk)
Path Group: asynchronous
Path Type: min

Fanout     Cap    Slew   Delay    Time   Description
-----------------------------------------------------------------------------
                  0.15    0.00    0.00   clock clk (rise edge)
                          0.00    0.00   clock network delay (ideal)
                          2.00    2.00 v input external delay
     1    0.00    0.01    0.00    2.00 v reset (in)
                                         reset (net)
                  0.01    0.00    2.00 v _1835_/A (sky130_fd_sc_hd__buf_1)
     4    0.01    0.06    0.09    2.09 v _1835_/X (sky130_fd_sc_hd__buf_1)
                                         _0955_ (net)
                  0.06    0.00    2.09 v _1836_/A (sky130_fd_sc_hd__buf_1)
     3    0.01    0.04    0.10    2.20 v _1836_/X (sky130_fd_sc_hd__buf_1)
                                         _0956_ (net)
                  0.04    0.00    2.20 v _1858_/A (sky130_fd_sc_hd__buf_1)
     2    0.00    0.03    0.09    2.28 v _1858_/X (sky130_fd_sc_hd__buf_1)
                                         _0960_ (net)
                  0.03    0.00    2.28 v _1859_/A (sky130_fd_sc_hd__buf_1)
    10    0.04    0.25    0.24    2.52 v _1859_/X (sky130_fd_sc_hd__buf_1)
                                         _0961_ (net)
                  0.25    0.00    2.52 v _1863_/A (sky130_fd_sc_hd__inv_2)
     1    0.00    0.06    0.09    2.62 ^ _1863_/Y (sky130_fd_sc_hd__inv_2)
                                         _0021_ (net)
                  0.06    0.00    2.62 ^ _2011_/RESET_B (sky130_fd_sc_hd__dfrtp_2)
                                  2.62   data arrival time

                  0.15    0.00    0.00   clock clk (rise edge)
                          0.00    0.00   clock network delay (ideal)
                          0.25    0.25   clock uncertainty
                          0.00    0.25   clock reconvergence pessimism
                                  0.25 ^ _2011_/CLK (sky130_fd_sc_hd__dfrtp_2)
                          0.35    0.60   library removal time
                                  0.60   data required time
-----------------------------------------------------------------------------
                                  0.60   data required time
                                 -2.62   data arrival time
-----------------------------------------------------------------------------
                                  2.01   slack (MET)


Startpoint: reset (input port clocked by clk)
Endpoint: _2012_ (removal check against rising-edge clock clk)
Path Group: asynchronous
Path Type: min

Fanout     Cap    Slew   Delay    Time   Description
-----------------------------------------------------------------------------
                  0.15    0.00    0.00   clock clk (rise edge)
                          0.00    0.00   clock network delay (ideal)
                          2.00    2.00 v input external delay
     1    0.00    0.01    0.00    2.00 v reset (in)
                                         reset (net)
                  0.01    0.00    2.00 v _1835_/A (sky130_fd_sc_hd__buf_1)
     4    0.01    0.06    0.09    2.09 v _1835_/X (sky130_fd_sc_hd__buf_1)
                                         _0955_ (net)
                  0.06    0.00    2.09 v _1836_/A (sky130_fd_sc_hd__buf_1)
     3    0.01    0.04    0.10    2.20 v _1836_/X (sky130_fd_sc_hd__buf_1)
                                         _0956_ (net)
                  0.04    0.00    2.20 v _1858_/A (sky130_fd_sc_hd__buf_1)
     2    0.00    0.03    0.09    2.28 v _1858_/X (sky130_fd_sc_hd__buf_1)
                                         _0960_ (net)
                  0.03    0.00    2.28 v _1859_/A (sky130_fd_sc_hd__buf_1)
    10    0.04    0.25    0.24    2.52 v _1859_/X (sky130_fd_sc_hd__buf_1)
                                         _0961_ (net)
                  0.25    0.00    2.52 v _1864_/A (sky130_fd_sc_hd__inv_2)
     1    0.00    0.06    0.09    2.62 ^ _1864_/Y (sky130_fd_sc_hd__inv_2)
                                         _0022_ (net)
                  0.06    0.00    2.62 ^ _2012_/RESET_B (sky130_fd_sc_hd__dfrtp_2)
                                  2.62   data arrival time

                  0.15    0.00    0.00   clock clk (rise edge)
                          0.00    0.00   clock network delay (ideal)
                          0.25    0.25   clock uncertainty
                          0.00    0.25   clock reconvergence pessimism
                                  0.25 ^ _2012_/CLK (sky130_fd_sc_hd__dfrtp_2)
                          0.35    0.60   library removal time
                                  0.60   data required time
-----------------------------------------------------------------------------
                                  0.60   data required time
                                 -2.62   data arrival time
-----------------------------------------------------------------------------
                                  2.01   slack (MET)


Startpoint: reset (input port clocked by clk)
Endpoint: _2013_ (removal check against rising-edge clock clk)
Path Group: asynchronous
Path Type: min

Fanout     Cap    Slew   Delay    Time   Description
-----------------------------------------------------------------------------
                  0.15    0.00    0.00   clock clk (rise edge)
                          0.00    0.00   clock network delay (ideal)
                          2.00    2.00 v input external delay
     1    0.00    0.01    0.00    2.00 v reset (in)
                                         reset (net)
                  0.01    0.00    2.00 v _1835_/A (sky130_fd_sc_hd__buf_1)
     4    0.01    0.06    0.09    2.09 v _1835_/X (sky130_fd_sc_hd__buf_1)
                                         _0955_ (net)
                  0.06    0.00    2.09 v _1836_/A (sky130_fd_sc_hd__buf_1)
     3    0.01    0.04    0.10    2.20 v _1836_/X (sky130_fd_sc_hd__buf_1)
                                         _0956_ (net)
                  0.04    0.00    2.20 v _1858_/A (sky130_fd_sc_hd__buf_1)
     2    0.00    0.03    0.09    2.28 v _1858_/X (sky130_fd_sc_hd__buf_1)
                                         _0960_ (net)
                  0.03    0.00    2.28 v _1859_/A (sky130_fd_sc_hd__buf_1)
    10    0.04    0.25    0.24    2.52 v _1859_/X (sky130_fd_sc_hd__buf_1)
                                         _0961_ (net)
                  0.25    0.00    2.52 v _1865_/A (sky130_fd_sc_hd__inv_2)
     1    0.00    0.06    0.09    2.62 ^ _1865_/Y (sky130_fd_sc_hd__inv_2)
                                         _0023_ (net)
                  0.06    0.00    2.62 ^ _2013_/RESET_B (sky130_fd_sc_hd__dfrtp_2)
                                  2.62   data arrival time

                  0.15    0.00    0.00   clock clk (rise edge)
                          0.00    0.00   clock network delay (ideal)
                          0.25    0.25   clock uncertainty
                          0.00    0.25   clock reconvergence pessimism
                                  0.25 ^ _2013_/CLK (sky130_fd_sc_hd__dfrtp_2)
                          0.35    0.60   library removal time
                                  0.60   data required time
-----------------------------------------------------------------------------
                                  0.60   data required time
                                 -2.62   data arrival time
-----------------------------------------------------------------------------
                                  2.01   slack (MET)


Startpoint: reset (input port clocked by clk)
Endpoint: _2014_ (removal check against rising-edge clock clk)
Path Group: asynchronous
Path Type: min

Fanout     Cap    Slew   Delay    Time   Description
-----------------------------------------------------------------------------
                  0.15    0.00    0.00   clock clk (rise edge)
                          0.00    0.00   clock network delay (ideal)
                          2.00    2.00 v input external delay
     1    0.00    0.01    0.00    2.00 v reset (in)
                                         reset (net)
                  0.01    0.00    2.00 v _1835_/A (sky130_fd_sc_hd__buf_1)
     4    0.01    0.06    0.09    2.09 v _1835_/X (sky130_fd_sc_hd__buf_1)
                                         _0955_ (net)
                  0.06    0.00    2.09 v _1836_/A (sky130_fd_sc_hd__buf_1)
     3    0.01    0.04    0.10    2.20 v _1836_/X (sky130_fd_sc_hd__buf_1)
                                         _0956_ (net)
                  0.04    0.00    2.20 v _1858_/A (sky130_fd_sc_hd__buf_1)
     2    0.00    0.03    0.09    2.28 v _1858_/X (sky130_fd_sc_hd__buf_1)
                                         _0960_ (net)
                  0.03    0.00    2.28 v _1859_/A (sky130_fd_sc_hd__buf_1)
    10    0.04    0.25    0.24    2.52 v _1859_/X (sky130_fd_sc_hd__buf_1)
                                         _0961_ (net)
                  0.25    0.00    2.52 v _1866_/A (sky130_fd_sc_hd__inv_2)
     1    0.00    0.06    0.09    2.62 ^ _1866_/Y (sky130_fd_sc_hd__inv_2)
                                         _0024_ (net)
                  0.06    0.00    2.62 ^ _2014_/RESET_B (sky130_fd_sc_hd__dfrtp_2)
                                  2.62   data arrival time

                  0.15    0.00    0.00   clock clk (rise edge)
                          0.00    0.00   clock network delay (ideal)
                          0.25    0.25   clock uncertainty
                          0.00    0.25   clock reconvergence pessimism
                                  0.25 ^ _2014_/CLK (sky130_fd_sc_hd__dfrtp_2)
                          0.35    0.60   library removal time
                                  0.60   data required time
-----------------------------------------------------------------------------
                                  0.60   data required time
                                 -2.62   data arrival time
-----------------------------------------------------------------------------
                                  2.01   slack (MET)


Startpoint: reset (input port clocked by clk)
Endpoint: _2015_ (removal check against rising-edge clock clk)
Path Group: asynchronous
Path Type: min

Fanout     Cap    Slew   Delay    Time   Description
-----------------------------------------------------------------------------
                  0.15    0.00    0.00   clock clk (rise edge)
                          0.00    0.00   clock network delay (ideal)
                          2.00    2.00 v input external delay
     1    0.00    0.01    0.00    2.00 v reset (in)
                                         reset (net)
                  0.01    0.00    2.00 v _1835_/A (sky130_fd_sc_hd__buf_1)
     4    0.01    0.06    0.09    2.09 v _1835_/X (sky130_fd_sc_hd__buf_1)
                                         _0955_ (net)
                  0.06    0.00    2.09 v _1836_/A (sky130_fd_sc_hd__buf_1)
     3    0.01    0.04    0.10    2.20 v _1836_/X (sky130_fd_sc_hd__buf_1)
                                         _0956_ (net)
                  0.04    0.00    2.20 v _1858_/A (sky130_fd_sc_hd__buf_1)
     2    0.00    0.03    0.09    2.28 v _1858_/X (sky130_fd_sc_hd__buf_1)
                                         _0960_ (net)
                  0.03    0.00    2.28 v _1859_/A (sky130_fd_sc_hd__buf_1)
    10    0.04    0.25    0.24    2.52 v _1859_/X (sky130_fd_sc_hd__buf_1)
                                         _0961_ (net)
                  0.25    0.00    2.52 v _1867_/A (sky130_fd_sc_hd__inv_2)
     1    0.00    0.06    0.09    2.62 ^ _1867_/Y (sky130_fd_sc_hd__inv_2)
                                         _0025_ (net)
                  0.06    0.00    2.62 ^ _2015_/RESET_B (sky130_fd_sc_hd__dfrtp_2)
                                  2.62   data arrival time

                  0.15    0.00    0.00   clock clk (rise edge)
                          0.00    0.00   clock network delay (ideal)
                          0.25    0.25   clock uncertainty
                          0.00    0.25   clock reconvergence pessimism
                                  0.25 ^ _2015_/CLK (sky130_fd_sc_hd__dfrtp_2)
                          0.35    0.60   library removal time
                                  0.60   data required time
-----------------------------------------------------------------------------
                                  0.60   data required time
                                 -2.62   data arrival time
-----------------------------------------------------------------------------
                                  2.01   slack (MET)


Startpoint: reset (input port clocked by clk)
Endpoint: _2016_ (removal check against rising-edge clock clk)
Path Group: asynchronous
Path Type: min

Fanout     Cap    Slew   Delay    Time   Description
-----------------------------------------------------------------------------
                  0.15    0.00    0.00   clock clk (rise edge)
                          0.00    0.00   clock network delay (ideal)
                          2.00    2.00 v input external delay
     1    0.00    0.01    0.00    2.00 v reset (in)
                                         reset (net)
                  0.01    0.00    2.00 v _1835_/A (sky130_fd_sc_hd__buf_1)
     4    0.01    0.06    0.09    2.09 v _1835_/X (sky130_fd_sc_hd__buf_1)
                                         _0955_ (net)
                  0.06    0.00    2.09 v _1836_/A (sky130_fd_sc_hd__buf_1)
     3    0.01    0.04    0.10    2.20 v _1836_/X (sky130_fd_sc_hd__buf_1)
                                         _0956_ (net)
                  0.04    0.00    2.20 v _1858_/A (sky130_fd_sc_hd__buf_1)
     2    0.00    0.03    0.09    2.28 v _1858_/X (sky130_fd_sc_hd__buf_1)
                                         _0960_ (net)
                  0.03    0.00    2.28 v _1859_/A (sky130_fd_sc_hd__buf_1)
    10    0.04    0.25    0.24    2.52 v _1859_/X (sky130_fd_sc_hd__buf_1)
                                         _0961_ (net)
                  0.25    0.00    2.52 v _1868_/A (sky130_fd_sc_hd__inv_2)
     1    0.00    0.06    0.09    2.62 ^ _1868_/Y (sky130_fd_sc_hd__inv_2)
                                         _0026_ (net)
                  0.06    0.00    2.62 ^ _2016_/RESET_B (sky130_fd_sc_hd__dfrtp_2)
                                  2.62   data arrival time

                  0.15    0.00    0.00   clock clk (rise edge)
                          0.00    0.00   clock network delay (ideal)
                          0.25    0.25   clock uncertainty
                          0.00    0.25   clock reconvergence pessimism
                                  0.25 ^ _2016_/CLK (sky130_fd_sc_hd__dfrtp_2)
                          0.35    0.60   library removal time
                                  0.60   data required time
-----------------------------------------------------------------------------
                                  0.60   data required time
                                 -2.62   data arrival time
-----------------------------------------------------------------------------
                                  2.01   slack (MET)


Startpoint: reset (input port clocked by clk)
Endpoint: _2017_ (removal check against rising-edge clock clk)
Path Group: asynchronous
Path Type: min

Fanout     Cap    Slew   Delay    Time   Description
-----------------------------------------------------------------------------
                  0.15    0.00    0.00   clock clk (rise edge)
                          0.00    0.00   clock network delay (ideal)
                          2.00    2.00 v input external delay
     1    0.00    0.01    0.00    2.00 v reset (in)
                                         reset (net)
                  0.01    0.00    2.00 v _1835_/A (sky130_fd_sc_hd__buf_1)
     4    0.01    0.06    0.09    2.09 v _1835_/X (sky130_fd_sc_hd__buf_1)
                                         _0955_ (net)
                  0.06    0.00    2.09 v _1836_/A (sky130_fd_sc_hd__buf_1)
     3    0.01    0.04    0.10    2.20 v _1836_/X (sky130_fd_sc_hd__buf_1)
                                         _0956_ (net)
                  0.04    0.00    2.20 v _1858_/A (sky130_fd_sc_hd__buf_1)
     2    0.00    0.03    0.09    2.28 v _1858_/X (sky130_fd_sc_hd__buf_1)
                                         _0960_ (net)
                  0.03    0.00    2.28 v _1859_/A (sky130_fd_sc_hd__buf_1)
    10    0.04    0.25    0.24    2.52 v _1859_/X (sky130_fd_sc_hd__buf_1)
                                         _0961_ (net)
                  0.25    0.00    2.52 v _1869_/A (sky130_fd_sc_hd__inv_2)
     1    0.00    0.06    0.09    2.62 ^ _1869_/Y (sky130_fd_sc_hd__inv_2)
                                         _0027_ (net)
                  0.06    0.00    2.62 ^ _2017_/RESET_B (sky130_fd_sc_hd__dfrtp_2)
                                  2.62   data arrival time

                  0.15    0.00    0.00   clock clk (rise edge)
                          0.00    0.00   clock network delay (ideal)
                          0.25    0.25   clock uncertainty
                          0.00    0.25   clock reconvergence pessimism
                                  0.25 ^ _2017_/CLK (sky130_fd_sc_hd__dfrtp_2)
                          0.35    0.60   library removal time
                                  0.60   data required time
-----------------------------------------------------------------------------
                                  0.60   data required time
                                 -2.62   data arrival time
-----------------------------------------------------------------------------
                                  2.01   slack (MET)


Startpoint: reset (input port clocked by clk)
Endpoint: _2030_ (removal check against rising-edge clock clk)
Path Group: asynchronous
Path Type: min

Fanout     Cap    Slew   Delay    Time   Description
-----------------------------------------------------------------------------
                  0.15    0.00    0.00   clock clk (rise edge)
                          0.00    0.00   clock network delay (ideal)
                          2.00    2.00 v input external delay
     1    0.00    0.01    0.00    2.00 v reset (in)
                                         reset (net)
                  0.01    0.00    2.00 v _1835_/A (sky130_fd_sc_hd__buf_1)
     4    0.01    0.06    0.09    2.09 v _1835_/X (sky130_fd_sc_hd__buf_1)
                                         _0955_ (net)
                  0.06    0.00    2.09 v _1836_/A (sky130_fd_sc_hd__buf_1)
     3    0.01    0.04    0.10    2.20 v _1836_/X (sky130_fd_sc_hd__buf_1)
                                         _0956_ (net)
                  0.04    0.00    2.20 v _1875_/A (sky130_fd_sc_hd__buf_1)
     4    0.01    0.06    0.11    2.30 v _1875_/X (sky130_fd_sc_hd__buf_1)
                                         _0963_ (net)
                  0.06    0.00    2.30 v _1885_/A (sky130_fd_sc_hd__buf_1)
    10    0.04    0.25    0.25    2.55 v _1885_/X (sky130_fd_sc_hd__buf_1)
                                         _0965_ (net)
                  0.25    0.00    2.55 v _1886_/A (sky130_fd_sc_hd__inv_2)
     1    0.00    0.06    0.09    2.65 ^ _1886_/Y (sky130_fd_sc_hd__inv_2)
                                         _0040_ (net)
                  0.06    0.00    2.65 ^ _2030_/RESET_B (sky130_fd_sc_hd__dfrtp_2)
                                  2.65   data arrival time

                  0.15    0.00    0.00   clock clk (rise edge)
                          0.00    0.00   clock network delay (ideal)
                          0.25    0.25   clock uncertainty
                          0.00    0.25   clock reconvergence pessimism
                                  0.25 ^ _2030_/CLK (sky130_fd_sc_hd__dfrtp_2)
                          0.35    0.60   library removal time
                                  0.60   data required time
-----------------------------------------------------------------------------
                                  0.60   data required time
                                 -2.65   data arrival time
-----------------------------------------------------------------------------
                                  2.04   slack (MET)


Startpoint: reset (input port clocked by clk)
Endpoint: _2031_ (removal check against rising-edge clock clk)
Path Group: asynchronous
Path Type: min

Fanout     Cap    Slew   Delay    Time   Description
-----------------------------------------------------------------------------
                  0.15    0.00    0.00   clock clk (rise edge)
                          0.00    0.00   clock network delay (ideal)
                          2.00    2.00 v input external delay
     1    0.00    0.01    0.00    2.00 v reset (in)
                                         reset (net)
                  0.01    0.00    2.00 v _1835_/A (sky130_fd_sc_hd__buf_1)
     4    0.01    0.06    0.09    2.09 v _1835_/X (sky130_fd_sc_hd__buf_1)
                                         _0955_ (net)
                  0.06    0.00    2.09 v _1836_/A (sky130_fd_sc_hd__buf_1)
     3    0.01    0.04    0.10    2.20 v _1836_/X (sky130_fd_sc_hd__buf_1)
                                         _0956_ (net)
                  0.04    0.00    2.20 v _1875_/A (sky130_fd_sc_hd__buf_1)
     4    0.01    0.06    0.11    2.30 v _1875_/X (sky130_fd_sc_hd__buf_1)
                                         _0963_ (net)
                  0.06    0.00    2.30 v _1885_/A (sky130_fd_sc_hd__buf_1)
    10    0.04    0.25    0.25    2.55 v _1885_/X (sky130_fd_sc_hd__buf_1)
                                         _0965_ (net)
                  0.25    0.00    2.55 v _1887_/A (sky130_fd_sc_hd__inv_2)
     1    0.00    0.06    0.09    2.65 ^ _1887_/Y (sky130_fd_sc_hd__inv_2)
                                         _0041_ (net)
                  0.06    0.00    2.65 ^ _2031_/RESET_B (sky130_fd_sc_hd__dfrtp_2)
                                  2.65   data arrival time

                  0.15    0.00    0.00   clock clk (rise edge)
                          0.00    0.00   clock network delay (ideal)
                          0.25    0.25   clock uncertainty
                          0.00    0.25   clock reconvergence pessimism
                                  0.25 ^ _2031_/CLK (sky130_fd_sc_hd__dfrtp_2)
                          0.35    0.60   library removal time
                                  0.60   data required time
-----------------------------------------------------------------------------
                                  0.60   data required time
                                 -2.65   data arrival time
-----------------------------------------------------------------------------
                                  2.04   slack (MET)


Startpoint: reset (input port clocked by clk)
Endpoint: _2032_ (removal check against rising-edge clock clk)
Path Group: asynchronous
Path Type: min

Fanout     Cap    Slew   Delay    Time   Description
-----------------------------------------------------------------------------
                  0.15    0.00    0.00   clock clk (rise edge)
                          0.00    0.00   clock network delay (ideal)
                          2.00    2.00 v input external delay
     1    0.00    0.01    0.00    2.00 v reset (in)
                                         reset (net)
                  0.01    0.00    2.00 v _1835_/A (sky130_fd_sc_hd__buf_1)
     4    0.01    0.06    0.09    2.09 v _1835_/X (sky130_fd_sc_hd__buf_1)
                                         _0955_ (net)
                  0.06    0.00    2.09 v _1836_/A (sky130_fd_sc_hd__buf_1)
     3    0.01    0.04    0.10    2.20 v _1836_/X (sky130_fd_sc_hd__buf_1)
                                         _0956_ (net)
                  0.04    0.00    2.20 v _1875_/A (sky130_fd_sc_hd__buf_1)
     4    0.01    0.06    0.11    2.30 v _1875_/X (sky130_fd_sc_hd__buf_1)
                                         _0963_ (net)
                  0.06    0.00    2.30 v _1885_/A (sky130_fd_sc_hd__buf_1)
    10    0.04    0.25    0.25    2.55 v _1885_/X (sky130_fd_sc_hd__buf_1)
                                         _0965_ (net)
                  0.25    0.00    2.55 v _1888_/A (sky130_fd_sc_hd__inv_2)
     1    0.00    0.06    0.09    2.65 ^ _1888_/Y (sky130_fd_sc_hd__inv_2)
                                         _0042_ (net)
                  0.06    0.00    2.65 ^ _2032_/RESET_B (sky130_fd_sc_hd__dfrtp_2)
                                  2.65   data arrival time

                  0.15    0.00    0.00   clock clk (rise edge)
                          0.00    0.00   clock network delay (ideal)
                          0.25    0.25   clock uncertainty
                          0.00    0.25   clock reconvergence pessimism
                                  0.25 ^ _2032_/CLK (sky130_fd_sc_hd__dfrtp_2)
                          0.35    0.60   library removal time
                                  0.60   data required time
-----------------------------------------------------------------------------
                                  0.60   data required time
                                 -2.65   data arrival time
-----------------------------------------------------------------------------
                                  2.04   slack (MET)


Startpoint: reset (input port clocked by clk)
Endpoint: _2033_ (removal check against rising-edge clock clk)
Path Group: asynchronous
Path Type: min

Fanout     Cap    Slew   Delay    Time   Description
-----------------------------------------------------------------------------
                  0.15    0.00    0.00   clock clk (rise edge)
                          0.00    0.00   clock network delay (ideal)
                          2.00    2.00 v input external delay
     1    0.00    0.01    0.00    2.00 v reset (in)
                                         reset (net)
                  0.01    0.00    2.00 v _1835_/A (sky130_fd_sc_hd__buf_1)
     4    0.01    0.06    0.09    2.09 v _1835_/X (sky130_fd_sc_hd__buf_1)
                                         _0955_ (net)
                  0.06    0.00    2.09 v _1836_/A (sky130_fd_sc_hd__buf_1)
     3    0.01    0.04    0.10    2.20 v _1836_/X (sky130_fd_sc_hd__buf_1)
                                         _0956_ (net)
                  0.04    0.00    2.20 v _1875_/A (sky130_fd_sc_hd__buf_1)
     4    0.01    0.06    0.11    2.30 v _1875_/X (sky130_fd_sc_hd__buf_1)
                                         _0963_ (net)
                  0.06    0.00    2.30 v _1885_/A (sky130_fd_sc_hd__buf_1)
    10    0.04    0.25    0.25    2.55 v _1885_/X (sky130_fd_sc_hd__buf_1)
                                         _0965_ (net)
                  0.25    0.00    2.55 v _1889_/A (sky130_fd_sc_hd__inv_2)
     1    0.00    0.06    0.09    2.65 ^ _1889_/Y (sky130_fd_sc_hd__inv_2)
                                         _0043_ (net)
                  0.06    0.00    2.65 ^ _2033_/RESET_B (sky130_fd_sc_hd__dfrtp_2)
                                  2.65   data arrival time

                  0.15    0.00    0.00   clock clk (rise edge)
                          0.00    0.00   clock network delay (ideal)
                          0.25    0.25   clock uncertainty
                          0.00    0.25   clock reconvergence pessimism
                                  0.25 ^ _2033_/CLK (sky130_fd_sc_hd__dfrtp_2)
                          0.35    0.60   library removal time
                                  0.60   data required time
-----------------------------------------------------------------------------
                                  0.60   data required time
                                 -2.65   data arrival time
-----------------------------------------------------------------------------
                                  2.04   slack (MET)


Startpoint: reset (input port clocked by clk)
Endpoint: _2034_ (removal check against rising-edge clock clk)
Path Group: asynchronous
Path Type: min

Fanout     Cap    Slew   Delay    Time   Description
-----------------------------------------------------------------------------
                  0.15    0.00    0.00   clock clk (rise edge)
                          0.00    0.00   clock network delay (ideal)
                          2.00    2.00 v input external delay
     1    0.00    0.01    0.00    2.00 v reset (in)
                                         reset (net)
                  0.01    0.00    2.00 v _1835_/A (sky130_fd_sc_hd__buf_1)
     4    0.01    0.06    0.09    2.09 v _1835_/X (sky130_fd_sc_hd__buf_1)
                                         _0955_ (net)
                  0.06    0.00    2.09 v _1836_/A (sky130_fd_sc_hd__buf_1)
     3    0.01    0.04    0.10    2.20 v _1836_/X (sky130_fd_sc_hd__buf_1)
                                         _0956_ (net)
                  0.04    0.00    2.20 v _1875_/A (sky130_fd_sc_hd__buf_1)
     4    0.01    0.06    0.11    2.30 v _1875_/X (sky130_fd_sc_hd__buf_1)
                                         _0963_ (net)
                  0.06    0.00    2.30 v _1885_/A (sky130_fd_sc_hd__buf_1)
    10    0.04    0.25    0.25    2.55 v _1885_/X (sky130_fd_sc_hd__buf_1)
                                         _0965_ (net)
                  0.25    0.00    2.55 v _1890_/A (sky130_fd_sc_hd__inv_2)
     1    0.00    0.06    0.09    2.65 ^ _1890_/Y (sky130_fd_sc_hd__inv_2)
                                         _0044_ (net)
                  0.06    0.00    2.65 ^ _2034_/RESET_B (sky130_fd_sc_hd__dfrtp_2)
                                  2.65   data arrival time

                  0.15    0.00    0.00   clock clk (rise edge)
                          0.00    0.00   clock network delay (ideal)
                          0.25    0.25   clock uncertainty
                          0.00    0.25   clock reconvergence pessimism
                                  0.25 ^ _2034_/CLK (sky130_fd_sc_hd__dfrtp_2)
                          0.35    0.60   library removal time
                                  0.60   data required time
-----------------------------------------------------------------------------
                                  0.60   data required time
                                 -2.65   data arrival time
-----------------------------------------------------------------------------
                                  2.04   slack (MET)


Startpoint: reset (input port clocked by clk)
Endpoint: _2035_ (removal check against rising-edge clock clk)
Path Group: asynchronous
Path Type: min

Fanout     Cap    Slew   Delay    Time   Description
-----------------------------------------------------------------------------
                  0.15    0.00    0.00   clock clk (rise edge)
                          0.00    0.00   clock network delay (ideal)
                          2.00    2.00 v input external delay
     1    0.00    0.01    0.00    2.00 v reset (in)
                                         reset (net)
                  0.01    0.00    2.00 v _1835_/A (sky130_fd_sc_hd__buf_1)
     4    0.01    0.06    0.09    2.09 v _1835_/X (sky130_fd_sc_hd__buf_1)
                                         _0955_ (net)
                  0.06    0.00    2.09 v _1836_/A (sky130_fd_sc_hd__buf_1)
     3    0.01    0.04    0.10    2.20 v _1836_/X (sky130_fd_sc_hd__buf_1)
                                         _0956_ (net)
                  0.04    0.00    2.20 v _1875_/A (sky130_fd_sc_hd__buf_1)
     4    0.01    0.06    0.11    2.30 v _1875_/X (sky130_fd_sc_hd__buf_1)
                                         _0963_ (net)
                  0.06    0.00    2.30 v _1885_/A (sky130_fd_sc_hd__buf_1)
    10    0.04    0.25    0.25    2.55 v _1885_/X (sky130_fd_sc_hd__buf_1)
                                         _0965_ (net)
                  0.25    0.00    2.55 v _1891_/A (sky130_fd_sc_hd__inv_2)
     1    0.00    0.06    0.09    2.65 ^ _1891_/Y (sky130_fd_sc_hd__inv_2)
                                         _0045_ (net)
                  0.06    0.00    2.65 ^ _2035_/RESET_B (sky130_fd_sc_hd__dfrtp_2)
                                  2.65   data arrival time

                  0.15    0.00    0.00   clock clk (rise edge)
                          0.00    0.00   clock network delay (ideal)
                          0.25    0.25   clock uncertainty
                          0.00    0.25   clock reconvergence pessimism
                                  0.25 ^ _2035_/CLK (sky130_fd_sc_hd__dfrtp_2)
                          0.35    0.60   library removal time
                                  0.60   data required time
-----------------------------------------------------------------------------
                                  0.60   data required time
                                 -2.65   data arrival time
-----------------------------------------------------------------------------
                                  2.04   slack (MET)


Startpoint: reset (input port clocked by clk)
Endpoint: _2036_ (removal check against rising-edge clock clk)
Path Group: asynchronous
Path Type: min

Fanout     Cap    Slew   Delay    Time   Description
-----------------------------------------------------------------------------
                  0.15    0.00    0.00   clock clk (rise edge)
                          0.00    0.00   clock network delay (ideal)
                          2.00    2.00 v input external delay
     1    0.00    0.01    0.00    2.00 v reset (in)
                                         reset (net)
                  0.01    0.00    2.00 v _1835_/A (sky130_fd_sc_hd__buf_1)
     4    0.01    0.06    0.09    2.09 v _1835_/X (sky130_fd_sc_hd__buf_1)
                                         _0955_ (net)
                  0.06    0.00    2.09 v _1836_/A (sky130_fd_sc_hd__buf_1)
     3    0.01    0.04    0.10    2.20 v _1836_/X (sky130_fd_sc_hd__buf_1)
                                         _0956_ (net)
                  0.04    0.00    2.20 v _1875_/A (sky130_fd_sc_hd__buf_1)
     4    0.01    0.06    0.11    2.30 v _1875_/X (sky130_fd_sc_hd__buf_1)
                                         _0963_ (net)
                  0.06    0.00    2.30 v _1885_/A (sky130_fd_sc_hd__buf_1)
    10    0.04    0.25    0.25    2.55 v _1885_/X (sky130_fd_sc_hd__buf_1)
                                         _0965_ (net)
                  0.25    0.00    2.55 v _1892_/A (sky130_fd_sc_hd__inv_2)
     1    0.00    0.06    0.09    2.65 ^ _1892_/Y (sky130_fd_sc_hd__inv_2)
                                         _0046_ (net)
                  0.06    0.00    2.65 ^ _2036_/RESET_B (sky130_fd_sc_hd__dfrtp_2)
                                  2.65   data arrival time

                  0.15    0.00    0.00   clock clk (rise edge)
                          0.00    0.00   clock network delay (ideal)
                          0.25    0.25   clock uncertainty
                          0.00    0.25   clock reconvergence pessimism
                                  0.25 ^ _2036_/CLK (sky130_fd_sc_hd__dfrtp_2)
                          0.35    0.60   library removal time
                                  0.60   data required time
-----------------------------------------------------------------------------
                                  0.60   data required time
                                 -2.65   data arrival time
-----------------------------------------------------------------------------
                                  2.04   slack (MET)


Startpoint: reset (input port clocked by clk)
Endpoint: _2037_ (removal check against rising-edge clock clk)
Path Group: asynchronous
Path Type: min

Fanout     Cap    Slew   Delay    Time   Description
-----------------------------------------------------------------------------
                  0.15    0.00    0.00   clock clk (rise edge)
                          0.00    0.00   clock network delay (ideal)
                          2.00    2.00 v input external delay
     1    0.00    0.01    0.00    2.00 v reset (in)
                                         reset (net)
                  0.01    0.00    2.00 v _1835_/A (sky130_fd_sc_hd__buf_1)
     4    0.01    0.06    0.09    2.09 v _1835_/X (sky130_fd_sc_hd__buf_1)
                                         _0955_ (net)
                  0.06    0.00    2.09 v _1836_/A (sky130_fd_sc_hd__buf_1)
     3    0.01    0.04    0.10    2.20 v _1836_/X (sky130_fd_sc_hd__buf_1)
                                         _0956_ (net)
                  0.04    0.00    2.20 v _1875_/A (sky130_fd_sc_hd__buf_1)
     4    0.01    0.06    0.11    2.30 v _1875_/X (sky130_fd_sc_hd__buf_1)
                                         _0963_ (net)
                  0.06    0.00    2.30 v _1885_/A (sky130_fd_sc_hd__buf_1)
    10    0.04    0.25    0.25    2.55 v _1885_/X (sky130_fd_sc_hd__buf_1)
                                         _0965_ (net)
                  0.25    0.00    2.55 v _1893_/A (sky130_fd_sc_hd__inv_2)
     1    0.00    0.06    0.09    2.65 ^ _1893_/Y (sky130_fd_sc_hd__inv_2)
                                         _0047_ (net)
                  0.06    0.00    2.65 ^ _2037_/RESET_B (sky130_fd_sc_hd__dfrtp_2)
                                  2.65   data arrival time

                  0.15    0.00    0.00   clock clk (rise edge)
                          0.00    0.00   clock network delay (ideal)
                          0.25    0.25   clock uncertainty
                          0.00    0.25   clock reconvergence pessimism
                                  0.25 ^ _2037_/CLK (sky130_fd_sc_hd__dfrtp_2)
                          0.35    0.60   library removal time
                                  0.60   data required time
-----------------------------------------------------------------------------
                                  0.60   data required time
                                 -2.65   data arrival time
-----------------------------------------------------------------------------
                                  2.04   slack (MET)


Startpoint: reset (input port clocked by clk)
Endpoint: _2038_ (removal check against rising-edge clock clk)
Path Group: asynchronous
Path Type: min

Fanout     Cap    Slew   Delay    Time   Description
-----------------------------------------------------------------------------
                  0.15    0.00    0.00   clock clk (rise edge)
                          0.00    0.00   clock network delay (ideal)
                          2.00    2.00 v input external delay
     1    0.00    0.01    0.00    2.00 v reset (in)
                                         reset (net)
                  0.01    0.00    2.00 v _1835_/A (sky130_fd_sc_hd__buf_1)
     4    0.01    0.06    0.09    2.09 v _1835_/X (sky130_fd_sc_hd__buf_1)
                                         _0955_ (net)
                  0.06    0.00    2.09 v _1836_/A (sky130_fd_sc_hd__buf_1)
     3    0.01    0.04    0.10    2.20 v _1836_/X (sky130_fd_sc_hd__buf_1)
                                         _0956_ (net)
                  0.04    0.00    2.20 v _1875_/A (sky130_fd_sc_hd__buf_1)
     4    0.01    0.06    0.11    2.30 v _1875_/X (sky130_fd_sc_hd__buf_1)
                                         _0963_ (net)
                  0.06    0.00    2.30 v _1885_/A (sky130_fd_sc_hd__buf_1)
    10    0.04    0.25    0.25    2.55 v _1885_/X (sky130_fd_sc_hd__buf_1)
                                         _0965_ (net)
                  0.25    0.00    2.55 v _1894_/A (sky130_fd_sc_hd__inv_2)
     1    0.00    0.06    0.09    2.65 ^ _1894_/Y (sky130_fd_sc_hd__inv_2)
                                         _0048_ (net)
                  0.06    0.00    2.65 ^ _2038_/RESET_B (sky130_fd_sc_hd__dfrtp_2)
                                  2.65   data arrival time

                  0.15    0.00    0.00   clock clk (rise edge)
                          0.00    0.00   clock network delay (ideal)
                          0.25    0.25   clock uncertainty
                          0.00    0.25   clock reconvergence pessimism
                                  0.25 ^ _2038_/CLK (sky130_fd_sc_hd__dfrtp_2)
                          0.35    0.60   library removal time
                                  0.60   data required time
-----------------------------------------------------------------------------
                                  0.60   data required time
                                 -2.65   data arrival time
-----------------------------------------------------------------------------
                                  2.04   slack (MET)


Startpoint: reset (input port clocked by clk)
Endpoint: _2039_ (removal check against rising-edge clock clk)
Path Group: asynchronous
Path Type: min

Fanout     Cap    Slew   Delay    Time   Description
-----------------------------------------------------------------------------
                  0.15    0.00    0.00   clock clk (rise edge)
                          0.00    0.00   clock network delay (ideal)
                          2.00    2.00 v input external delay
     1    0.00    0.01    0.00    2.00 v reset (in)
                                         reset (net)
                  0.01    0.00    2.00 v _1835_/A (sky130_fd_sc_hd__buf_1)
     4    0.01    0.06    0.09    2.09 v _1835_/X (sky130_fd_sc_hd__buf_1)
                                         _0955_ (net)
                  0.06    0.00    2.09 v _1836_/A (sky130_fd_sc_hd__buf_1)
     3    0.01    0.04    0.10    2.20 v _1836_/X (sky130_fd_sc_hd__buf_1)
                                         _0956_ (net)
                  0.04    0.00    2.20 v _1875_/A (sky130_fd_sc_hd__buf_1)
     4    0.01    0.06    0.11    2.30 v _1875_/X (sky130_fd_sc_hd__buf_1)
                                         _0963_ (net)
                  0.06    0.00    2.30 v _1885_/A (sky130_fd_sc_hd__buf_1)
    10    0.04    0.25    0.25    2.55 v _1885_/X (sky130_fd_sc_hd__buf_1)
                                         _0965_ (net)
                  0.25    0.00    2.55 v _1895_/A (sky130_fd_sc_hd__inv_2)
     1    0.00    0.06    0.09    2.65 ^ _1895_/Y (sky130_fd_sc_hd__inv_2)
                                         _0049_ (net)
                  0.06    0.00    2.65 ^ _2039_/RESET_B (sky130_fd_sc_hd__dfrtp_2)
                                  2.65   data arrival time

                  0.15    0.00    0.00   clock clk (rise edge)
                          0.00    0.00   clock network delay (ideal)
                          0.25    0.25   clock uncertainty
                          0.00    0.25   clock reconvergence pessimism
                                  0.25 ^ _2039_/CLK (sky130_fd_sc_hd__dfrtp_2)
                          0.35    0.60   library removal time
                                  0.60   data required time
-----------------------------------------------------------------------------
                                  0.60   data required time
                                 -2.65   data arrival time
-----------------------------------------------------------------------------
                                  2.04   slack (MET)


Startpoint: reset (input port clocked by clk)
Endpoint: _2040_ (removal check against rising-edge clock clk)
Path Group: asynchronous
Path Type: min

Fanout     Cap    Slew   Delay    Time   Description
-----------------------------------------------------------------------------
                  0.15    0.00    0.00   clock clk (rise edge)
                          0.00    0.00   clock network delay (ideal)
                          2.00    2.00 v input external delay
     1    0.00    0.01    0.00    2.00 v reset (in)
                                         reset (net)
                  0.01    0.00    2.00 v _1835_/A (sky130_fd_sc_hd__buf_1)
     4    0.01    0.06    0.09    2.09 v _1835_/X (sky130_fd_sc_hd__buf_1)
                                         _0955_ (net)
                  0.06    0.00    2.09 v _1836_/A (sky130_fd_sc_hd__buf_1)
     3    0.01    0.04    0.10    2.20 v _1836_/X (sky130_fd_sc_hd__buf_1)
                                         _0956_ (net)
                  0.04    0.00    2.20 v _1875_/A (sky130_fd_sc_hd__buf_1)
     4    0.01    0.06    0.11    2.30 v _1875_/X (sky130_fd_sc_hd__buf_1)
                                         _0963_ (net)
                  0.06    0.00    2.30 v _1896_/A (sky130_fd_sc_hd__buf_1)
    10    0.04    0.25    0.25    2.55 v _1896_/X (sky130_fd_sc_hd__buf_1)
                                         _0966_ (net)
                  0.25    0.00    2.55 v _1897_/A (sky130_fd_sc_hd__inv_2)
     1    0.00    0.06    0.09    2.65 ^ _1897_/Y (sky130_fd_sc_hd__inv_2)
                                         _0050_ (net)
                  0.06    0.00    2.65 ^ _2040_/RESET_B (sky130_fd_sc_hd__dfrtp_2)
                                  2.65   data arrival time

                  0.15    0.00    0.00   clock clk (rise edge)
                          0.00    0.00   clock network delay (ideal)
                          0.25    0.25   clock uncertainty
                          0.00    0.25   clock reconvergence pessimism
                                  0.25 ^ _2040_/CLK (sky130_fd_sc_hd__dfrtp_2)
                          0.35    0.60   library removal time
                                  0.60   data required time
-----------------------------------------------------------------------------
                                  0.60   data required time
                                 -2.65   data arrival time
-----------------------------------------------------------------------------
                                  2.04   slack (MET)


Startpoint: reset (input port clocked by clk)
Endpoint: _2041_ (removal check against rising-edge clock clk)
Path Group: asynchronous
Path Type: min

Fanout     Cap    Slew   Delay    Time   Description
-----------------------------------------------------------------------------
                  0.15    0.00    0.00   clock clk (rise edge)
                          0.00    0.00   clock network delay (ideal)
                          2.00    2.00 v input external delay
     1    0.00    0.01    0.00    2.00 v reset (in)
                                         reset (net)
                  0.01    0.00    2.00 v _1835_/A (sky130_fd_sc_hd__buf_1)
     4    0.01    0.06    0.09    2.09 v _1835_/X (sky130_fd_sc_hd__buf_1)
                                         _0955_ (net)
                  0.06    0.00    2.09 v _1836_/A (sky130_fd_sc_hd__buf_1)
     3    0.01    0.04    0.10    2.20 v _1836_/X (sky130_fd_sc_hd__buf_1)
                                         _0956_ (net)
                  0.04    0.00    2.20 v _1875_/A (sky130_fd_sc_hd__buf_1)
     4    0.01    0.06    0.11    2.30 v _1875_/X (sky130_fd_sc_hd__buf_1)
                                         _0963_ (net)
                  0.06    0.00    2.30 v _1896_/A (sky130_fd_sc_hd__buf_1)
    10    0.04    0.25    0.25    2.55 v _1896_/X (sky130_fd_sc_hd__buf_1)
                                         _0966_ (net)
                  0.25    0.00    2.55 v _1898_/A (sky130_fd_sc_hd__inv_2)
     1    0.00    0.06    0.09    2.65 ^ _1898_/Y (sky130_fd_sc_hd__inv_2)
                                         _0051_ (net)
                  0.06    0.00    2.65 ^ _2041_/RESET_B (sky130_fd_sc_hd__dfrtp_2)
                                  2.65   data arrival time

                  0.15    0.00    0.00   clock clk (rise edge)
                          0.00    0.00   clock network delay (ideal)
                          0.25    0.25   clock uncertainty
                          0.00    0.25   clock reconvergence pessimism
                                  0.25 ^ _2041_/CLK (sky130_fd_sc_hd__dfrtp_2)
                          0.35    0.60   library removal time
                                  0.60   data required time
-----------------------------------------------------------------------------
                                  0.60   data required time
                                 -2.65   data arrival time
-----------------------------------------------------------------------------
                                  2.04   slack (MET)


Startpoint: reset (input port clocked by clk)
Endpoint: _2042_ (removal check against rising-edge clock clk)
Path Group: asynchronous
Path Type: min

Fanout     Cap    Slew   Delay    Time   Description
-----------------------------------------------------------------------------
                  0.15    0.00    0.00   clock clk (rise edge)
                          0.00    0.00   clock network delay (ideal)
                          2.00    2.00 v input external delay
     1    0.00    0.01    0.00    2.00 v reset (in)
                                         reset (net)
                  0.01    0.00    2.00 v _1835_/A (sky130_fd_sc_hd__buf_1)
     4    0.01    0.06    0.09    2.09 v _1835_/X (sky130_fd_sc_hd__buf_1)
                                         _0955_ (net)
                  0.06    0.00    2.09 v _1836_/A (sky130_fd_sc_hd__buf_1)
     3    0.01    0.04    0.10    2.20 v _1836_/X (sky130_fd_sc_hd__buf_1)
                                         _0956_ (net)
                  0.04    0.00    2.20 v _1875_/A (sky130_fd_sc_hd__buf_1)
     4    0.01    0.06    0.11    2.30 v _1875_/X (sky130_fd_sc_hd__buf_1)
                                         _0963_ (net)
                  0.06    0.00    2.30 v _1896_/A (sky130_fd_sc_hd__buf_1)
    10    0.04    0.25    0.25    2.55 v _1896_/X (sky130_fd_sc_hd__buf_1)
                                         _0966_ (net)
                  0.25    0.00    2.55 v _1899_/A (sky130_fd_sc_hd__inv_2)
     1    0.00    0.06    0.09    2.65 ^ _1899_/Y (sky130_fd_sc_hd__inv_2)
                                         _0052_ (net)
                  0.06    0.00    2.65 ^ _2042_/RESET_B (sky130_fd_sc_hd__dfrtp_2)
                                  2.65   data arrival time

                  0.15    0.00    0.00   clock clk (rise edge)
                          0.00    0.00   clock network delay (ideal)
                          0.25    0.25   clock uncertainty
                          0.00    0.25   clock reconvergence pessimism
                                  0.25 ^ _2042_/CLK (sky130_fd_sc_hd__dfrtp_2)
                          0.35    0.60   library removal time
                                  0.60   data required time
-----------------------------------------------------------------------------
                                  0.60   data required time
                                 -2.65   data arrival time
-----------------------------------------------------------------------------
                                  2.04   slack (MET)


Startpoint: reset (input port clocked by clk)
Endpoint: _2043_ (removal check against rising-edge clock clk)
Path Group: asynchronous
Path Type: min

Fanout     Cap    Slew   Delay    Time   Description
-----------------------------------------------------------------------------
                  0.15    0.00    0.00   clock clk (rise edge)
                          0.00    0.00   clock network delay (ideal)
                          2.00    2.00 v input external delay
     1    0.00    0.01    0.00    2.00 v reset (in)
                                         reset (net)
                  0.01    0.00    2.00 v _1835_/A (sky130_fd_sc_hd__buf_1)
     4    0.01    0.06    0.09    2.09 v _1835_/X (sky130_fd_sc_hd__buf_1)
                                         _0955_ (net)
                  0.06    0.00    2.09 v _1836_/A (sky130_fd_sc_hd__buf_1)
     3    0.01    0.04    0.10    2.20 v _1836_/X (sky130_fd_sc_hd__buf_1)
                                         _0956_ (net)
                  0.04    0.00    2.20 v _1875_/A (sky130_fd_sc_hd__buf_1)
     4    0.01    0.06    0.11    2.30 v _1875_/X (sky130_fd_sc_hd__buf_1)
                                         _0963_ (net)
                  0.06    0.00    2.30 v _1896_/A (sky130_fd_sc_hd__buf_1)
    10    0.04    0.25    0.25    2.55 v _1896_/X (sky130_fd_sc_hd__buf_1)
                                         _0966_ (net)
                  0.25    0.00    2.55 v _1900_/A (sky130_fd_sc_hd__inv_2)
     1    0.00    0.06    0.09    2.65 ^ _1900_/Y (sky130_fd_sc_hd__inv_2)
                                         _0053_ (net)
                  0.06    0.00    2.65 ^ _2043_/RESET_B (sky130_fd_sc_hd__dfrtp_2)
                                  2.65   data arrival time

                  0.15    0.00    0.00   clock clk (rise edge)
                          0.00    0.00   clock network delay (ideal)
                          0.25    0.25   clock uncertainty
                          0.00    0.25   clock reconvergence pessimism
                                  0.25 ^ _2043_/CLK (sky130_fd_sc_hd__dfrtp_2)
                          0.35    0.60   library removal time
                                  0.60   data required time
-----------------------------------------------------------------------------
                                  0.60   data required time
                                 -2.65   data arrival time
-----------------------------------------------------------------------------
                                  2.04   slack (MET)


Startpoint: reset (input port clocked by clk)
Endpoint: _2044_ (removal check against rising-edge clock clk)
Path Group: asynchronous
Path Type: min

Fanout     Cap    Slew   Delay    Time   Description
-----------------------------------------------------------------------------
                  0.15    0.00    0.00   clock clk (rise edge)
                          0.00    0.00   clock network delay (ideal)
                          2.00    2.00 v input external delay
     1    0.00    0.01    0.00    2.00 v reset (in)
                                         reset (net)
                  0.01    0.00    2.00 v _1835_/A (sky130_fd_sc_hd__buf_1)
     4    0.01    0.06    0.09    2.09 v _1835_/X (sky130_fd_sc_hd__buf_1)
                                         _0955_ (net)
                  0.06    0.00    2.09 v _1836_/A (sky130_fd_sc_hd__buf_1)
     3    0.01    0.04    0.10    2.20 v _1836_/X (sky130_fd_sc_hd__buf_1)
                                         _0956_ (net)
                  0.04    0.00    2.20 v _1875_/A (sky130_fd_sc_hd__buf_1)
     4    0.01    0.06    0.11    2.30 v _1875_/X (sky130_fd_sc_hd__buf_1)
                                         _0963_ (net)
                  0.06    0.00    2.30 v _1896_/A (sky130_fd_sc_hd__buf_1)
    10    0.04    0.25    0.25    2.55 v _1896_/X (sky130_fd_sc_hd__buf_1)
                                         _0966_ (net)
                  0.25    0.00    2.55 v _1901_/A (sky130_fd_sc_hd__inv_2)
     1    0.00    0.06    0.09    2.65 ^ _1901_/Y (sky130_fd_sc_hd__inv_2)
                                         _0054_ (net)
                  0.06    0.00    2.65 ^ _2044_/RESET_B (sky130_fd_sc_hd__dfrtp_2)
                                  2.65   data arrival time

                  0.15    0.00    0.00   clock clk (rise edge)
                          0.00    0.00   clock network delay (ideal)
                          0.25    0.25   clock uncertainty
                          0.00    0.25   clock reconvergence pessimism
                                  0.25 ^ _2044_/CLK (sky130_fd_sc_hd__dfrtp_2)
                          0.35    0.60   library removal time
                                  0.60   data required time
-----------------------------------------------------------------------------
                                  0.60   data required time
                                 -2.65   data arrival time
-----------------------------------------------------------------------------
                                  2.04   slack (MET)


Startpoint: reset (input port clocked by clk)
Endpoint: _2045_ (removal check against rising-edge clock clk)
Path Group: asynchronous
Path Type: min

Fanout     Cap    Slew   Delay    Time   Description
-----------------------------------------------------------------------------
                  0.15    0.00    0.00   clock clk (rise edge)
                          0.00    0.00   clock network delay (ideal)
                          2.00    2.00 v input external delay
     1    0.00    0.01    0.00    2.00 v reset (in)
                                         reset (net)
                  0.01    0.00    2.00 v _1835_/A (sky130_fd_sc_hd__buf_1)
     4    0.01    0.06    0.09    2.09 v _1835_/X (sky130_fd_sc_hd__buf_1)
                                         _0955_ (net)
                  0.06    0.00    2.09 v _1836_/A (sky130_fd_sc_hd__buf_1)
     3    0.01    0.04    0.10    2.20 v _1836_/X (sky130_fd_sc_hd__buf_1)
                                         _0956_ (net)
                  0.04    0.00    2.20 v _1875_/A (sky130_fd_sc_hd__buf_1)
     4    0.01    0.06    0.11    2.30 v _1875_/X (sky130_fd_sc_hd__buf_1)
                                         _0963_ (net)
                  0.06    0.00    2.30 v _1896_/A (sky130_fd_sc_hd__buf_1)
    10    0.04    0.25    0.25    2.55 v _1896_/X (sky130_fd_sc_hd__buf_1)
                                         _0966_ (net)
                  0.25    0.00    2.55 v _1902_/A (sky130_fd_sc_hd__inv_2)
     1    0.00    0.06    0.09    2.65 ^ _1902_/Y (sky130_fd_sc_hd__inv_2)
                                         _0055_ (net)
                  0.06    0.00    2.65 ^ _2045_/RESET_B (sky130_fd_sc_hd__dfrtp_2)
                                  2.65   data arrival time

                  0.15    0.00    0.00   clock clk (rise edge)
                          0.00    0.00   clock network delay (ideal)
                          0.25    0.25   clock uncertainty
                          0.00    0.25   clock reconvergence pessimism
                                  0.25 ^ _2045_/CLK (sky130_fd_sc_hd__dfrtp_2)
                          0.35    0.60   library removal time
                                  0.60   data required time
-----------------------------------------------------------------------------
                                  0.60   data required time
                                 -2.65   data arrival time
-----------------------------------------------------------------------------
                                  2.04   slack (MET)


Startpoint: reset (input port clocked by clk)
Endpoint: _2046_ (removal check against rising-edge clock clk)
Path Group: asynchronous
Path Type: min

Fanout     Cap    Slew   Delay    Time   Description
-----------------------------------------------------------------------------
                  0.15    0.00    0.00   clock clk (rise edge)
                          0.00    0.00   clock network delay (ideal)
                          2.00    2.00 v input external delay
     1    0.00    0.01    0.00    2.00 v reset (in)
                                         reset (net)
                  0.01    0.00    2.00 v _1835_/A (sky130_fd_sc_hd__buf_1)
     4    0.01    0.06    0.09    2.09 v _1835_/X (sky130_fd_sc_hd__buf_1)
                                         _0955_ (net)
                  0.06    0.00    2.09 v _1836_/A (sky130_fd_sc_hd__buf_1)
     3    0.01    0.04    0.10    2.20 v _1836_/X (sky130_fd_sc_hd__buf_1)
                                         _0956_ (net)
                  0.04    0.00    2.20 v _1875_/A (sky130_fd_sc_hd__buf_1)
     4    0.01    0.06    0.11    2.30 v _1875_/X (sky130_fd_sc_hd__buf_1)
                                         _0963_ (net)
                  0.06    0.00    2.30 v _1896_/A (sky130_fd_sc_hd__buf_1)
    10    0.04    0.25    0.25    2.55 v _1896_/X (sky130_fd_sc_hd__buf_1)
                                         _0966_ (net)
                  0.25    0.00    2.55 v _1903_/A (sky130_fd_sc_hd__inv_2)
     1    0.00    0.06    0.09    2.65 ^ _1903_/Y (sky130_fd_sc_hd__inv_2)
                                         _0056_ (net)
                  0.06    0.00    2.65 ^ _2046_/RESET_B (sky130_fd_sc_hd__dfrtp_2)
                                  2.65   data arrival time

                  0.15    0.00    0.00   clock clk (rise edge)
                          0.00    0.00   clock network delay (ideal)
                          0.25    0.25   clock uncertainty
                          0.00    0.25   clock reconvergence pessimism
                                  0.25 ^ _2046_/CLK (sky130_fd_sc_hd__dfrtp_2)
                          0.35    0.60   library removal time
                                  0.60   data required time
-----------------------------------------------------------------------------
                                  0.60   data required time
                                 -2.65   data arrival time
-----------------------------------------------------------------------------
                                  2.04   slack (MET)


Startpoint: reset (input port clocked by clk)
Endpoint: _2047_ (removal check against rising-edge clock clk)
Path Group: asynchronous
Path Type: min

Fanout     Cap    Slew   Delay    Time   Description
-----------------------------------------------------------------------------
                  0.15    0.00    0.00   clock clk (rise edge)
                          0.00    0.00   clock network delay (ideal)
                          2.00    2.00 v input external delay
     1    0.00    0.01    0.00    2.00 v reset (in)
                                         reset (net)
                  0.01    0.00    2.00 v _1835_/A (sky130_fd_sc_hd__buf_1)
     4    0.01    0.06    0.09    2.09 v _1835_/X (sky130_fd_sc_hd__buf_1)
                                         _0955_ (net)
                  0.06    0.00    2.09 v _1836_/A (sky130_fd_sc_hd__buf_1)
     3    0.01    0.04    0.10    2.20 v _1836_/X (sky130_fd_sc_hd__buf_1)
                                         _0956_ (net)
                  0.04    0.00    2.20 v _1875_/A (sky130_fd_sc_hd__buf_1)
     4    0.01    0.06    0.11    2.30 v _1875_/X (sky130_fd_sc_hd__buf_1)
                                         _0963_ (net)
                  0.06    0.00    2.30 v _1896_/A (sky130_fd_sc_hd__buf_1)
    10    0.04    0.25    0.25    2.55 v _1896_/X (sky130_fd_sc_hd__buf_1)
                                         _0966_ (net)
                  0.25    0.00    2.55 v _1904_/A (sky130_fd_sc_hd__inv_2)
     1    0.00    0.06    0.09    2.65 ^ _1904_/Y (sky130_fd_sc_hd__inv_2)
                                         _0057_ (net)
                  0.06    0.00    2.65 ^ _2047_/RESET_B (sky130_fd_sc_hd__dfrtp_2)
                                  2.65   data arrival time

                  0.15    0.00    0.00   clock clk (rise edge)
                          0.00    0.00   clock network delay (ideal)
                          0.25    0.25   clock uncertainty
                          0.00    0.25   clock reconvergence pessimism
                                  0.25 ^ _2047_/CLK (sky130_fd_sc_hd__dfrtp_2)
                          0.35    0.60   library removal time
                                  0.60   data required time
-----------------------------------------------------------------------------
                                  0.60   data required time
                                 -2.65   data arrival time
-----------------------------------------------------------------------------
                                  2.04   slack (MET)


Startpoint: reset (input port clocked by clk)
Endpoint: _2048_ (removal check against rising-edge clock clk)
Path Group: asynchronous
Path Type: min

Fanout     Cap    Slew   Delay    Time   Description
-----------------------------------------------------------------------------
                  0.15    0.00    0.00   clock clk (rise edge)
                          0.00    0.00   clock network delay (ideal)
                          2.00    2.00 v input external delay
     1    0.00    0.01    0.00    2.00 v reset (in)
                                         reset (net)
                  0.01    0.00    2.00 v _1835_/A (sky130_fd_sc_hd__buf_1)
     4    0.01    0.06    0.09    2.09 v _1835_/X (sky130_fd_sc_hd__buf_1)
                                         _0955_ (net)
                  0.06    0.00    2.09 v _1836_/A (sky130_fd_sc_hd__buf_1)
     3    0.01    0.04    0.10    2.20 v _1836_/X (sky130_fd_sc_hd__buf_1)
                                         _0956_ (net)
                  0.04    0.00    2.20 v _1875_/A (sky130_fd_sc_hd__buf_1)
     4    0.01    0.06    0.11    2.30 v _1875_/X (sky130_fd_sc_hd__buf_1)
                                         _0963_ (net)
                  0.06    0.00    2.30 v _1896_/A (sky130_fd_sc_hd__buf_1)
    10    0.04    0.25    0.25    2.55 v _1896_/X (sky130_fd_sc_hd__buf_1)
                                         _0966_ (net)
                  0.25    0.00    2.55 v _1905_/A (sky130_fd_sc_hd__inv_2)
     1    0.00    0.06    0.09    2.65 ^ _1905_/Y (sky130_fd_sc_hd__inv_2)
                                         _0058_ (net)
                  0.06    0.00    2.65 ^ _2048_/RESET_B (sky130_fd_sc_hd__dfrtp_2)
                                  2.65   data arrival time

                  0.15    0.00    0.00   clock clk (rise edge)
                          0.00    0.00   clock network delay (ideal)
                          0.25    0.25   clock uncertainty
                          0.00    0.25   clock reconvergence pessimism
                                  0.25 ^ _2048_/CLK (sky130_fd_sc_hd__dfrtp_2)
                          0.35    0.60   library removal time
                                  0.60   data required time
-----------------------------------------------------------------------------
                                  0.60   data required time
                                 -2.65   data arrival time
-----------------------------------------------------------------------------
                                  2.04   slack (MET)


Startpoint: reset (input port clocked by clk)
Endpoint: _2049_ (removal check against rising-edge clock clk)
Path Group: asynchronous
Path Type: min

Fanout     Cap    Slew   Delay    Time   Description
-----------------------------------------------------------------------------
                  0.15    0.00    0.00   clock clk (rise edge)
                          0.00    0.00   clock network delay (ideal)
                          2.00    2.00 v input external delay
     1    0.00    0.01    0.00    2.00 v reset (in)
                                         reset (net)
                  0.01    0.00    2.00 v _1835_/A (sky130_fd_sc_hd__buf_1)
     4    0.01    0.06    0.09    2.09 v _1835_/X (sky130_fd_sc_hd__buf_1)
                                         _0955_ (net)
                  0.06    0.00    2.09 v _1836_/A (sky130_fd_sc_hd__buf_1)
     3    0.01    0.04    0.10    2.20 v _1836_/X (sky130_fd_sc_hd__buf_1)
                                         _0956_ (net)
                  0.04    0.00    2.20 v _1875_/A (sky130_fd_sc_hd__buf_1)
     4    0.01    0.06    0.11    2.30 v _1875_/X (sky130_fd_sc_hd__buf_1)
                                         _0963_ (net)
                  0.06    0.00    2.30 v _1896_/A (sky130_fd_sc_hd__buf_1)
    10    0.04    0.25    0.25    2.55 v _1896_/X (sky130_fd_sc_hd__buf_1)
                                         _0966_ (net)
                  0.25    0.00    2.55 v _1906_/A (sky130_fd_sc_hd__inv_2)
     1    0.00    0.06    0.09    2.65 ^ _1906_/Y (sky130_fd_sc_hd__inv_2)
                                         _0059_ (net)
                  0.06    0.00    2.65 ^ _2049_/RESET_B (sky130_fd_sc_hd__dfrtp_2)
                                  2.65   data arrival time

                  0.15    0.00    0.00   clock clk (rise edge)
                          0.00    0.00   clock network delay (ideal)
                          0.25    0.25   clock uncertainty
                          0.00    0.25   clock reconvergence pessimism
                                  0.25 ^ _2049_/CLK (sky130_fd_sc_hd__dfrtp_2)
                          0.35    0.60   library removal time
                                  0.60   data required time
-----------------------------------------------------------------------------
                                  0.60   data required time
                                 -2.65   data arrival time
-----------------------------------------------------------------------------
                                  2.04   slack (MET)


Startpoint: reset (input port clocked by clk)
Endpoint: _1990_ (removal check against rising-edge clock clk)
Path Group: asynchronous
Path Type: min

Fanout     Cap    Slew   Delay    Time   Description
-----------------------------------------------------------------------------
                  0.15    0.00    0.00   clock clk (rise edge)
                          0.00    0.00   clock network delay (ideal)
                          2.00    2.00 v input external delay
     1    0.00    0.01    0.00    2.00 v reset (in)
                                         reset (net)
                  0.01    0.00    2.00 v _1835_/A (sky130_fd_sc_hd__buf_1)
     4    0.01    0.06    0.09    2.09 v _1835_/X (sky130_fd_sc_hd__buf_1)
                                         _0955_ (net)
                  0.06    0.00    2.09 v _1836_/A (sky130_fd_sc_hd__buf_1)
     3    0.01    0.04    0.10    2.20 v _1836_/X (sky130_fd_sc_hd__buf_1)
                                         _0956_ (net)
                  0.04    0.00    2.20 v _1837_/A (sky130_fd_sc_hd__buf_1)
     5    0.02    0.10    0.14    2.34 v _1837_/X (sky130_fd_sc_hd__buf_1)
                                         _0957_ (net)
                  0.10    0.00    2.34 v _1838_/A (sky130_fd_sc_hd__buf_1)
     8    0.03    0.20    0.23    2.57 v _1838_/X (sky130_fd_sc_hd__buf_1)
                                         _0958_ (net)
                  0.20    0.00    2.57 v _1839_/A (sky130_fd_sc_hd__inv_2)
     1    0.00    0.06    0.08    2.66 ^ _1839_/Y (sky130_fd_sc_hd__inv_2)
                                         _0000_ (net)
                  0.06    0.00    2.66 ^ _1990_/RESET_B (sky130_fd_sc_hd__dfrtp_2)
                                  2.66   data arrival time

                  0.15    0.00    0.00   clock clk (rise edge)
                          0.00    0.00   clock network delay (ideal)
                          0.25    0.25   clock uncertainty
                          0.00    0.25   clock reconvergence pessimism
                                  0.25 ^ _1990_/CLK (sky130_fd_sc_hd__dfrtp_2)
                          0.35    0.60   library removal time
                                  0.60   data required time
-----------------------------------------------------------------------------
                                  0.60   data required time
                                 -2.66   data arrival time
-----------------------------------------------------------------------------
                                  2.05   slack (MET)


Startpoint: reset (input port clocked by clk)
Endpoint: _1991_ (removal check against rising-edge clock clk)
Path Group: asynchronous
Path Type: min

Fanout     Cap    Slew   Delay    Time   Description
-----------------------------------------------------------------------------
                  0.15    0.00    0.00   clock clk (rise edge)
                          0.00    0.00   clock network delay (ideal)
                          2.00    2.00 v input external delay
     1    0.00    0.01    0.00    2.00 v reset (in)
                                         reset (net)
                  0.01    0.00    2.00 v _1835_/A (sky130_fd_sc_hd__buf_1)
     4    0.01    0.06    0.09    2.09 v _1835_/X (sky130_fd_sc_hd__buf_1)
                                         _0955_ (net)
                  0.06    0.00    2.09 v _1836_/A (sky130_fd_sc_hd__buf_1)
     3    0.01    0.04    0.10    2.20 v _1836_/X (sky130_fd_sc_hd__buf_1)
                                         _0956_ (net)
                  0.04    0.00    2.20 v _1837_/A (sky130_fd_sc_hd__buf_1)
     5    0.02    0.10    0.14    2.34 v _1837_/X (sky130_fd_sc_hd__buf_1)
                                         _0957_ (net)
                  0.10    0.00    2.34 v _1838_/A (sky130_fd_sc_hd__buf_1)
     8    0.03    0.20    0.23    2.57 v _1838_/X (sky130_fd_sc_hd__buf_1)
                                         _0958_ (net)
                  0.20    0.00    2.57 v _1840_/A (sky130_fd_sc_hd__inv_2)
     1    0.00    0.06    0.08    2.66 ^ _1840_/Y (sky130_fd_sc_hd__inv_2)
                                         _0001_ (net)
                  0.06    0.00    2.66 ^ _1991_/RESET_B (sky130_fd_sc_hd__dfrtp_2)
                                  2.66   data arrival time

                  0.15    0.00    0.00   clock clk (rise edge)
                          0.00    0.00   clock network delay (ideal)
                          0.25    0.25   clock uncertainty
                          0.00    0.25   clock reconvergence pessimism
                                  0.25 ^ _1991_/CLK (sky130_fd_sc_hd__dfrtp_2)
                          0.35    0.60   library removal time
                                  0.60   data required time
-----------------------------------------------------------------------------
                                  0.60   data required time
                                 -2.66   data arrival time
-----------------------------------------------------------------------------
                                  2.05   slack (MET)


Startpoint: reset (input port clocked by clk)
Endpoint: _1992_ (removal check against rising-edge clock clk)
Path Group: asynchronous
Path Type: min

Fanout     Cap    Slew   Delay    Time   Description
-----------------------------------------------------------------------------
                  0.15    0.00    0.00   clock clk (rise edge)
                          0.00    0.00   clock network delay (ideal)
                          2.00    2.00 v input external delay
     1    0.00    0.01    0.00    2.00 v reset (in)
                                         reset (net)
                  0.01    0.00    2.00 v _1835_/A (sky130_fd_sc_hd__buf_1)
     4    0.01    0.06    0.09    2.09 v _1835_/X (sky130_fd_sc_hd__buf_1)
                                         _0955_ (net)
                  0.06    0.00    2.09 v _1836_/A (sky130_fd_sc_hd__buf_1)
     3    0.01    0.04    0.10    2.20 v _1836_/X (sky130_fd_sc_hd__buf_1)
                                         _0956_ (net)
                  0.04    0.00    2.20 v _1837_/A (sky130_fd_sc_hd__buf_1)
     5    0.02    0.10    0.14    2.34 v _1837_/X (sky130_fd_sc_hd__buf_1)
                                         _0957_ (net)
                  0.10    0.00    2.34 v _1838_/A (sky130_fd_sc_hd__buf_1)
     8    0.03    0.20    0.23    2.57 v _1838_/X (sky130_fd_sc_hd__buf_1)
                                         _0958_ (net)
                  0.20    0.00    2.57 v _1841_/A (sky130_fd_sc_hd__inv_2)
     1    0.00    0.06    0.08    2.66 ^ _1841_/Y (sky130_fd_sc_hd__inv_2)
                                         _0002_ (net)
                  0.06    0.00    2.66 ^ _1992_/RESET_B (sky130_fd_sc_hd__dfrtp_2)
                                  2.66   data arrival time

                  0.15    0.00    0.00   clock clk (rise edge)
                          0.00    0.00   clock network delay (ideal)
                          0.25    0.25   clock uncertainty
                          0.00    0.25   clock reconvergence pessimism
                                  0.25 ^ _1992_/CLK (sky130_fd_sc_hd__dfrtp_2)
                          0.35    0.60   library removal time
                                  0.60   data required time
-----------------------------------------------------------------------------
                                  0.60   data required time
                                 -2.66   data arrival time
-----------------------------------------------------------------------------
                                  2.05   slack (MET)


Startpoint: reset (input port clocked by clk)
Endpoint: _1993_ (removal check against rising-edge clock clk)
Path Group: asynchronous
Path Type: min

Fanout     Cap    Slew   Delay    Time   Description
-----------------------------------------------------------------------------
                  0.15    0.00    0.00   clock clk (rise edge)
                          0.00    0.00   clock network delay (ideal)
                          2.00    2.00 v input external delay
     1    0.00    0.01    0.00    2.00 v reset (in)
                                         reset (net)
                  0.01    0.00    2.00 v _1835_/A (sky130_fd_sc_hd__buf_1)
     4    0.01    0.06    0.09    2.09 v _1835_/X (sky130_fd_sc_hd__buf_1)
                                         _0955_ (net)
                  0.06    0.00    2.09 v _1836_/A (sky130_fd_sc_hd__buf_1)
     3    0.01    0.04    0.10    2.20 v _1836_/X (sky130_fd_sc_hd__buf_1)
                                         _0956_ (net)
                  0.04    0.00    2.20 v _1837_/A (sky130_fd_sc_hd__buf_1)
     5    0.02    0.10    0.14    2.34 v _1837_/X (sky130_fd_sc_hd__buf_1)
                                         _0957_ (net)
                  0.10    0.00    2.34 v _1838_/A (sky130_fd_sc_hd__buf_1)
     8    0.03    0.20    0.23    2.57 v _1838_/X (sky130_fd_sc_hd__buf_1)
                                         _0958_ (net)
                  0.20    0.00    2.57 v _1842_/A (sky130_fd_sc_hd__inv_2)
     1    0.00    0.06    0.08    2.66 ^ _1842_/Y (sky130_fd_sc_hd__inv_2)
                                         _0003_ (net)
                  0.06    0.00    2.66 ^ _1993_/RESET_B (sky130_fd_sc_hd__dfrtp_2)
                                  2.66   data arrival time

                  0.15    0.00    0.00   clock clk (rise edge)
                          0.00    0.00   clock network delay (ideal)
                          0.25    0.25   clock uncertainty
                          0.00    0.25   clock reconvergence pessimism
                                  0.25 ^ _1993_/CLK (sky130_fd_sc_hd__dfrtp_2)
                          0.35    0.60   library removal time
                                  0.60   data required time
-----------------------------------------------------------------------------
                                  0.60   data required time
                                 -2.66   data arrival time
-----------------------------------------------------------------------------
                                  2.05   slack (MET)


Startpoint: reset (input port clocked by clk)
Endpoint: _1994_ (removal check against rising-edge clock clk)
Path Group: asynchronous
Path Type: min

Fanout     Cap    Slew   Delay    Time   Description
-----------------------------------------------------------------------------
                  0.15    0.00    0.00   clock clk (rise edge)
                          0.00    0.00   clock network delay (ideal)
                          2.00    2.00 v input external delay
     1    0.00    0.01    0.00    2.00 v reset (in)
                                         reset (net)
                  0.01    0.00    2.00 v _1835_/A (sky130_fd_sc_hd__buf_1)
     4    0.01    0.06    0.09    2.09 v _1835_/X (sky130_fd_sc_hd__buf_1)
                                         _0955_ (net)
                  0.06    0.00    2.09 v _1836_/A (sky130_fd_sc_hd__buf_1)
     3    0.01    0.04    0.10    2.20 v _1836_/X (sky130_fd_sc_hd__buf_1)
                                         _0956_ (net)
                  0.04    0.00    2.20 v _1837_/A (sky130_fd_sc_hd__buf_1)
     5    0.02    0.10    0.14    2.34 v _1837_/X (sky130_fd_sc_hd__buf_1)
                                         _0957_ (net)
                  0.10    0.00    2.34 v _1838_/A (sky130_fd_sc_hd__buf_1)
     8    0.03    0.20    0.23    2.57 v _1838_/X (sky130_fd_sc_hd__buf_1)
                                         _0958_ (net)
                  0.20    0.00    2.57 v _1843_/A (sky130_fd_sc_hd__inv_2)
     1    0.00    0.06    0.08    2.66 ^ _1843_/Y (sky130_fd_sc_hd__inv_2)
                                         _0004_ (net)
                  0.06    0.00    2.66 ^ _1994_/RESET_B (sky130_fd_sc_hd__dfrtp_2)
                                  2.66   data arrival time

                  0.15    0.00    0.00   clock clk (rise edge)
                          0.00    0.00   clock network delay (ideal)
                          0.25    0.25   clock uncertainty
                          0.00    0.25   clock reconvergence pessimism
                                  0.25 ^ _1994_/CLK (sky130_fd_sc_hd__dfrtp_2)
                          0.35    0.60   library removal time
                                  0.60   data required time
-----------------------------------------------------------------------------
                                  0.60   data required time
                                 -2.66   data arrival time
-----------------------------------------------------------------------------
                                  2.05   slack (MET)


Startpoint: reset (input port clocked by clk)
Endpoint: _1995_ (removal check against rising-edge clock clk)
Path Group: asynchronous
Path Type: min

Fanout     Cap    Slew   Delay    Time   Description
-----------------------------------------------------------------------------
                  0.15    0.00    0.00   clock clk (rise edge)
                          0.00    0.00   clock network delay (ideal)
                          2.00    2.00 v input external delay
     1    0.00    0.01    0.00    2.00 v reset (in)
                                         reset (net)
                  0.01    0.00    2.00 v _1835_/A (sky130_fd_sc_hd__buf_1)
     4    0.01    0.06    0.09    2.09 v _1835_/X (sky130_fd_sc_hd__buf_1)
                                         _0955_ (net)
                  0.06    0.00    2.09 v _1836_/A (sky130_fd_sc_hd__buf_1)
     3    0.01    0.04    0.10    2.20 v _1836_/X (sky130_fd_sc_hd__buf_1)
                                         _0956_ (net)
                  0.04    0.00    2.20 v _1837_/A (sky130_fd_sc_hd__buf_1)
     5    0.02    0.10    0.14    2.34 v _1837_/X (sky130_fd_sc_hd__buf_1)
                                         _0957_ (net)
                  0.10    0.00    2.34 v _1838_/A (sky130_fd_sc_hd__buf_1)
     8    0.03    0.20    0.23    2.57 v _1838_/X (sky130_fd_sc_hd__buf_1)
                                         _0958_ (net)
                  0.20    0.00    2.57 v _1844_/A (sky130_fd_sc_hd__inv_2)
     1    0.00    0.06    0.08    2.66 ^ _1844_/Y (sky130_fd_sc_hd__inv_2)
                                         _0005_ (net)
                  0.06    0.00    2.66 ^ _1995_/RESET_B (sky130_fd_sc_hd__dfrtp_2)
                                  2.66   data arrival time

                  0.15    0.00    0.00   clock clk (rise edge)
                          0.00    0.00   clock network delay (ideal)
                          0.25    0.25   clock uncertainty
                          0.00    0.25   clock reconvergence pessimism
                                  0.25 ^ _1995_/CLK (sky130_fd_sc_hd__dfrtp_2)
                          0.35    0.60   library removal time
                                  0.60   data required time
-----------------------------------------------------------------------------
                                  0.60   data required time
                                 -2.66   data arrival time
-----------------------------------------------------------------------------
                                  2.05   slack (MET)


Startpoint: reset (input port clocked by clk)
Endpoint: _1996_ (removal check against rising-edge clock clk)
Path Group: asynchronous
Path Type: min

Fanout     Cap    Slew   Delay    Time   Description
-----------------------------------------------------------------------------
                  0.15    0.00    0.00   clock clk (rise edge)
                          0.00    0.00   clock network delay (ideal)
                          2.00    2.00 v input external delay
     1    0.00    0.01    0.00    2.00 v reset (in)
                                         reset (net)
                  0.01    0.00    2.00 v _1835_/A (sky130_fd_sc_hd__buf_1)
     4    0.01    0.06    0.09    2.09 v _1835_/X (sky130_fd_sc_hd__buf_1)
                                         _0955_ (net)
                  0.06    0.00    2.09 v _1836_/A (sky130_fd_sc_hd__buf_1)
     3    0.01    0.04    0.10    2.20 v _1836_/X (sky130_fd_sc_hd__buf_1)
                                         _0956_ (net)
                  0.04    0.00    2.20 v _1837_/A (sky130_fd_sc_hd__buf_1)
     5    0.02    0.10    0.14    2.34 v _1837_/X (sky130_fd_sc_hd__buf_1)
                                         _0957_ (net)
                  0.10    0.00    2.34 v _1838_/A (sky130_fd_sc_hd__buf_1)
     8    0.03    0.20    0.23    2.57 v _1838_/X (sky130_fd_sc_hd__buf_1)
                                         _0958_ (net)
                  0.20    0.00    2.57 v _1845_/A (sky130_fd_sc_hd__inv_2)
     1    0.00    0.06    0.08    2.66 ^ _1845_/Y (sky130_fd_sc_hd__inv_2)
                                         _0006_ (net)
                  0.06    0.00    2.66 ^ _1996_/RESET_B (sky130_fd_sc_hd__dfrtp_2)
                                  2.66   data arrival time

                  0.15    0.00    0.00   clock clk (rise edge)
                          0.00    0.00   clock network delay (ideal)
                          0.25    0.25   clock uncertainty
                          0.00    0.25   clock reconvergence pessimism
                                  0.25 ^ _1996_/CLK (sky130_fd_sc_hd__dfrtp_2)
                          0.35    0.60   library removal time
                                  0.60   data required time
-----------------------------------------------------------------------------
                                  0.60   data required time
                                 -2.66   data arrival time
-----------------------------------------------------------------------------
                                  2.05   slack (MET)


Startpoint: reset (input port clocked by clk)
Endpoint: _1997_ (removal check against rising-edge clock clk)
Path Group: asynchronous
Path Type: min

Fanout     Cap    Slew   Delay    Time   Description
-----------------------------------------------------------------------------
                  0.15    0.00    0.00   clock clk (rise edge)
                          0.00    0.00   clock network delay (ideal)
                          2.00    2.00 v input external delay
     1    0.00    0.01    0.00    2.00 v reset (in)
                                         reset (net)
                  0.01    0.00    2.00 v _1835_/A (sky130_fd_sc_hd__buf_1)
     4    0.01    0.06    0.09    2.09 v _1835_/X (sky130_fd_sc_hd__buf_1)
                                         _0955_ (net)
                  0.06    0.00    2.09 v _1836_/A (sky130_fd_sc_hd__buf_1)
     3    0.01    0.04    0.10    2.20 v _1836_/X (sky130_fd_sc_hd__buf_1)
                                         _0956_ (net)
                  0.04    0.00    2.20 v _1837_/A (sky130_fd_sc_hd__buf_1)
     5    0.02    0.10    0.14    2.34 v _1837_/X (sky130_fd_sc_hd__buf_1)
                                         _0957_ (net)
                  0.10    0.00    2.34 v _1838_/A (sky130_fd_sc_hd__buf_1)
     8    0.03    0.20    0.23    2.57 v _1838_/X (sky130_fd_sc_hd__buf_1)
                                         _0958_ (net)
                  0.20    0.00    2.57 v _1846_/A (sky130_fd_sc_hd__inv_2)
     1    0.00    0.06    0.08    2.66 ^ _1846_/Y (sky130_fd_sc_hd__inv_2)
                                         _0007_ (net)
                  0.06    0.00    2.66 ^ _1997_/RESET_B (sky130_fd_sc_hd__dfrtp_2)
                                  2.66   data arrival time

                  0.15    0.00    0.00   clock clk (rise edge)
                          0.00    0.00   clock network delay (ideal)
                          0.25    0.25   clock uncertainty
                          0.00    0.25   clock reconvergence pessimism
                                  0.25 ^ _1997_/CLK (sky130_fd_sc_hd__dfrtp_2)
                          0.35    0.60   library removal time
                                  0.60   data required time
-----------------------------------------------------------------------------
                                  0.60   data required time
                                 -2.66   data arrival time
-----------------------------------------------------------------------------
                                  2.05   slack (MET)


Startpoint: reset (input port clocked by clk)
Endpoint: _1998_ (removal check against rising-edge clock clk)
Path Group: asynchronous
Path Type: min

Fanout     Cap    Slew   Delay    Time   Description
-----------------------------------------------------------------------------
                  0.15    0.00    0.00   clock clk (rise edge)
                          0.00    0.00   clock network delay (ideal)
                          2.00    2.00 v input external delay
     1    0.00    0.01    0.00    2.00 v reset (in)
                                         reset (net)
                  0.01    0.00    2.00 v _1835_/A (sky130_fd_sc_hd__buf_1)
     4    0.01    0.06    0.09    2.09 v _1835_/X (sky130_fd_sc_hd__buf_1)
                                         _0955_ (net)
                  0.06    0.00    2.09 v _1836_/A (sky130_fd_sc_hd__buf_1)
     3    0.01    0.04    0.10    2.20 v _1836_/X (sky130_fd_sc_hd__buf_1)
                                         _0956_ (net)
                  0.04    0.00    2.20 v _1837_/A (sky130_fd_sc_hd__buf_1)
     5    0.02    0.10    0.14    2.34 v _1837_/X (sky130_fd_sc_hd__buf_1)
                                         _0957_ (net)
                  0.10    0.00    2.34 v _1847_/A (sky130_fd_sc_hd__buf_1)
    10    0.04    0.25    0.27    2.61 v _1847_/X (sky130_fd_sc_hd__buf_1)
                                         _0959_ (net)
                  0.25    0.00    2.61 v _1848_/A (sky130_fd_sc_hd__inv_2)
     1    0.00    0.06    0.09    2.70 ^ _1848_/Y (sky130_fd_sc_hd__inv_2)
                                         _0008_ (net)
                  0.06    0.00    2.70 ^ _1998_/RESET_B (sky130_fd_sc_hd__dfrtp_2)
                                  2.70   data arrival time

                  0.15    0.00    0.00   clock clk (rise edge)
                          0.00    0.00   clock network delay (ideal)
                          0.25    0.25   clock uncertainty
                          0.00    0.25   clock reconvergence pessimism
                                  0.25 ^ _1998_/CLK (sky130_fd_sc_hd__dfrtp_2)
                          0.35    0.60   library removal time
                                  0.60   data required time
-----------------------------------------------------------------------------
                                  0.60   data required time
                                 -2.70   data arrival time
-----------------------------------------------------------------------------
                                  2.10   slack (MET)


Startpoint: reset (input port clocked by clk)
Endpoint: _1999_ (removal check against rising-edge clock clk)
Path Group: asynchronous
Path Type: min

Fanout     Cap    Slew   Delay    Time   Description
-----------------------------------------------------------------------------
                  0.15    0.00    0.00   clock clk (rise edge)
                          0.00    0.00   clock network delay (ideal)
                          2.00    2.00 v input external delay
     1    0.00    0.01    0.00    2.00 v reset (in)
                                         reset (net)
                  0.01    0.00    2.00 v _1835_/A (sky130_fd_sc_hd__buf_1)
     4    0.01    0.06    0.09    2.09 v _1835_/X (sky130_fd_sc_hd__buf_1)
                                         _0955_ (net)
                  0.06    0.00    2.09 v _1836_/A (sky130_fd_sc_hd__buf_1)
     3    0.01    0.04    0.10    2.20 v _1836_/X (sky130_fd_sc_hd__buf_1)
                                         _0956_ (net)
                  0.04    0.00    2.20 v _1837_/A (sky130_fd_sc_hd__buf_1)
     5    0.02    0.10    0.14    2.34 v _1837_/X (sky130_fd_sc_hd__buf_1)
                                         _0957_ (net)
                  0.10    0.00    2.34 v _1847_/A (sky130_fd_sc_hd__buf_1)
    10    0.04    0.25    0.27    2.61 v _1847_/X (sky130_fd_sc_hd__buf_1)
                                         _0959_ (net)
                  0.25    0.00    2.61 v _1849_/A (sky130_fd_sc_hd__inv_2)
     1    0.00    0.06    0.09    2.70 ^ _1849_/Y (sky130_fd_sc_hd__inv_2)
                                         _0009_ (net)
                  0.06    0.00    2.70 ^ _1999_/RESET_B (sky130_fd_sc_hd__dfrtp_2)
                                  2.70   data arrival time

                  0.15    0.00    0.00   clock clk (rise edge)
                          0.00    0.00   clock network delay (ideal)
                          0.25    0.25   clock uncertainty
                          0.00    0.25   clock reconvergence pessimism
                                  0.25 ^ _1999_/CLK (sky130_fd_sc_hd__dfrtp_2)
                          0.35    0.60   library removal time
                                  0.60   data required time
-----------------------------------------------------------------------------
                                  0.60   data required time
                                 -2.70   data arrival time
-----------------------------------------------------------------------------
                                  2.10   slack (MET)


Startpoint: reset (input port clocked by clk)
Endpoint: _2000_ (removal check against rising-edge clock clk)
Path Group: asynchronous
Path Type: min

Fanout     Cap    Slew   Delay    Time   Description
-----------------------------------------------------------------------------
                  0.15    0.00    0.00   clock clk (rise edge)
                          0.00    0.00   clock network delay (ideal)
                          2.00    2.00 v input external delay
     1    0.00    0.01    0.00    2.00 v reset (in)
                                         reset (net)
                  0.01    0.00    2.00 v _1835_/A (sky130_fd_sc_hd__buf_1)
     4    0.01    0.06    0.09    2.09 v _1835_/X (sky130_fd_sc_hd__buf_1)
                                         _0955_ (net)
                  0.06    0.00    2.09 v _1836_/A (sky130_fd_sc_hd__buf_1)
     3    0.01    0.04    0.10    2.20 v _1836_/X (sky130_fd_sc_hd__buf_1)
                                         _0956_ (net)
                  0.04    0.00    2.20 v _1837_/A (sky130_fd_sc_hd__buf_1)
     5    0.02    0.10    0.14    2.34 v _1837_/X (sky130_fd_sc_hd__buf_1)
                                         _0957_ (net)
                  0.10    0.00    2.34 v _1847_/A (sky130_fd_sc_hd__buf_1)
    10    0.04    0.25    0.27    2.61 v _1847_/X (sky130_fd_sc_hd__buf_1)
                                         _0959_ (net)
                  0.25    0.00    2.61 v _1850_/A (sky130_fd_sc_hd__inv_2)
     1    0.00    0.06    0.09    2.70 ^ _1850_/Y (sky130_fd_sc_hd__inv_2)
                                         _0010_ (net)
                  0.06    0.00    2.70 ^ _2000_/RESET_B (sky130_fd_sc_hd__dfrtp_2)
                                  2.70   data arrival time

                  0.15    0.00    0.00   clock clk (rise edge)
                          0.00    0.00   clock network delay (ideal)
                          0.25    0.25   clock uncertainty
                          0.00    0.25   clock reconvergence pessimism
                                  0.25 ^ _2000_/CLK (sky130_fd_sc_hd__dfrtp_2)
                          0.35    0.60   library removal time
                                  0.60   data required time
-----------------------------------------------------------------------------
                                  0.60   data required time
                                 -2.70   data arrival time
-----------------------------------------------------------------------------
                                  2.10   slack (MET)


Startpoint: reset (input port clocked by clk)
Endpoint: _2001_ (removal check against rising-edge clock clk)
Path Group: asynchronous
Path Type: min

Fanout     Cap    Slew   Delay    Time   Description
-----------------------------------------------------------------------------
                  0.15    0.00    0.00   clock clk (rise edge)
                          0.00    0.00   clock network delay (ideal)
                          2.00    2.00 v input external delay
     1    0.00    0.01    0.00    2.00 v reset (in)
                                         reset (net)
                  0.01    0.00    2.00 v _1835_/A (sky130_fd_sc_hd__buf_1)
     4    0.01    0.06    0.09    2.09 v _1835_/X (sky130_fd_sc_hd__buf_1)
                                         _0955_ (net)
                  0.06    0.00    2.09 v _1836_/A (sky130_fd_sc_hd__buf_1)
     3    0.01    0.04    0.10    2.20 v _1836_/X (sky130_fd_sc_hd__buf_1)
                                         _0956_ (net)
                  0.04    0.00    2.20 v _1837_/A (sky130_fd_sc_hd__buf_1)
     5    0.02    0.10    0.14    2.34 v _1837_/X (sky130_fd_sc_hd__buf_1)
                                         _0957_ (net)
                  0.10    0.00    2.34 v _1847_/A (sky130_fd_sc_hd__buf_1)
    10    0.04    0.25    0.27    2.61 v _1847_/X (sky130_fd_sc_hd__buf_1)
                                         _0959_ (net)
                  0.25    0.00    2.61 v _1851_/A (sky130_fd_sc_hd__inv_2)
     1    0.00    0.06    0.09    2.70 ^ _1851_/Y (sky130_fd_sc_hd__inv_2)
                                         _0011_ (net)
                  0.06    0.00    2.70 ^ _2001_/RESET_B (sky130_fd_sc_hd__dfrtp_2)
                                  2.70   data arrival time

                  0.15    0.00    0.00   clock clk (rise edge)
                          0.00    0.00   clock network delay (ideal)
                          0.25    0.25   clock uncertainty
                          0.00    0.25   clock reconvergence pessimism
                                  0.25 ^ _2001_/CLK (sky130_fd_sc_hd__dfrtp_2)
                          0.35    0.60   library removal time
                                  0.60   data required time
-----------------------------------------------------------------------------
                                  0.60   data required time
                                 -2.70   data arrival time
-----------------------------------------------------------------------------
                                  2.10   slack (MET)


Startpoint: reset (input port clocked by clk)
Endpoint: _2002_ (removal check against rising-edge clock clk)
Path Group: asynchronous
Path Type: min

Fanout     Cap    Slew   Delay    Time   Description
-----------------------------------------------------------------------------
                  0.15    0.00    0.00   clock clk (rise edge)
                          0.00    0.00   clock network delay (ideal)
                          2.00    2.00 v input external delay
     1    0.00    0.01    0.00    2.00 v reset (in)
                                         reset (net)
                  0.01    0.00    2.00 v _1835_/A (sky130_fd_sc_hd__buf_1)
     4    0.01    0.06    0.09    2.09 v _1835_/X (sky130_fd_sc_hd__buf_1)
                                         _0955_ (net)
                  0.06    0.00    2.09 v _1836_/A (sky130_fd_sc_hd__buf_1)
     3    0.01    0.04    0.10    2.20 v _1836_/X (sky130_fd_sc_hd__buf_1)
                                         _0956_ (net)
                  0.04    0.00    2.20 v _1837_/A (sky130_fd_sc_hd__buf_1)
     5    0.02    0.10    0.14    2.34 v _1837_/X (sky130_fd_sc_hd__buf_1)
                                         _0957_ (net)
                  0.10    0.00    2.34 v _1847_/A (sky130_fd_sc_hd__buf_1)
    10    0.04    0.25    0.27    2.61 v _1847_/X (sky130_fd_sc_hd__buf_1)
                                         _0959_ (net)
                  0.25    0.00    2.61 v _1852_/A (sky130_fd_sc_hd__inv_2)
     1    0.00    0.06    0.09    2.70 ^ _1852_/Y (sky130_fd_sc_hd__inv_2)
                                         _0012_ (net)
                  0.06    0.00    2.70 ^ _2002_/RESET_B (sky130_fd_sc_hd__dfrtp_2)
                                  2.70   data arrival time

                  0.15    0.00    0.00   clock clk (rise edge)
                          0.00    0.00   clock network delay (ideal)
                          0.25    0.25   clock uncertainty
                          0.00    0.25   clock reconvergence pessimism
                                  0.25 ^ _2002_/CLK (sky130_fd_sc_hd__dfrtp_2)
                          0.35    0.60   library removal time
                                  0.60   data required time
-----------------------------------------------------------------------------
                                  0.60   data required time
                                 -2.70   data arrival time
-----------------------------------------------------------------------------
                                  2.10   slack (MET)


Startpoint: reset (input port clocked by clk)
Endpoint: _2003_ (removal check against rising-edge clock clk)
Path Group: asynchronous
Path Type: min

Fanout     Cap    Slew   Delay    Time   Description
-----------------------------------------------------------------------------
                  0.15    0.00    0.00   clock clk (rise edge)
                          0.00    0.00   clock network delay (ideal)
                          2.00    2.00 v input external delay
     1    0.00    0.01    0.00    2.00 v reset (in)
                                         reset (net)
                  0.01    0.00    2.00 v _1835_/A (sky130_fd_sc_hd__buf_1)
     4    0.01    0.06    0.09    2.09 v _1835_/X (sky130_fd_sc_hd__buf_1)
                                         _0955_ (net)
                  0.06    0.00    2.09 v _1836_/A (sky130_fd_sc_hd__buf_1)
     3    0.01    0.04    0.10    2.20 v _1836_/X (sky130_fd_sc_hd__buf_1)
                                         _0956_ (net)
                  0.04    0.00    2.20 v _1837_/A (sky130_fd_sc_hd__buf_1)
     5    0.02    0.10    0.14    2.34 v _1837_/X (sky130_fd_sc_hd__buf_1)
                                         _0957_ (net)
                  0.10    0.00    2.34 v _1847_/A (sky130_fd_sc_hd__buf_1)
    10    0.04    0.25    0.27    2.61 v _1847_/X (sky130_fd_sc_hd__buf_1)
                                         _0959_ (net)
                  0.25    0.00    2.61 v _1853_/A (sky130_fd_sc_hd__inv_2)
     1    0.00    0.06    0.09    2.70 ^ _1853_/Y (sky130_fd_sc_hd__inv_2)
                                         _0013_ (net)
                  0.06    0.00    2.70 ^ _2003_/RESET_B (sky130_fd_sc_hd__dfrtp_2)
                                  2.70   data arrival time

                  0.15    0.00    0.00   clock clk (rise edge)
                          0.00    0.00   clock network delay (ideal)
                          0.25    0.25   clock uncertainty
                          0.00    0.25   clock reconvergence pessimism
                                  0.25 ^ _2003_/CLK (sky130_fd_sc_hd__dfrtp_2)
                          0.35    0.60   library removal time
                                  0.60   data required time
-----------------------------------------------------------------------------
                                  0.60   data required time
                                 -2.70   data arrival time
-----------------------------------------------------------------------------
                                  2.10   slack (MET)


Startpoint: reset (input port clocked by clk)
Endpoint: _2004_ (removal check against rising-edge clock clk)
Path Group: asynchronous
Path Type: min

Fanout     Cap    Slew   Delay    Time   Description
-----------------------------------------------------------------------------
                  0.15    0.00    0.00   clock clk (rise edge)
                          0.00    0.00   clock network delay (ideal)
                          2.00    2.00 v input external delay
     1    0.00    0.01    0.00    2.00 v reset (in)
                                         reset (net)
                  0.01    0.00    2.00 v _1835_/A (sky130_fd_sc_hd__buf_1)
     4    0.01    0.06    0.09    2.09 v _1835_/X (sky130_fd_sc_hd__buf_1)
                                         _0955_ (net)
                  0.06    0.00    2.09 v _1836_/A (sky130_fd_sc_hd__buf_1)
     3    0.01    0.04    0.10    2.20 v _1836_/X (sky130_fd_sc_hd__buf_1)
                                         _0956_ (net)
                  0.04    0.00    2.20 v _1837_/A (sky130_fd_sc_hd__buf_1)
     5    0.02    0.10    0.14    2.34 v _1837_/X (sky130_fd_sc_hd__buf_1)
                                         _0957_ (net)
                  0.10    0.00    2.34 v _1847_/A (sky130_fd_sc_hd__buf_1)
    10    0.04    0.25    0.27    2.61 v _1847_/X (sky130_fd_sc_hd__buf_1)
                                         _0959_ (net)
                  0.25    0.00    2.61 v _1854_/A (sky130_fd_sc_hd__inv_2)
     1    0.00    0.06    0.09    2.70 ^ _1854_/Y (sky130_fd_sc_hd__inv_2)
                                         _0014_ (net)
                  0.06    0.00    2.70 ^ _2004_/RESET_B (sky130_fd_sc_hd__dfrtp_2)
                                  2.70   data arrival time

                  0.15    0.00    0.00   clock clk (rise edge)
                          0.00    0.00   clock network delay (ideal)
                          0.25    0.25   clock uncertainty
                          0.00    0.25   clock reconvergence pessimism
                                  0.25 ^ _2004_/CLK (sky130_fd_sc_hd__dfrtp_2)
                          0.35    0.60   library removal time
                                  0.60   data required time
-----------------------------------------------------------------------------
                                  0.60   data required time
                                 -2.70   data arrival time
-----------------------------------------------------------------------------
                                  2.10   slack (MET)


Startpoint: reset (input port clocked by clk)
Endpoint: _2005_ (removal check against rising-edge clock clk)
Path Group: asynchronous
Path Type: min

Fanout     Cap    Slew   Delay    Time   Description
-----------------------------------------------------------------------------
                  0.15    0.00    0.00   clock clk (rise edge)
                          0.00    0.00   clock network delay (ideal)
                          2.00    2.00 v input external delay
     1    0.00    0.01    0.00    2.00 v reset (in)
                                         reset (net)
                  0.01    0.00    2.00 v _1835_/A (sky130_fd_sc_hd__buf_1)
     4    0.01    0.06    0.09    2.09 v _1835_/X (sky130_fd_sc_hd__buf_1)
                                         _0955_ (net)
                  0.06    0.00    2.09 v _1836_/A (sky130_fd_sc_hd__buf_1)
     3    0.01    0.04    0.10    2.20 v _1836_/X (sky130_fd_sc_hd__buf_1)
                                         _0956_ (net)
                  0.04    0.00    2.20 v _1837_/A (sky130_fd_sc_hd__buf_1)
     5    0.02    0.10    0.14    2.34 v _1837_/X (sky130_fd_sc_hd__buf_1)
                                         _0957_ (net)
                  0.10    0.00    2.34 v _1847_/A (sky130_fd_sc_hd__buf_1)
    10    0.04    0.25    0.27    2.61 v _1847_/X (sky130_fd_sc_hd__buf_1)
                                         _0959_ (net)
                  0.25    0.00    2.61 v _1855_/A (sky130_fd_sc_hd__inv_2)
     1    0.00    0.06    0.09    2.70 ^ _1855_/Y (sky130_fd_sc_hd__inv_2)
                                         _0015_ (net)
                  0.06    0.00    2.70 ^ _2005_/RESET_B (sky130_fd_sc_hd__dfrtp_2)
                                  2.70   data arrival time

                  0.15    0.00    0.00   clock clk (rise edge)
                          0.00    0.00   clock network delay (ideal)
                          0.25    0.25   clock uncertainty
                          0.00    0.25   clock reconvergence pessimism
                                  0.25 ^ _2005_/CLK (sky130_fd_sc_hd__dfrtp_2)
                          0.35    0.60   library removal time
                                  0.60   data required time
-----------------------------------------------------------------------------
                                  0.60   data required time
                                 -2.70   data arrival time
-----------------------------------------------------------------------------
                                  2.10   slack (MET)


Startpoint: reset (input port clocked by clk)
Endpoint: _2006_ (removal check against rising-edge clock clk)
Path Group: asynchronous
Path Type: min

Fanout     Cap    Slew   Delay    Time   Description
-----------------------------------------------------------------------------
                  0.15    0.00    0.00   clock clk (rise edge)
                          0.00    0.00   clock network delay (ideal)
                          2.00    2.00 v input external delay
     1    0.00    0.01    0.00    2.00 v reset (in)
                                         reset (net)
                  0.01    0.00    2.00 v _1835_/A (sky130_fd_sc_hd__buf_1)
     4    0.01    0.06    0.09    2.09 v _1835_/X (sky130_fd_sc_hd__buf_1)
                                         _0955_ (net)
                  0.06    0.00    2.09 v _1836_/A (sky130_fd_sc_hd__buf_1)
     3    0.01    0.04    0.10    2.20 v _1836_/X (sky130_fd_sc_hd__buf_1)
                                         _0956_ (net)
                  0.04    0.00    2.20 v _1837_/A (sky130_fd_sc_hd__buf_1)
     5    0.02    0.10    0.14    2.34 v _1837_/X (sky130_fd_sc_hd__buf_1)
                                         _0957_ (net)
                  0.10    0.00    2.34 v _1847_/A (sky130_fd_sc_hd__buf_1)
    10    0.04    0.25    0.27    2.61 v _1847_/X (sky130_fd_sc_hd__buf_1)
                                         _0959_ (net)
                  0.25    0.00    2.61 v _1856_/A (sky130_fd_sc_hd__inv_2)
     1    0.00    0.06    0.09    2.70 ^ _1856_/Y (sky130_fd_sc_hd__inv_2)
                                         _0016_ (net)
                  0.06    0.00    2.70 ^ _2006_/RESET_B (sky130_fd_sc_hd__dfrtp_2)
                                  2.70   data arrival time

                  0.15    0.00    0.00   clock clk (rise edge)
                          0.00    0.00   clock network delay (ideal)
                          0.25    0.25   clock uncertainty
                          0.00    0.25   clock reconvergence pessimism
                                  0.25 ^ _2006_/CLK (sky130_fd_sc_hd__dfrtp_2)
                          0.35    0.60   library removal time
                                  0.60   data required time
-----------------------------------------------------------------------------
                                  0.60   data required time
                                 -2.70   data arrival time
-----------------------------------------------------------------------------
                                  2.10   slack (MET)


Startpoint: reset (input port clocked by clk)
Endpoint: _2007_ (removal check against rising-edge clock clk)
Path Group: asynchronous
Path Type: min

Fanout     Cap    Slew   Delay    Time   Description
-----------------------------------------------------------------------------
                  0.15    0.00    0.00   clock clk (rise edge)
                          0.00    0.00   clock network delay (ideal)
                          2.00    2.00 v input external delay
     1    0.00    0.01    0.00    2.00 v reset (in)
                                         reset (net)
                  0.01    0.00    2.00 v _1835_/A (sky130_fd_sc_hd__buf_1)
     4    0.01    0.06    0.09    2.09 v _1835_/X (sky130_fd_sc_hd__buf_1)
                                         _0955_ (net)
                  0.06    0.00    2.09 v _1836_/A (sky130_fd_sc_hd__buf_1)
     3    0.01    0.04    0.10    2.20 v _1836_/X (sky130_fd_sc_hd__buf_1)
                                         _0956_ (net)
                  0.04    0.00    2.20 v _1837_/A (sky130_fd_sc_hd__buf_1)
     5    0.02    0.10    0.14    2.34 v _1837_/X (sky130_fd_sc_hd__buf_1)
                                         _0957_ (net)
                  0.10    0.00    2.34 v _1847_/A (sky130_fd_sc_hd__buf_1)
    10    0.04    0.25    0.27    2.61 v _1847_/X (sky130_fd_sc_hd__buf_1)
                                         _0959_ (net)
                  0.25    0.00    2.61 v _1857_/A (sky130_fd_sc_hd__inv_2)
     1    0.00    0.06    0.09    2.70 ^ _1857_/Y (sky130_fd_sc_hd__inv_2)
                                         _0017_ (net)
                  0.06    0.00    2.70 ^ _2007_/RESET_B (sky130_fd_sc_hd__dfrtp_2)
                                  2.70   data arrival time

                  0.15    0.00    0.00   clock clk (rise edge)
                          0.00    0.00   clock network delay (ideal)
                          0.25    0.25   clock uncertainty
                          0.00    0.25   clock reconvergence pessimism
                                  0.25 ^ _2007_/CLK (sky130_fd_sc_hd__dfrtp_2)
                          0.35    0.60   library removal time
                                  0.60   data required time
-----------------------------------------------------------------------------
                                  0.60   data required time
                                 -2.70   data arrival time
-----------------------------------------------------------------------------
                                  2.10   slack (MET)


Startpoint: _2090_ (rising edge-triggered flip-flop clocked by clk)
Endpoint: result[27] (output port clocked by clk)
Path Group: clk
Path Type: min

Fanout     Cap    Slew   Delay    Time   Description
-----------------------------------------------------------------------------
                  0.15    0.00    0.00   clock clk (rise edge)
                          0.00    0.00   clock network delay (ideal)
                  0.15    0.00    0.00 ^ _2090_/CLK (sky130_fd_sc_hd__dfrtp_2)
     3    0.01    0.06    0.37    0.37 ^ _2090_/Q (sky130_fd_sc_hd__dfrtp_2)
                                         rf_inst.registers[5][4] (net)
                  0.06    0.00    0.37 ^ _1438_/A (sky130_fd_sc_hd__nand2_2)
     2    0.01    0.04    0.05    0.42 v _1438_/Y (sky130_fd_sc_hd__nand2_2)
                                         _0714_ (net)
                  0.04    0.00    0.42 v _1446_/A1_N (sky130_fd_sc_hd__a2bb2o_2)
     2    0.01    0.04    0.23    0.64 ^ _1446_/X (sky130_fd_sc_hd__a2bb2o_2)
                                         _0722_ (net)
                  0.04    0.00    0.64 ^ _1447_/B1 (sky130_fd_sc_hd__a31o_2)
     2    0.04    0.20    0.20    0.85 ^ _1447_/X (sky130_fd_sc_hd__a31o_2)
                                         result[27] (net)
                  0.20    0.00    0.85 ^ result[27] (out)
                                  0.85   data arrival time

                  0.15    0.00    0.00   clock clk (rise edge)
                          0.00    0.00   clock network delay (ideal)
                          0.25    0.25   clock uncertainty
                          0.00    0.25   clock reconvergence pessimism
                         -2.00   -1.75   output external delay
                                 -1.75   data required time
-----------------------------------------------------------------------------
                                 -1.75   data required time
                                 -0.85   data arrival time
-----------------------------------------------------------------------------
                                  2.60   slack (MET)


Startpoint: _2034_ (rising edge-triggered flip-flop clocked by clk)
Endpoint: result[13] (output port clocked by clk)
Path Group: clk
Path Type: min

Fanout     Cap    Slew   Delay    Time   Description
-----------------------------------------------------------------------------
                  0.15    0.00    0.00   clock clk (rise edge)
                          0.00    0.00   clock network delay (ideal)
                  0.15    0.00    0.00 ^ _2034_/CLK (sky130_fd_sc_hd__dfrtp_2)
     2    0.00    0.05    0.36    0.36 ^ _2034_/Q (sky130_fd_sc_hd__dfrtp_2)
                                         rf_inst.registers[25][12] (net)
                  0.05    0.00    0.36 ^ _1099_/B2 (sky130_fd_sc_hd__a22o_2)
     4    0.01    0.07    0.14    0.50 ^ _1099_/X (sky130_fd_sc_hd__a22o_2)
                                         _0379_ (net)
                  0.07    0.00    0.50 ^ _1103_/A (sky130_fd_sc_hd__nand2_2)
     4    0.01    0.06    0.07    0.57 v _1103_/Y (sky130_fd_sc_hd__nand2_2)
                                         _0383_ (net)
                  0.06    0.00    0.57 v _1543_/A (sky130_fd_sc_hd__nand3_2)
     1    0.00    0.03    0.05    0.63 ^ _1543_/Y (sky130_fd_sc_hd__nand3_2)
                                         _0805_ (net)
                  0.03    0.00    0.63 ^ _1546_/A2 (sky130_fd_sc_hd__a31o_2)
     2    0.04    0.20    0.25    0.88 ^ _1546_/X (sky130_fd_sc_hd__a31o_2)
                                         result[13] (net)
                  0.20    0.00    0.88 ^ result[13] (out)
                                  0.88   data arrival time

                  0.15    0.00    0.00   clock clk (rise edge)
                          0.00    0.00   clock network delay (ideal)
                          0.25    0.25   clock uncertainty
                          0.00    0.25   clock reconvergence pessimism
                         -2.00   -1.75   output external delay
                                 -1.75   data required time
-----------------------------------------------------------------------------
                                 -1.75   data required time
                                 -0.88   data arrival time
-----------------------------------------------------------------------------
                                  2.63   slack (MET)


Startpoint: _2033_ (rising edge-triggered flip-flop clocked by clk)
Endpoint: result[11] (output port clocked by clk)
Path Group: clk
Path Type: min

Fanout     Cap    Slew   Delay    Time   Description
-----------------------------------------------------------------------------
                  0.15    0.00    0.00   clock clk (rise edge)
                          0.00    0.00   clock network delay (ideal)
                  0.15    0.00    0.00 ^ _2033_/CLK (sky130_fd_sc_hd__dfrtp_2)
     3    0.01    0.07    0.38    0.38 ^ _2033_/Q (sky130_fd_sc_hd__dfrtp_2)
                                         rf_inst.registers[25][11] (net)
                  0.07    0.00    0.38 ^ _1179_/B2 (sky130_fd_sc_hd__a22oi_2)
     2    0.01    0.05    0.06    0.44 v _1179_/Y (sky130_fd_sc_hd__a22oi_2)
                                         _0459_ (net)
                  0.05    0.00    0.44 v _1182_/B1 (sky130_fd_sc_hd__a21oi_2)
     2    0.01    0.15    0.14    0.57 ^ _1182_/Y (sky130_fd_sc_hd__a21oi_2)
                                         _0462_ (net)
                  0.15    0.00    0.57 ^ _1183_/B (sky130_fd_sc_hd__nor2_2)
     3    0.01    0.03    0.06    0.63 v _1183_/Y (sky130_fd_sc_hd__nor2_2)
                                         _0463_ (net)
                  0.03    0.00    0.63 v _1553_/B1 (sky130_fd_sc_hd__o21ai_2)
     1    0.00    0.04    0.04    0.67 ^ _1553_/Y (sky130_fd_sc_hd__o21ai_2)
                                         _0813_ (net)
                  0.04    0.00    0.67 ^ _1556_/A1 (sky130_fd_sc_hd__a21o_2)
     2    0.04    0.18    0.21    0.88 ^ _1556_/X (sky130_fd_sc_hd__a21o_2)
                                         result[11] (net)
                  0.18    0.00    0.88 ^ result[11] (out)
                                  0.88   data arrival time

                  0.15    0.00    0.00   clock clk (rise edge)
                          0.00    0.00   clock network delay (ideal)
                          0.25    0.25   clock uncertainty
                          0.00    0.25   clock reconvergence pessimism
                         -2.00   -1.75   output external delay
                                 -1.75   data required time
-----------------------------------------------------------------------------
                                 -1.75   data required time
                                 -0.88   data arrival time
-----------------------------------------------------------------------------
                                  2.63   slack (MET)


Startpoint: _2118_ (rising edge-triggered flip-flop clocked by clk)
Endpoint: result[12] (output port clocked by clk)
Path Group: clk
Path Type: min

Fanout     Cap    Slew   Delay    Time   Description
-----------------------------------------------------------------------------
                  0.15    0.00    0.00   clock clk (rise edge)
                          0.00    0.00   clock network delay (ideal)
                  0.15    0.00    0.00 ^ _2118_/CLK (sky130_fd_sc_hd__dfrtp_2)
     8    0.02    0.12    0.42    0.42 ^ _2118_/Q (sky130_fd_sc_hd__dfrtp_2)
                                         imem_inst.pc[0] (net)
                  0.12    0.00    0.42 ^ _1032_/B (sky130_fd_sc_hd__nor3b_2)
     8    0.02    0.07    0.10    0.52 v _1032_/Y (sky130_fd_sc_hd__nor3b_2)
                                         _0312_ (net)
                  0.07    0.00    0.52 v _1349_/B (sky130_fd_sc_hd__nor2_2)
     4    0.02    0.20    0.17    0.69 ^ _1349_/Y (sky130_fd_sc_hd__nor2_2)
                                         _0628_ (net)
                  0.20    0.00    0.69 ^ _1549_/A1 (sky130_fd_sc_hd__o21bai_2)
     2    0.04    0.15    0.19    0.88 v _1549_/Y (sky130_fd_sc_hd__o21bai_2)
                                         result[12] (net)
                  0.15    0.00    0.88 v result[12] (out)
                                  0.88   data arrival time

                  0.15    0.00    0.00   clock clk (rise edge)
                          0.00    0.00   clock network delay (ideal)
                          0.25    0.25   clock uncertainty
                          0.00    0.25   clock reconvergence pessimism
                         -2.00   -1.75   output external delay
                                 -1.75   data required time
-----------------------------------------------------------------------------
                                 -1.75   data required time
                                 -0.88   data arrival time
-----------------------------------------------------------------------------
                                  2.63   slack (MET)


Startpoint: _2090_ (rising edge-triggered flip-flop clocked by clk)
Endpoint: result[26] (output port clocked by clk)
Path Group: clk
Path Type: min

Fanout     Cap    Slew   Delay    Time   Description
-----------------------------------------------------------------------------
                  0.15    0.00    0.00   clock clk (rise edge)
                          0.00    0.00   clock network delay (ideal)
                  0.15    0.00    0.00 ^ _2090_/CLK (sky130_fd_sc_hd__dfrtp_2)
     3    0.01    0.06    0.37    0.37 ^ _2090_/Q (sky130_fd_sc_hd__dfrtp_2)
                                         rf_inst.registers[5][4] (net)
                  0.06    0.00    0.37 ^ _1036_/A (sky130_fd_sc_hd__and2_2)
     8    0.02    0.12    0.19    0.56 ^ _1036_/X (sky130_fd_sc_hd__and2_2)
                                         _0316_ (net)
                  0.12    0.00    0.56 ^ _1457_/B2 (sky130_fd_sc_hd__a32o_2)
     2    0.01    0.05    0.14    0.70 ^ _1457_/X (sky130_fd_sc_hd__a32o_2)
                                         _0732_ (net)
                  0.05    0.00    0.70 ^ _1458_/B1 (sky130_fd_sc_hd__a21o_2)
     2    0.04    0.18    0.18    0.88 ^ _1458_/X (sky130_fd_sc_hd__a21o_2)
                                         result[26] (net)
                  0.18    0.00    0.88 ^ result[26] (out)
                                  0.88   data arrival time

                  0.15    0.00    0.00   clock clk (rise edge)
                          0.00    0.00   clock network delay (ideal)
                          0.25    0.25   clock uncertainty
                          0.00    0.25   clock reconvergence pessimism
                         -2.00   -1.75   output external delay
                                 -1.75   data required time
-----------------------------------------------------------------------------
                                 -1.75   data required time
                                 -0.88   data arrival time
-----------------------------------------------------------------------------
                                  2.63   slack (MET)


Startpoint: _2022_ (rising edge-triggered flip-flop clocked by clk)
Endpoint: result[0] (output port clocked by clk)
Path Group: clk
Path Type: min

Fanout     Cap    Slew   Delay    Time   Description
-----------------------------------------------------------------------------
                  0.15    0.00    0.00   clock clk (rise edge)
                          0.00    0.00   clock network delay (ideal)
                  0.15    0.00    0.00 ^ _2022_/CLK (sky130_fd_sc_hd__dfrtp_2)
     2    0.00    0.05    0.36    0.36 ^ _2022_/Q (sky130_fd_sc_hd__dfrtp_2)
                                         rf_inst.registers[25][0] (net)
                  0.05    0.00    0.36 ^ _1122_/B2 (sky130_fd_sc_hd__a22o_2)
     3    0.01    0.06    0.13    0.49 ^ _1122_/X (sky130_fd_sc_hd__a22o_2)
                                         _0402_ (net)
                  0.06    0.00    0.49 ^ _1427_/A (sky130_fd_sc_hd__nand2_2)
     2    0.01    0.04    0.05    0.54 v _1427_/Y (sky130_fd_sc_hd__nand2_2)
                                         _0704_ (net)
                  0.04    0.00    0.54 v _1477_/B (sky130_fd_sc_hd__nor2_2)
     4    0.01    0.13    0.11    0.65 ^ _1477_/Y (sky130_fd_sc_hd__nor2_2)
                                         _0750_ (net)
                  0.13    0.00    0.65 ^ _1599_/A2 (sky130_fd_sc_hd__a21o_2)
     2    0.04    0.18    0.24    0.89 ^ _1599_/X (sky130_fd_sc_hd__a21o_2)
                                         result[0] (net)
                  0.18    0.00    0.89 ^ result[0] (out)
                                  0.89   data arrival time

                  0.15    0.00    0.00   clock clk (rise edge)
                          0.00    0.00   clock network delay (ideal)
                          0.25    0.25   clock uncertainty
                          0.00    0.25   clock reconvergence pessimism
                         -2.00   -1.75   output external delay
                                 -1.75   data required time
-----------------------------------------------------------------------------
                                 -1.75   data required time
                                 -0.89   data arrival time
-----------------------------------------------------------------------------
                                  2.64   slack (MET)


Startpoint: _2090_ (rising edge-triggered flip-flop clocked by clk)
Endpoint: result[30] (output port clocked by clk)
Path Group: clk
Path Type: min

Fanout     Cap    Slew   Delay    Time   Description
-----------------------------------------------------------------------------
                  0.15    0.00    0.00   clock clk (rise edge)
                          0.00    0.00   clock network delay (ideal)
                  0.15    0.00    0.00 ^ _2090_/CLK (sky130_fd_sc_hd__dfrtp_2)
     3    0.01    0.06    0.37    0.37 ^ _2090_/Q (sky130_fd_sc_hd__dfrtp_2)
                                         rf_inst.registers[5][4] (net)
                  0.06    0.00    0.37 ^ _1036_/A (sky130_fd_sc_hd__and2_2)
     8    0.02    0.12    0.19    0.56 ^ _1036_/X (sky130_fd_sc_hd__and2_2)
                                         _0316_ (net)
                  0.12    0.00    0.56 ^ _1385_/B2 (sky130_fd_sc_hd__a32o_2)
     2    0.00    0.05    0.13    0.69 ^ _1385_/X (sky130_fd_sc_hd__a32o_2)
                                         _0664_ (net)
                  0.05    0.00    0.69 ^ _1386_/B1_N (sky130_fd_sc_hd__o21bai_2)
     2    0.04    0.20    0.20    0.89 ^ _1386_/Y (sky130_fd_sc_hd__o21bai_2)
                                         result[30] (net)
                  0.20    0.00    0.89 ^ result[30] (out)
                                  0.89   data arrival time

                  0.15    0.00    0.00   clock clk (rise edge)
                          0.00    0.00   clock network delay (ideal)
                          0.25    0.25   clock uncertainty
                          0.00    0.25   clock reconvergence pessimism
                         -2.00   -1.75   output external delay
                                 -1.75   data required time
-----------------------------------------------------------------------------
                                 -1.75   data required time
                                 -0.89   data arrival time
-----------------------------------------------------------------------------
                                  2.64   slack (MET)


Startpoint: _2038_ (rising edge-triggered flip-flop clocked by clk)
Endpoint: result[16] (output port clocked by clk)
Path Group: clk
Path Type: min

Fanout     Cap    Slew   Delay    Time   Description
-----------------------------------------------------------------------------
                  0.15    0.00    0.00   clock clk (rise edge)
                          0.00    0.00   clock network delay (ideal)
                  0.15    0.00    0.00 ^ _2038_/CLK (sky130_fd_sc_hd__dfrtp_2)
     2    0.00    0.05    0.36    0.36 ^ _2038_/Q (sky130_fd_sc_hd__dfrtp_2)
                                         rf_inst.registers[25][16] (net)
                  0.05    0.00    0.36 ^ _1232_/B2 (sky130_fd_sc_hd__a22o_2)
     4    0.01    0.07    0.14    0.50 ^ _1232_/X (sky130_fd_sc_hd__a22o_2)
                                         _0512_ (net)
                  0.07    0.00    0.50 ^ _1235_/B1 (sky130_fd_sc_hd__a21oi_2)
     2    0.01    0.03    0.04    0.54 v _1235_/Y (sky130_fd_sc_hd__a21oi_2)
                                         _0515_ (net)
                  0.03    0.00    0.54 v _1523_/B (sky130_fd_sc_hd__nor2_2)
     2    0.00    0.07    0.07    0.60 ^ _1523_/Y (sky130_fd_sc_hd__nor2_2)
                                         _0789_ (net)
                  0.07    0.00    0.60 ^ _1530_/A (sky130_fd_sc_hd__or2b_2)
     1    0.00    0.03    0.10    0.70 ^ _1530_/X (sky130_fd_sc_hd__or2b_2)
                                         _0795_ (net)
                  0.03    0.00    0.70 ^ _1534_/A1 (sky130_fd_sc_hd__a21o_2)
     2    0.04    0.18    0.20    0.90 ^ _1534_/X (sky130_fd_sc_hd__a21o_2)
                                         result[16] (net)
                  0.18    0.00    0.90 ^ result[16] (out)
                                  0.90   data arrival time

                  0.15    0.00    0.00   clock clk (rise edge)
                          0.00    0.00   clock network delay (ideal)
                          0.25    0.25   clock uncertainty
                          0.00    0.25   clock reconvergence pessimism
                         -2.00   -1.75   output external delay
                                 -1.75   data required time
-----------------------------------------------------------------------------
                                 -1.75   data required time
                                 -0.90   data arrival time
-----------------------------------------------------------------------------
                                  2.65   slack (MET)


Startpoint: _2036_ (rising edge-triggered flip-flop clocked by clk)
Endpoint: result[14] (output port clocked by clk)
Path Group: clk
Path Type: min

Fanout     Cap    Slew   Delay    Time   Description
-----------------------------------------------------------------------------
                  0.15    0.00    0.00   clock clk (rise edge)
                          0.00    0.00   clock network delay (ideal)
                  0.15    0.00    0.00 ^ _2036_/CLK (sky130_fd_sc_hd__dfrtp_2)
     3    0.01    0.07    0.38    0.38 ^ _2036_/Q (sky130_fd_sc_hd__dfrtp_2)
                                         rf_inst.registers[25][14] (net)
                  0.07    0.00    0.38 ^ _1093_/B2 (sky130_fd_sc_hd__a22oi_2)
     2    0.01    0.05    0.06    0.44 v _1093_/Y (sky130_fd_sc_hd__a22oi_2)
                                         _0373_ (net)
                  0.05    0.00    0.44 v _1096_/B1 (sky130_fd_sc_hd__o21ai_2)
     1    0.00    0.05    0.05    0.49 ^ _1096_/Y (sky130_fd_sc_hd__o21ai_2)
                                         _0376_ (net)
                  0.05    0.00    0.49 ^ _1097_/B (sky130_fd_sc_hd__nand2_2)
     3    0.01    0.05    0.07    0.56 v _1097_/Y (sky130_fd_sc_hd__nand2_2)
                                         _0377_ (net)
                  0.05    0.00    0.56 v _1541_/A (sky130_fd_sc_hd__xnor2_2)
     1    0.00    0.03    0.13    0.68 ^ _1541_/Y (sky130_fd_sc_hd__xnor2_2)
                                         _0804_ (net)
                  0.03    0.00    0.68 ^ _1542_/B1 (sky130_fd_sc_hd__a22o_2)
     2    0.04    0.19    0.22    0.90 ^ _1542_/X (sky130_fd_sc_hd__a22o_2)
                                         result[14] (net)
                  0.19    0.00    0.90 ^ result[14] (out)
                                  0.90   data arrival time

                  0.15    0.00    0.00   clock clk (rise edge)
                          0.00    0.00   clock network delay (ideal)
                          0.25    0.25   clock uncertainty
                          0.00    0.25   clock reconvergence pessimism
                         -2.00   -1.75   output external delay
                                 -1.75   data required time
-----------------------------------------------------------------------------
                                 -1.75   data required time
                                 -0.90   data arrival time
-----------------------------------------------------------------------------
                                  2.65   slack (MET)


Startpoint: _2087_ (rising edge-triggered flip-flop clocked by clk)
Endpoint: result[1] (output port clocked by clk)
Path Group: clk
Path Type: min

Fanout     Cap    Slew   Delay    Time   Description
-----------------------------------------------------------------------------
                  0.15    0.00    0.00   clock clk (rise edge)
                          0.00    0.00   clock network delay (ideal)
                  0.15    0.00    0.00 ^ _2087_/CLK (sky130_fd_sc_hd__dfrtp_2)
     4    0.01    0.08    0.39    0.39 ^ _2087_/Q (sky130_fd_sc_hd__dfrtp_2)
                                         rf_inst.registers[5][1] (net)
                  0.08    0.00    0.39 ^ _1125_/A1 (sky130_fd_sc_hd__a21oi_2)
    10    0.03    0.07    0.12    0.51 v _1125_/Y (sky130_fd_sc_hd__a21oi_2)
                                         _0405_ (net)
                  0.07    0.00    0.51 v _1402_/A (sky130_fd_sc_hd__nand2_2)
     2    0.01    0.06    0.08    0.58 ^ _1402_/Y (sky130_fd_sc_hd__nand2_2)
                                         _0680_ (net)
                  0.06    0.00    0.58 ^ _1466_/B (sky130_fd_sc_hd__nor2_2)
     4    0.01    0.03    0.04    0.63 v _1466_/Y (sky130_fd_sc_hd__nor2_2)
                                         _0740_ (net)
                  0.03    0.00    0.63 v _1596_/B1 (sky130_fd_sc_hd__a32o_2)
     2    0.04    0.11    0.28    0.90 v _1596_/X (sky130_fd_sc_hd__a32o_2)
                                         result[1] (net)
                  0.11    0.00    0.90 v result[1] (out)
                                  0.90   data arrival time

                  0.15    0.00    0.00   clock clk (rise edge)
                          0.00    0.00   clock network delay (ideal)
                          0.25    0.25   clock uncertainty
                          0.00    0.25   clock reconvergence pessimism
                         -2.00   -1.75   output external delay
                                 -1.75   data required time
-----------------------------------------------------------------------------
                                 -1.75   data required time
                                 -0.90   data arrival time
-----------------------------------------------------------------------------
                                  2.65   slack (MET)


Startpoint: _2090_ (rising edge-triggered flip-flop clocked by clk)
Endpoint: result[24] (output port clocked by clk)
Path Group: clk
Path Type: min

Fanout     Cap    Slew   Delay    Time   Description
-----------------------------------------------------------------------------
                  0.15    0.00    0.00   clock clk (rise edge)
                          0.00    0.00   clock network delay (ideal)
                  0.15    0.00    0.00 ^ _2090_/CLK (sky130_fd_sc_hd__dfrtp_2)
     3    0.01    0.06    0.37    0.37 ^ _2090_/Q (sky130_fd_sc_hd__dfrtp_2)
                                         rf_inst.registers[5][4] (net)
                  0.06    0.00    0.37 ^ _1036_/A (sky130_fd_sc_hd__and2_2)
     8    0.02    0.12    0.19    0.56 ^ _1036_/X (sky130_fd_sc_hd__and2_2)
                                         _0316_ (net)
                  0.12    0.00    0.56 ^ _1479_/B2 (sky130_fd_sc_hd__a32o_2)
     2    0.01    0.05    0.14    0.70 ^ _1479_/X (sky130_fd_sc_hd__a32o_2)
                                         _0752_ (net)
                  0.05    0.00    0.70 ^ _1480_/B1 (sky130_fd_sc_hd__a31o_2)
     2    0.04    0.20    0.21    0.91 ^ _1480_/X (sky130_fd_sc_hd__a31o_2)
                                         result[24] (net)
                  0.20    0.00    0.91 ^ result[24] (out)
                                  0.91   data arrival time

                  0.15    0.00    0.00   clock clk (rise edge)
                          0.00    0.00   clock network delay (ideal)
                          0.25    0.25   clock uncertainty
                          0.00    0.25   clock reconvergence pessimism
                         -2.00   -1.75   output external delay
                                 -1.75   data required time
-----------------------------------------------------------------------------
                                 -1.75   data required time
                                 -0.91   data arrival time
-----------------------------------------------------------------------------
                                  2.66   slack (MET)


Startpoint: _2090_ (rising edge-triggered flip-flop clocked by clk)
Endpoint: result[25] (output port clocked by clk)
Path Group: clk
Path Type: min

Fanout     Cap    Slew   Delay    Time   Description
-----------------------------------------------------------------------------
                  0.15    0.00    0.00   clock clk (rise edge)
                          0.00    0.00   clock network delay (ideal)
                  0.15    0.00    0.00 ^ _2090_/CLK (sky130_fd_sc_hd__dfrtp_2)
     3    0.01    0.06    0.37    0.37 ^ _2090_/Q (sky130_fd_sc_hd__dfrtp_2)
                                         rf_inst.registers[5][4] (net)
                  0.06    0.00    0.37 ^ _1036_/A (sky130_fd_sc_hd__and2_2)
     8    0.02    0.12    0.19    0.56 ^ _1036_/X (sky130_fd_sc_hd__and2_2)
                                         _0316_ (net)
                  0.12    0.00    0.56 ^ _1469_/B2 (sky130_fd_sc_hd__a32o_2)
     2    0.01    0.05    0.14    0.70 ^ _1469_/X (sky130_fd_sc_hd__a32o_2)
                                         _0743_ (net)
                  0.05    0.00    0.70 ^ _1470_/B1 (sky130_fd_sc_hd__a31o_2)
     2    0.04    0.20    0.21    0.91 ^ _1470_/X (sky130_fd_sc_hd__a31o_2)
                                         result[25] (net)
                  0.20    0.00    0.91 ^ result[25] (out)
                                  0.91   data arrival time

                  0.15    0.00    0.00   clock clk (rise edge)
                          0.00    0.00   clock network delay (ideal)
                          0.25    0.25   clock uncertainty
                          0.00    0.25   clock reconvergence pessimism
                         -2.00   -1.75   output external delay
                                 -1.75   data required time
-----------------------------------------------------------------------------
                                 -1.75   data required time
                                 -0.91   data arrival time
-----------------------------------------------------------------------------
                                  2.66   slack (MET)


Startpoint: _2090_ (rising edge-triggered flip-flop clocked by clk)
Endpoint: result[29] (output port clocked by clk)
Path Group: clk
Path Type: min

Fanout     Cap    Slew   Delay    Time   Description
-----------------------------------------------------------------------------
                  0.15    0.00    0.00   clock clk (rise edge)
                          0.00    0.00   clock network delay (ideal)
                  0.15    0.00    0.00 ^ _2090_/CLK (sky130_fd_sc_hd__dfrtp_2)
     3    0.01    0.06    0.37    0.37 ^ _2090_/Q (sky130_fd_sc_hd__dfrtp_2)
                                         rf_inst.registers[5][4] (net)
                  0.06    0.00    0.37 ^ _1036_/A (sky130_fd_sc_hd__and2_2)
     8    0.02    0.12    0.19    0.56 ^ _1036_/X (sky130_fd_sc_hd__and2_2)
                                         _0316_ (net)
                  0.12    0.00    0.56 ^ _1409_/B2 (sky130_fd_sc_hd__a32o_2)
     2    0.01    0.05    0.14    0.70 ^ _1409_/X (sky130_fd_sc_hd__a32o_2)
                                         _0687_ (net)
                  0.05    0.00    0.70 ^ _1410_/B1 (sky130_fd_sc_hd__a31o_2)
     2    0.04    0.20    0.21    0.91 ^ _1410_/X (sky130_fd_sc_hd__a31o_2)
                                         result[29] (net)
                  0.20    0.00    0.91 ^ result[29] (out)
                                  0.91   data arrival time

                  0.15    0.00    0.00   clock clk (rise edge)
                          0.00    0.00   clock network delay (ideal)
                          0.25    0.25   clock uncertainty
                          0.00    0.25   clock reconvergence pessimism
                         -2.00   -1.75   output external delay
                                 -1.75   data required time
-----------------------------------------------------------------------------
                                 -1.75   data required time
                                 -0.91   data arrival time
-----------------------------------------------------------------------------
                                  2.66   slack (MET)


Startpoint: _2090_ (rising edge-triggered flip-flop clocked by clk)
Endpoint: result[31] (output port clocked by clk)
Path Group: clk
Path Type: min

Fanout     Cap    Slew   Delay    Time   Description
-----------------------------------------------------------------------------
                  0.15    0.00    0.00   clock clk (rise edge)
                          0.00    0.00   clock network delay (ideal)
                  0.15    0.00    0.00 ^ _2090_/CLK (sky130_fd_sc_hd__dfrtp_2)
     3    0.01    0.06    0.37    0.37 ^ _2090_/Q (sky130_fd_sc_hd__dfrtp_2)
                                         rf_inst.registers[5][4] (net)
                  0.06    0.00    0.37 ^ _1036_/A (sky130_fd_sc_hd__and2_2)
     8    0.02    0.12    0.19    0.56 ^ _1036_/X (sky130_fd_sc_hd__and2_2)
                                         _0316_ (net)
                  0.12    0.00    0.56 ^ _1347_/B2 (sky130_fd_sc_hd__a32o_2)
     2    0.01    0.05    0.14    0.70 ^ _1347_/X (sky130_fd_sc_hd__a32o_2)
                                         _0627_ (net)
                  0.05    0.00    0.70 ^ _1348_/B1 (sky130_fd_sc_hd__a31o_2)
     2    0.04    0.20    0.21    0.91 ^ _1348_/X (sky130_fd_sc_hd__a31o_2)
                                         result[31] (net)
                  0.20    0.00    0.91 ^ result[31] (out)
                                  0.91   data arrival time

                  0.15    0.00    0.00   clock clk (rise edge)
                          0.00    0.00   clock network delay (ideal)
                          0.25    0.25   clock uncertainty
                          0.00    0.25   clock reconvergence pessimism
                         -2.00   -1.75   output external delay
                                 -1.75   data required time
-----------------------------------------------------------------------------
                                 -1.75   data required time
                                 -0.91   data arrival time
-----------------------------------------------------------------------------
                                  2.66   slack (MET)


Startpoint: _2026_ (rising edge-triggered flip-flop clocked by clk)
Endpoint: result[4] (output port clocked by clk)
Path Group: clk
Path Type: min

Fanout     Cap    Slew   Delay    Time   Description
-----------------------------------------------------------------------------
                  0.15    0.00    0.00   clock clk (rise edge)
                          0.00    0.00   clock network delay (ideal)
                  0.15    0.00    0.00 ^ _2026_/CLK (sky130_fd_sc_hd__dfrtp_2)
     2    0.00    0.05    0.36    0.36 ^ _2026_/Q (sky130_fd_sc_hd__dfrtp_2)
                                         rf_inst.registers[25][4] (net)
                  0.05    0.00    0.36 ^ _1149_/B2 (sky130_fd_sc_hd__a22o_2)
     4    0.01    0.09    0.16    0.52 ^ _1149_/X (sky130_fd_sc_hd__a22o_2)
                                         _0429_ (net)
                  0.09    0.00    0.52 ^ _1152_/A (sky130_fd_sc_hd__xnor2_2)
     4    0.01    0.07    0.10    0.61 v _1152_/Y (sky130_fd_sc_hd__xnor2_2)
                                         _0432_ (net)
                  0.07    0.00    0.61 v _1582_/B (sky130_fd_sc_hd__nand2_2)
     1    0.00    0.03    0.06    0.68 ^ _1582_/Y (sky130_fd_sc_hd__nand2_2)
                                         _0835_ (net)
                  0.03    0.00    0.68 ^ _1586_/A1 (sky130_fd_sc_hd__a31o_2)
     2    0.04    0.20    0.25    0.92 ^ _1586_/X (sky130_fd_sc_hd__a31o_2)
                                         result[4] (net)
                  0.20    0.00    0.92 ^ result[4] (out)
                                  0.92   data arrival time

                  0.15    0.00    0.00   clock clk (rise edge)
                          0.00    0.00   clock network delay (ideal)
                          0.25    0.25   clock uncertainty
                          0.00    0.25   clock reconvergence pessimism
                         -2.00   -1.75   output external delay
                                 -1.75   data required time
-----------------------------------------------------------------------------
                                 -1.75   data required time
                                 -0.92   data arrival time
-----------------------------------------------------------------------------
                                  2.67   slack (MET)


Startpoint: _2027_ (rising edge-triggered flip-flop clocked by clk)
Endpoint: result[5] (output port clocked by clk)
Path Group: clk
Path Type: min

Fanout     Cap    Slew   Delay    Time   Description
-----------------------------------------------------------------------------
                  0.15    0.00    0.00   clock clk (rise edge)
                          0.00    0.00   clock network delay (ideal)
                  0.15    0.00    0.00 ^ _2027_/CLK (sky130_fd_sc_hd__dfrtp_2)
     3    0.01    0.07    0.38    0.38 ^ _2027_/Q (sky130_fd_sc_hd__dfrtp_2)
                                         rf_inst.registers[25][5] (net)
                  0.07    0.00    0.38 ^ _1117_/B2 (sky130_fd_sc_hd__a22oi_2)
     2    0.01    0.05    0.06    0.44 v _1117_/Y (sky130_fd_sc_hd__a22oi_2)
                                         _0397_ (net)
                  0.05    0.00    0.44 v _1153_/A (sky130_fd_sc_hd__nor2_2)
     3    0.01    0.13    0.14    0.57 ^ _1153_/Y (sky130_fd_sc_hd__nor2_2)
                                         _0433_ (net)
                  0.13    0.00    0.57 ^ _1578_/A1 (sky130_fd_sc_hd__o21ai_2)
     1    0.00    0.02    0.07    0.64 v _1578_/Y (sky130_fd_sc_hd__o21ai_2)
                                         _0832_ (net)
                  0.02    0.00    0.64 v _1581_/A2 (sky130_fd_sc_hd__a31o_2)
     2    0.04    0.11    0.29    0.92 v _1581_/X (sky130_fd_sc_hd__a31o_2)
                                         result[5] (net)
                  0.11    0.00    0.92 v result[5] (out)
                                  0.92   data arrival time

                  0.15    0.00    0.00   clock clk (rise edge)
                          0.00    0.00   clock network delay (ideal)
                          0.25    0.25   clock uncertainty
                          0.00    0.25   clock reconvergence pessimism
                         -2.00   -1.75   output external delay
                                 -1.75   data required time
-----------------------------------------------------------------------------
                                 -1.75   data required time
                                 -0.92   data arrival time
-----------------------------------------------------------------------------
                                  2.67   slack (MET)


Startpoint: _2030_ (rising edge-triggered flip-flop clocked by clk)
Endpoint: result[8] (output port clocked by clk)
Path Group: clk
Path Type: min

Fanout     Cap    Slew   Delay    Time   Description
-----------------------------------------------------------------------------
                  0.15    0.00    0.00   clock clk (rise edge)
                          0.00    0.00   clock network delay (ideal)
                  0.15    0.00    0.00 ^ _2030_/CLK (sky130_fd_sc_hd__dfrtp_2)
     2    0.00    0.05    0.36    0.36 ^ _2030_/Q (sky130_fd_sc_hd__dfrtp_2)
                                         rf_inst.registers[25][8] (net)
                  0.05    0.00    0.36 ^ _1169_/B2 (sky130_fd_sc_hd__a22o_2)
     4    0.01    0.09    0.16    0.52 ^ _1169_/X (sky130_fd_sc_hd__a22o_2)
                                         _0449_ (net)
                  0.09    0.00    0.52 ^ _1172_/A (sky130_fd_sc_hd__xnor2_2)
     3    0.01    0.05    0.08    0.60 v _1172_/Y (sky130_fd_sc_hd__xnor2_2)
                                         _0452_ (net)
                  0.05    0.00    0.60 v _1561_/B (sky130_fd_sc_hd__nand2_2)
     2    0.01    0.05    0.07    0.67 ^ _1561_/Y (sky130_fd_sc_hd__nand2_2)
                                         _0819_ (net)
                  0.05    0.00    0.67 ^ _1568_/A2 (sky130_fd_sc_hd__a31o_2)
     2    0.04    0.20    0.26    0.92 ^ _1568_/X (sky130_fd_sc_hd__a31o_2)
                                         result[8] (net)
                  0.20    0.00    0.92 ^ result[8] (out)
                                  0.92   data arrival time

                  0.15    0.00    0.00   clock clk (rise edge)
                          0.00    0.00   clock network delay (ideal)
                          0.25    0.25   clock uncertainty
                          0.00    0.25   clock reconvergence pessimism
                         -2.00   -1.75   output external delay
                                 -1.75   data required time
-----------------------------------------------------------------------------
                                 -1.75   data required time
                                 -0.92   data arrival time
-----------------------------------------------------------------------------
                                  2.67   slack (MET)


Startpoint: _2043_ (rising edge-triggered flip-flop clocked by clk)
Endpoint: result[21] (output port clocked by clk)
Path Group: clk
Path Type: min

Fanout     Cap    Slew   Delay    Time   Description
-----------------------------------------------------------------------------
                  0.15    0.00    0.00   clock clk (rise edge)
                          0.00    0.00   clock network delay (ideal)
                  0.15    0.00    0.00 ^ _2043_/CLK (sky130_fd_sc_hd__dfrtp_2)
     2    0.00    0.05    0.36    0.36 ^ _2043_/Q (sky130_fd_sc_hd__dfrtp_2)
                                         rf_inst.registers[25][21] (net)
                  0.05    0.00    0.36 ^ _1209_/B2 (sky130_fd_sc_hd__a22o_2)
     5    0.01    0.08    0.15    0.51 ^ _1209_/X (sky130_fd_sc_hd__a22o_2)
                                         _0489_ (net)
                  0.08    0.00    0.51 ^ _1212_/B1 (sky130_fd_sc_hd__o21a_2)
     2    0.01    0.05    0.13    0.64 ^ _1212_/X (sky130_fd_sc_hd__o21a_2)
                                         _0492_ (net)
                  0.05    0.00    0.64 ^ _1213_/B (sky130_fd_sc_hd__nor2_2)
     3    0.01    0.03    0.04    0.68 v _1213_/Y (sky130_fd_sc_hd__nor2_2)
                                         _0493_ (net)
                  0.03    0.00    0.68 v _1500_/B1 (sky130_fd_sc_hd__o21ai_2)
     1    0.00    0.03    0.04    0.72 ^ _1500_/Y (sky130_fd_sc_hd__o21ai_2)
                                         _0770_ (net)
                  0.03    0.00    0.72 ^ _1504_/A1 (sky130_fd_sc_hd__a21o_2)
     2    0.04    0.18    0.21    0.93 ^ _1504_/X (sky130_fd_sc_hd__a21o_2)
                                         result[21] (net)
                  0.18    0.00    0.93 ^ result[21] (out)
                                  0.93   data arrival time

                  0.15    0.00    0.00   clock clk (rise edge)
                          0.00    0.00   clock network delay (ideal)
                          0.25    0.25   clock uncertainty
                          0.00    0.25   clock reconvergence pessimism
                         -2.00   -1.75   output external delay
                                 -1.75   data required time
-----------------------------------------------------------------------------
                                 -1.75   data required time
                                 -0.93   data arrival time
-----------------------------------------------------------------------------
                                  2.68   slack (MET)


Startpoint: _2050_ (rising edge-triggered flip-flop clocked by clk)
Endpoint: result[28] (output port clocked by clk)
Path Group: clk
Path Type: min

Fanout     Cap    Slew   Delay    Time   Description
-----------------------------------------------------------------------------
                  0.15    0.00    0.00   clock clk (rise edge)
                          0.00    0.00   clock network delay (ideal)
                  0.15    0.00    0.00 ^ _2050_/CLK (sky130_fd_sc_hd__dfrtp_2)
     2    0.00    0.05    0.36    0.36 ^ _2050_/Q (sky130_fd_sc_hd__dfrtp_2)
                                         rf_inst.registers[25][28] (net)
                  0.05    0.00    0.36 ^ _1276_/B2 (sky130_fd_sc_hd__a22o_2)
     5    0.02    0.12    0.18    0.54 ^ _1276_/X (sky130_fd_sc_hd__a22o_2)
                                         _0556_ (net)
                  0.12    0.00    0.54 ^ _1279_/A (sky130_fd_sc_hd__xnor2_2)
     3    0.01    0.05    0.09    0.63 v _1279_/Y (sky130_fd_sc_hd__xnor2_2)
                                         _0559_ (net)
                  0.05    0.00    0.63 v _1411_/B (sky130_fd_sc_hd__nand2_2)
     1    0.00    0.03    0.06    0.69 ^ _1411_/Y (sky130_fd_sc_hd__nand2_2)
                                         _0688_ (net)
                  0.03    0.00    0.69 ^ _1432_/A3 (sky130_fd_sc_hd__a31o_2)
     2    0.04    0.20    0.26    0.95 ^ _1432_/X (sky130_fd_sc_hd__a31o_2)
                                         result[28] (net)
                  0.20    0.00    0.95 ^ result[28] (out)
                                  0.95   data arrival time

                  0.15    0.00    0.00   clock clk (rise edge)
                          0.00    0.00   clock network delay (ideal)
                          0.25    0.25   clock uncertainty
                          0.00    0.25   clock reconvergence pessimism
                         -2.00   -1.75   output external delay
                                 -1.75   data required time
-----------------------------------------------------------------------------
                                 -1.75   data required time
                                 -0.95   data arrival time
-----------------------------------------------------------------------------
                                  2.70   slack (MET)


Startpoint: _2029_ (rising edge-triggered flip-flop clocked by clk)
Endpoint: result[7] (output port clocked by clk)
Path Group: clk
Path Type: min

Fanout     Cap    Slew   Delay    Time   Description
-----------------------------------------------------------------------------
                  0.15    0.00    0.00   clock clk (rise edge)
                          0.00    0.00   clock network delay (ideal)
                  0.15    0.00    0.00 ^ _2029_/CLK (sky130_fd_sc_hd__dfrtp_2)
     3    0.01    0.07    0.38    0.38 ^ _2029_/Q (sky130_fd_sc_hd__dfrtp_2)
                                         rf_inst.registers[25][7] (net)
                  0.07    0.00    0.38 ^ _1157_/B2 (sky130_fd_sc_hd__a22oi_2)
     2    0.01    0.06    0.07    0.44 v _1157_/Y (sky130_fd_sc_hd__a22oi_2)
                                         _0437_ (net)
                  0.06    0.00    0.44 v _1159_/A (sky130_fd_sc_hd__nand2_2)
     2    0.00    0.04    0.06    0.50 ^ _1159_/Y (sky130_fd_sc_hd__nand2_2)
                                         _0439_ (net)
                  0.04    0.00    0.50 ^ _1570_/B (sky130_fd_sc_hd__and2b_2)
     2    0.01    0.06    0.14    0.64 ^ _1570_/X (sky130_fd_sc_hd__and2b_2)
                                         _0826_ (net)
                  0.06    0.00    0.64 ^ _1571_/A2 (sky130_fd_sc_hd__o21a_2)
     1    0.00    0.03    0.10    0.74 ^ _1571_/X (sky130_fd_sc_hd__o21a_2)
                                         _0827_ (net)
                  0.03    0.00    0.74 ^ _1573_/B1 (sky130_fd_sc_hd__a22o_2)
     2    0.04    0.19    0.22    0.96 ^ _1573_/X (sky130_fd_sc_hd__a22o_2)
                                         result[7] (net)
                  0.19    0.00    0.96 ^ result[7] (out)
                                  0.96   data arrival time

                  0.15    0.00    0.00   clock clk (rise edge)
                          0.00    0.00   clock network delay (ideal)
                          0.25    0.25   clock uncertainty
                          0.00    0.25   clock reconvergence pessimism
                         -2.00   -1.75   output external delay
                                 -1.75   data required time
-----------------------------------------------------------------------------
                                 -1.75   data required time
                                 -0.96   data arrival time
-----------------------------------------------------------------------------
                                  2.71   slack (MET)


Startpoint: _1994_ (rising edge-triggered flip-flop clocked by clk)
Endpoint: result[3] (output port clocked by clk)
Path Group: clk
Path Type: min

Fanout     Cap    Slew   Delay    Time   Description
-----------------------------------------------------------------------------
                  0.15    0.00    0.00   clock clk (rise edge)
                          0.00    0.00   clock network delay (ideal)
                  0.15    0.00    0.00 ^ _1994_/CLK (sky130_fd_sc_hd__dfrtp_2)
     2    0.00    0.05    0.36    0.36 ^ _1994_/Q (sky130_fd_sc_hd__dfrtp_2)
                                         rf_inst.registers[30][4] (net)
                  0.05    0.00    0.36 ^ _1037_/A1 (sky130_fd_sc_hd__a211o_2)
     4    0.01    0.07    0.14    0.50 ^ _1037_/X (sky130_fd_sc_hd__a211o_2)
                                         _0317_ (net)
                  0.07    0.00    0.50 ^ _1323_/B (sky130_fd_sc_hd__nor2_2)
     9    0.02    0.05    0.07    0.57 v _1323_/Y (sky130_fd_sc_hd__nor2_2)
                                         _0603_ (net)
                  0.05    0.00    0.57 v _1584_/B (sky130_fd_sc_hd__nand2_2)
     2    0.01    0.07    0.08    0.65 ^ _1584_/Y (sky130_fd_sc_hd__nand2_2)
                                         _0837_ (net)
                  0.07    0.00    0.65 ^ _1590_/A (sky130_fd_sc_hd__nor2_2)
     2    0.00    0.03    0.04    0.69 v _1590_/Y (sky130_fd_sc_hd__nor2_2)
                                         _0842_ (net)
                  0.03    0.00    0.69 v _1591_/B1 (sky130_fd_sc_hd__a31o_2)
     2    0.04    0.11    0.27    0.96 v _1591_/X (sky130_fd_sc_hd__a31o_2)
                                         result[3] (net)
                  0.11    0.00    0.96 v result[3] (out)
                                  0.96   data arrival time

                  0.15    0.00    0.00   clock clk (rise edge)
                          0.00    0.00   clock network delay (ideal)
                          0.25    0.25   clock uncertainty
                          0.00    0.25   clock reconvergence pessimism
                         -2.00   -1.75   output external delay
                                 -1.75   data required time
-----------------------------------------------------------------------------
                                 -1.75   data required time
                                 -0.96   data arrival time
-----------------------------------------------------------------------------
                                  2.71   slack (MET)


Startpoint: _2028_ (rising edge-triggered flip-flop clocked by clk)
Endpoint: result[6] (output port clocked by clk)
Path Group: clk
Path Type: min

Fanout     Cap    Slew   Delay    Time   Description
-----------------------------------------------------------------------------
                  0.15    0.00    0.00   clock clk (rise edge)
                          0.00    0.00   clock network delay (ideal)
                  0.15    0.00    0.00 ^ _2028_/CLK (sky130_fd_sc_hd__dfrtp_2)
     2    0.00    0.05    0.36    0.36 ^ _2028_/Q (sky130_fd_sc_hd__dfrtp_2)
                                         rf_inst.registers[25][6] (net)
                  0.05    0.00    0.36 ^ _1113_/B2 (sky130_fd_sc_hd__a22o_2)
     4    0.02    0.10    0.16    0.52 ^ _1113_/X (sky130_fd_sc_hd__a22o_2)
                                         _0393_ (net)
                  0.10    0.00    0.52 ^ _1116_/A (sky130_fd_sc_hd__xor2_2)
     2    0.01    0.05    0.09    0.61 v _1116_/X (sky130_fd_sc_hd__xor2_2)
                                         _0396_ (net)
                  0.05    0.00    0.61 v _1575_/A (sky130_fd_sc_hd__xnor2_2)
     1    0.00    0.03    0.13    0.74 ^ _1575_/Y (sky130_fd_sc_hd__xnor2_2)
                                         _0830_ (net)
                  0.03    0.00    0.74 ^ _1576_/B1 (sky130_fd_sc_hd__a22o_2)
     2    0.04    0.19    0.22    0.96 ^ _1576_/X (sky130_fd_sc_hd__a22o_2)
                                         result[6] (net)
                  0.19    0.00    0.96 ^ result[6] (out)
                                  0.96   data arrival time

                  0.15    0.00    0.00   clock clk (rise edge)
                          0.00    0.00   clock network delay (ideal)
                          0.25    0.25   clock uncertainty
                          0.00    0.25   clock reconvergence pessimism
                         -2.00   -1.75   output external delay
                                 -1.75   data required time
-----------------------------------------------------------------------------
                                 -1.75   data required time
                                 -0.96   data arrival time
-----------------------------------------------------------------------------
                                  2.71   slack (MET)


Startpoint: _2090_ (rising edge-triggered flip-flop clocked by clk)
Endpoint: result[20] (output port clocked by clk)
Path Group: clk
Path Type: min

Fanout     Cap    Slew   Delay    Time   Description
-----------------------------------------------------------------------------
                  0.15    0.00    0.00   clock clk (rise edge)
                          0.00    0.00   clock network delay (ideal)
                  0.15    0.00    0.00 ^ _2090_/CLK (sky130_fd_sc_hd__dfrtp_2)
     3    0.01    0.06    0.37    0.37 ^ _2090_/Q (sky130_fd_sc_hd__dfrtp_2)
                                         rf_inst.registers[5][4] (net)
                  0.06    0.00    0.37 ^ _1438_/A (sky130_fd_sc_hd__nand2_2)
     2    0.01    0.04    0.05    0.42 v _1438_/Y (sky130_fd_sc_hd__nand2_2)
                                         _0714_ (net)
                  0.04    0.00    0.42 v _1488_/A (sky130_fd_sc_hd__nor2_2)
     8    0.02    0.23    0.21    0.62 ^ _1488_/Y (sky130_fd_sc_hd__nor2_2)
                                         _0760_ (net)
                  0.23    0.00    0.62 ^ _1508_/A2 (sky130_fd_sc_hd__a21o_2)
     2    0.01    0.04    0.16    0.79 ^ _1508_/X (sky130_fd_sc_hd__a21o_2)
                                         _0777_ (net)
                  0.04    0.00    0.79 ^ _1509_/B1 (sky130_fd_sc_hd__a21o_2)
     2    0.04    0.18    0.18    0.97 ^ _1509_/X (sky130_fd_sc_hd__a21o_2)
                                         result[20] (net)
                  0.18    0.00    0.97 ^ result[20] (out)
                                  0.97   data arrival time

                  0.15    0.00    0.00   clock clk (rise edge)
                          0.00    0.00   clock network delay (ideal)
                          0.25    0.25   clock uncertainty
                          0.00    0.25   clock reconvergence pessimism
                         -2.00   -1.75   output external delay
                                 -1.75   data required time
-----------------------------------------------------------------------------
                                 -1.75   data required time
                                 -0.97   data arrival time
-----------------------------------------------------------------------------
                                  2.72   slack (MET)


Startpoint: _2090_ (rising edge-triggered flip-flop clocked by clk)
Endpoint: result[22] (output port clocked by clk)
Path Group: clk
Path Type: min

Fanout     Cap    Slew   Delay    Time   Description
-----------------------------------------------------------------------------
                  0.15    0.00    0.00   clock clk (rise edge)
                          0.00    0.00   clock network delay (ideal)
                  0.15    0.00    0.00 ^ _2090_/CLK (sky130_fd_sc_hd__dfrtp_2)
     3    0.01    0.06    0.37    0.37 ^ _2090_/Q (sky130_fd_sc_hd__dfrtp_2)
                                         rf_inst.registers[5][4] (net)
                  0.06    0.00    0.37 ^ _1438_/A (sky130_fd_sc_hd__nand2_2)
     2    0.01    0.04    0.05    0.42 v _1438_/Y (sky130_fd_sc_hd__nand2_2)
                                         _0714_ (net)
                  0.04    0.00    0.42 v _1488_/A (sky130_fd_sc_hd__nor2_2)
     8    0.02    0.23    0.21    0.62 ^ _1488_/Y (sky130_fd_sc_hd__nor2_2)
                                         _0760_ (net)
                  0.23    0.00    0.62 ^ _1498_/A2 (sky130_fd_sc_hd__a21o_2)
     2    0.01    0.04    0.16    0.79 ^ _1498_/X (sky130_fd_sc_hd__a21o_2)
                                         _0769_ (net)
                  0.04    0.00    0.79 ^ _1499_/B1 (sky130_fd_sc_hd__a21o_2)
     2    0.04    0.18    0.18    0.97 ^ _1499_/X (sky130_fd_sc_hd__a21o_2)
                                         result[22] (net)
                  0.18    0.00    0.97 ^ result[22] (out)
                                  0.97   data arrival time

                  0.15    0.00    0.00   clock clk (rise edge)
                          0.00    0.00   clock network delay (ideal)
                          0.25    0.25   clock uncertainty
                          0.00    0.25   clock reconvergence pessimism
                         -2.00   -1.75   output external delay
                                 -1.75   data required time
-----------------------------------------------------------------------------
                                 -1.75   data required time
                                 -0.97   data arrival time
-----------------------------------------------------------------------------
                                  2.72   slack (MET)


Startpoint: _2090_ (rising edge-triggered flip-flop clocked by clk)
Endpoint: result[23] (output port clocked by clk)
Path Group: clk
Path Type: min

Fanout     Cap    Slew   Delay    Time   Description
-----------------------------------------------------------------------------
                  0.15    0.00    0.00   clock clk (rise edge)
                          0.00    0.00   clock network delay (ideal)
                  0.15    0.00    0.00 ^ _2090_/CLK (sky130_fd_sc_hd__dfrtp_2)
     3    0.01    0.06    0.37    0.37 ^ _2090_/Q (sky130_fd_sc_hd__dfrtp_2)
                                         rf_inst.registers[5][4] (net)
                  0.06    0.00    0.37 ^ _1438_/A (sky130_fd_sc_hd__nand2_2)
     2    0.01    0.04    0.05    0.42 v _1438_/Y (sky130_fd_sc_hd__nand2_2)
                                         _0714_ (net)
                  0.04    0.00    0.42 v _1488_/A (sky130_fd_sc_hd__nor2_2)
     8    0.02    0.23    0.21    0.62 ^ _1488_/Y (sky130_fd_sc_hd__nor2_2)
                                         _0760_ (net)
                  0.23    0.00    0.62 ^ _1493_/A2 (sky130_fd_sc_hd__a21o_2)
     2    0.01    0.04    0.16    0.79 ^ _1493_/X (sky130_fd_sc_hd__a21o_2)
                                         _0765_ (net)
                  0.04    0.00    0.79 ^ _1494_/B1 (sky130_fd_sc_hd__a21o_2)
     2    0.04    0.18    0.18    0.97 ^ _1494_/X (sky130_fd_sc_hd__a21o_2)
                                         result[23] (net)
                  0.18    0.00    0.97 ^ result[23] (out)
                                  0.97   data arrival time

                  0.15    0.00    0.00   clock clk (rise edge)
                          0.00    0.00   clock network delay (ideal)
                          0.25    0.25   clock uncertainty
                          0.00    0.25   clock reconvergence pessimism
                         -2.00   -1.75   output external delay
                                 -1.75   data required time
-----------------------------------------------------------------------------
                                 -1.75   data required time
                                 -0.97   data arrival time
-----------------------------------------------------------------------------
                                  2.72   slack (MET)


Startpoint: _2040_ (rising edge-triggered flip-flop clocked by clk)
Endpoint: result[18] (output port clocked by clk)
Path Group: clk
Path Type: min

Fanout     Cap    Slew   Delay    Time   Description
-----------------------------------------------------------------------------
                  0.15    0.00    0.00   clock clk (rise edge)
                          0.00    0.00   clock network delay (ideal)
                  0.15    0.00    0.00 ^ _2040_/CLK (sky130_fd_sc_hd__dfrtp_2)
     2    0.00    0.05    0.36    0.36 ^ _2040_/Q (sky130_fd_sc_hd__dfrtp_2)
                                         rf_inst.registers[25][18] (net)
                  0.05    0.00    0.36 ^ _1221_/B2 (sky130_fd_sc_hd__a22o_2)
     4    0.01    0.07    0.14    0.50 ^ _1221_/X (sky130_fd_sc_hd__a22o_2)
                                         _0501_ (net)
                  0.07    0.00    0.50 ^ _1224_/B1 (sky130_fd_sc_hd__a21oi_2)
     3    0.01    0.03    0.04    0.55 v _1224_/Y (sky130_fd_sc_hd__a21oi_2)
                                         _0504_ (net)
                  0.03    0.00    0.55 v _1518_/B (sky130_fd_sc_hd__nor2_2)
     1    0.01    0.13    0.11    0.65 ^ _1518_/Y (sky130_fd_sc_hd__nor2_2)
                                         _0785_ (net)
                  0.13    0.00    0.65 ^ _1519_/A (sky130_fd_sc_hd__xnor2_2)
     1    0.00    0.03    0.11    0.76 ^ _1519_/Y (sky130_fd_sc_hd__xnor2_2)
                                         _0786_ (net)
                  0.03    0.00    0.76 ^ _1522_/A2 (sky130_fd_sc_hd__a21o_2)
     2    0.04    0.18    0.21    0.98 ^ _1522_/X (sky130_fd_sc_hd__a21o_2)
                                         result[18] (net)
                  0.18    0.00    0.98 ^ result[18] (out)
                                  0.98   data arrival time

                  0.15    0.00    0.00   clock clk (rise edge)
                          0.00    0.00   clock network delay (ideal)
                          0.25    0.25   clock uncertainty
                          0.00    0.25   clock reconvergence pessimism
                         -2.00   -1.75   output external delay
                                 -1.75   data required time
-----------------------------------------------------------------------------
                                 -1.75   data required time
                                 -0.98   data arrival time
-----------------------------------------------------------------------------
                                  2.73   slack (MET)


Startpoint: _2041_ (rising edge-triggered flip-flop clocked by clk)
Endpoint: result[19] (output port clocked by clk)
Path Group: clk
Path Type: min

Fanout     Cap    Slew   Delay    Time   Description
-----------------------------------------------------------------------------
                  0.15    0.00    0.00   clock clk (rise edge)
                          0.00    0.00   clock network delay (ideal)
                  0.15    0.00    0.00 ^ _2041_/CLK (sky130_fd_sc_hd__dfrtp_2)
     3    0.01    0.07    0.38    0.38 ^ _2041_/Q (sky130_fd_sc_hd__dfrtp_2)
                                         rf_inst.registers[25][19] (net)
                  0.07    0.00    0.38 ^ _1218_/B2 (sky130_fd_sc_hd__a22oi_2)
     2    0.01    0.05    0.06    0.44 v _1218_/Y (sky130_fd_sc_hd__a22oi_2)
                                         _0498_ (net)
                  0.05    0.00    0.44 v _1219_/B1 (sky130_fd_sc_hd__a21oi_2)
     3    0.01    0.16    0.15    0.58 ^ _1219_/Y (sky130_fd_sc_hd__a21oi_2)
                                         _0499_ (net)
                  0.16    0.00    0.58 ^ _1510_/A (sky130_fd_sc_hd__nor2_2)
     1    0.01    0.03    0.07    0.65 v _1510_/Y (sky130_fd_sc_hd__nor2_2)
                                         _0778_ (net)
                  0.03    0.00    0.65 v _1513_/A (sky130_fd_sc_hd__xnor2_2)
     1    0.00    0.03    0.12    0.77 ^ _1513_/Y (sky130_fd_sc_hd__xnor2_2)
                                         _0781_ (net)
                  0.03    0.00    0.77 ^ _1517_/A2 (sky130_fd_sc_hd__a21o_2)
     2    0.04    0.18    0.21    0.98 ^ _1517_/X (sky130_fd_sc_hd__a21o_2)
                                         result[19] (net)
                  0.18    0.00    0.98 ^ result[19] (out)
                                  0.98   data arrival time

                  0.15    0.00    0.00   clock clk (rise edge)
                          0.00    0.00   clock network delay (ideal)
                          0.25    0.25   clock uncertainty
                          0.00    0.25   clock reconvergence pessimism
                         -2.00   -1.75   output external delay
                                 -1.75   data required time
-----------------------------------------------------------------------------
                                 -1.75   data required time
                                 -0.98   data arrival time
-----------------------------------------------------------------------------
                                  2.73   slack (MET)


Startpoint: _2090_ (rising edge-triggered flip-flop clocked by clk)
Endpoint: result[17] (output port clocked by clk)
Path Group: clk
Path Type: min

Fanout     Cap    Slew   Delay    Time   Description
-----------------------------------------------------------------------------
                  0.15    0.00    0.00   clock clk (rise edge)
                          0.00    0.00   clock network delay (ideal)
                  0.15    0.00    0.00 ^ _2090_/CLK (sky130_fd_sc_hd__dfrtp_2)
     3    0.01    0.06    0.37    0.37 ^ _2090_/Q (sky130_fd_sc_hd__dfrtp_2)
                                         rf_inst.registers[5][4] (net)
                  0.06    0.00    0.37 ^ _1438_/A (sky130_fd_sc_hd__nand2_2)
     2    0.01    0.04    0.05    0.42 v _1438_/Y (sky130_fd_sc_hd__nand2_2)
                                         _0714_ (net)
                  0.04    0.00    0.42 v _1488_/A (sky130_fd_sc_hd__nor2_2)
     8    0.02    0.23    0.21    0.62 ^ _1488_/Y (sky130_fd_sc_hd__nor2_2)
                                         _0760_ (net)
                  0.23    0.00    0.62 ^ _1528_/B1 (sky130_fd_sc_hd__a221o_2)
     2    0.01    0.04    0.19    0.81 ^ _1528_/X (sky130_fd_sc_hd__a221o_2)
                                         _0794_ (net)
                  0.04    0.00    0.81 ^ _1529_/B1 (sky130_fd_sc_hd__a21o_2)
     2    0.04    0.18    0.18    0.99 ^ _1529_/X (sky130_fd_sc_hd__a21o_2)
                                         result[17] (net)
                  0.18    0.00    0.99 ^ result[17] (out)
                                  0.99   data arrival time

                  0.15    0.00    0.00   clock clk (rise edge)
                          0.00    0.00   clock network delay (ideal)
                          0.25    0.25   clock uncertainty
                          0.00    0.25   clock reconvergence pessimism
                         -2.00   -1.75   output external delay
                                 -1.75   data required time
-----------------------------------------------------------------------------
                                 -1.75   data required time
                                 -0.99   data arrival time
-----------------------------------------------------------------------------
                                  2.74   slack (MET)


Startpoint: _2089_ (rising edge-triggered flip-flop clocked by clk)
Endpoint: result[15] (output port clocked by clk)
Path Group: clk
Path Type: min

Fanout     Cap    Slew   Delay    Time   Description
-----------------------------------------------------------------------------
                  0.15    0.00    0.00   clock clk (rise edge)
                          0.00    0.00   clock network delay (ideal)
                  0.15    0.00    0.00 ^ _2089_/CLK (sky130_fd_sc_hd__dfrtp_2)
     3    0.01    0.06    0.37    0.37 ^ _2089_/Q (sky130_fd_sc_hd__dfrtp_2)
                                         rf_inst.registers[5][3] (net)
                  0.06    0.00    0.37 ^ _1142_/A1 (sky130_fd_sc_hd__a22oi_2)
     9    0.03    0.13    0.13    0.51 v _1142_/Y (sky130_fd_sc_hd__a22oi_2)
                                         _0422_ (net)
                  0.13    0.00    0.51 v _1346_/S (sky130_fd_sc_hd__mux2_2)
     3    0.01    0.06    0.26    0.76 ^ _1346_/X (sky130_fd_sc_hd__mux2_2)
                                         _0626_ (net)
                  0.06    0.00    0.76 ^ _1540_/B2 (sky130_fd_sc_hd__a32o_2)
     2    0.04    0.21    0.24    1.01 ^ _1540_/X (sky130_fd_sc_hd__a32o_2)
                                         result[15] (net)
                  0.21    0.00    1.01 ^ result[15] (out)
                                  1.01   data arrival time

                  0.15    0.00    0.00   clock clk (rise edge)
                          0.00    0.00   clock network delay (ideal)
                          0.25    0.25   clock uncertainty
                          0.00    0.25   clock reconvergence pessimism
                         -2.00   -1.75   output external delay
                                 -1.75   data required time
-----------------------------------------------------------------------------
                                 -1.75   data required time
                                 -1.01   data arrival time
-----------------------------------------------------------------------------
                                  2.76   slack (MET)


Startpoint: _2024_ (rising edge-triggered flip-flop clocked by clk)
Endpoint: result[2] (output port clocked by clk)
Path Group: clk
Path Type: min

Fanout     Cap    Slew   Delay    Time   Description
-----------------------------------------------------------------------------
                  0.15    0.00    0.00   clock clk (rise edge)
                          0.00    0.00   clock network delay (ideal)
                  0.15    0.00    0.00 ^ _2024_/CLK (sky130_fd_sc_hd__dfrtp_2)
     2    0.00    0.05    0.36    0.36 ^ _2024_/Q (sky130_fd_sc_hd__dfrtp_2)
                                         rf_inst.registers[25][2] (net)
                  0.05    0.00    0.36 ^ _1136_/B2 (sky130_fd_sc_hd__a22o_2)
     4    0.01    0.07    0.15    0.51 ^ _1136_/X (sky130_fd_sc_hd__a22o_2)
                                         _0416_ (net)
                  0.07    0.00    0.51 ^ _1138_/A (sky130_fd_sc_hd__nor3_2)
     1    0.00    0.02    0.05    0.55 v _1138_/Y (sky130_fd_sc_hd__nor3_2)
                                         _0418_ (net)
                  0.02    0.00    0.55 v _1139_/B (sky130_fd_sc_hd__nor2_2)
     2    0.01    0.14    0.12    0.67 ^ _1139_/Y (sky130_fd_sc_hd__nor2_2)
                                         _0419_ (net)
                  0.14    0.00    0.67 ^ _1592_/B (sky130_fd_sc_hd__xor2_2)
     1    0.00    0.03    0.07    0.74 v _1592_/X (sky130_fd_sc_hd__xor2_2)
                                         _0843_ (net)
                  0.03    0.00    0.74 v _1593_/B1 (sky130_fd_sc_hd__a22o_2)
     2    0.04    0.11    0.27    1.01 v _1593_/X (sky130_fd_sc_hd__a22o_2)
                                         result[2] (net)
                  0.11    0.00    1.01 v result[2] (out)
                                  1.01   data arrival time

                  0.15    0.00    0.00   clock clk (rise edge)
                          0.00    0.00   clock network delay (ideal)
                          0.25    0.25   clock uncertainty
                          0.00    0.25   clock reconvergence pessimism
                         -2.00   -1.75   output external delay
                                 -1.75   data required time
-----------------------------------------------------------------------------
                                 -1.75   data required time
                                 -1.01   data arrival time
-----------------------------------------------------------------------------
                                  2.76   slack (MET)


Startpoint: _2029_ (rising edge-triggered flip-flop clocked by clk)
Endpoint: result[10] (output port clocked by clk)
Path Group: clk
Path Type: min

Fanout     Cap    Slew   Delay    Time   Description
-----------------------------------------------------------------------------
                  0.15    0.00    0.00   clock clk (rise edge)
                          0.00    0.00   clock network delay (ideal)
                  0.15    0.00    0.00 ^ _2029_/CLK (sky130_fd_sc_hd__dfrtp_2)
     3    0.01    0.07    0.38    0.38 ^ _2029_/Q (sky130_fd_sc_hd__dfrtp_2)
                                         rf_inst.registers[25][7] (net)
                  0.07    0.00    0.38 ^ _1157_/B2 (sky130_fd_sc_hd__a22oi_2)
     2    0.01    0.06    0.07    0.44 v _1157_/Y (sky130_fd_sc_hd__a22oi_2)
                                         _0437_ (net)
                  0.06    0.00    0.44 v _1159_/A (sky130_fd_sc_hd__nand2_2)
     2    0.00    0.04    0.06    0.50 ^ _1159_/Y (sky130_fd_sc_hd__nand2_2)
                                         _0439_ (net)
                  0.04    0.00    0.50 ^ _1161_/A2 (sky130_fd_sc_hd__a21o_2)
     4    0.02    0.08    0.15    0.65 ^ _1161_/X (sky130_fd_sc_hd__a21o_2)
                                         _0441_ (net)
                  0.08    0.00    0.65 ^ _1550_/A (sky130_fd_sc_hd__nand2_2)
     2    0.01    0.05    0.06    0.71 v _1550_/Y (sky130_fd_sc_hd__nand2_2)
                                         _0810_ (net)
                  0.05    0.00    0.71 v _1558_/A (sky130_fd_sc_hd__nand3_2)
     1    0.00    0.03    0.05    0.76 ^ _1558_/Y (sky130_fd_sc_hd__nand3_2)
                                         _0817_ (net)
                  0.03    0.00    0.76 ^ _1560_/A3 (sky130_fd_sc_hd__a31o_2)
     2    0.04    0.20    0.26    1.01 ^ _1560_/X (sky130_fd_sc_hd__a31o_2)
                                         result[10] (net)
                  0.20    0.00    1.01 ^ result[10] (out)
                                  1.01   data arrival time

                  0.15    0.00    0.00   clock clk (rise edge)
                          0.00    0.00   clock network delay (ideal)
                          0.25    0.25   clock uncertainty
                          0.00    0.25   clock reconvergence pessimism
                         -2.00   -1.75   output external delay
                                 -1.75   data required time
-----------------------------------------------------------------------------
                                 -1.75   data required time
                                 -1.01   data arrival time
-----------------------------------------------------------------------------
                                  2.76   slack (MET)


Startpoint: _2030_ (rising edge-triggered flip-flop clocked by clk)
Endpoint: result[9] (output port clocked by clk)
Path Group: clk
Path Type: min

Fanout     Cap    Slew   Delay    Time   Description
-----------------------------------------------------------------------------
                  0.15    0.00    0.00   clock clk (rise edge)
                          0.00    0.00   clock network delay (ideal)
                  0.15    0.00    0.00 ^ _2030_/CLK (sky130_fd_sc_hd__dfrtp_2)
     2    0.00    0.05    0.36    0.36 ^ _2030_/Q (sky130_fd_sc_hd__dfrtp_2)
                                         rf_inst.registers[25][8] (net)
                  0.05    0.00    0.36 ^ _1169_/B2 (sky130_fd_sc_hd__a22o_2)
     4    0.01    0.09    0.16    0.52 ^ _1169_/X (sky130_fd_sc_hd__a22o_2)
                                         _0449_ (net)
                  0.09    0.00    0.52 ^ _1172_/A (sky130_fd_sc_hd__xnor2_2)
     3    0.01    0.05    0.08    0.60 v _1172_/Y (sky130_fd_sc_hd__xnor2_2)
                                         _0452_ (net)
                  0.05    0.00    0.60 v _1561_/B (sky130_fd_sc_hd__nand2_2)
     2    0.01    0.05    0.07    0.67 ^ _1561_/Y (sky130_fd_sc_hd__nand2_2)
                                         _0819_ (net)
                  0.05    0.00    0.67 ^ _1562_/B (sky130_fd_sc_hd__nand2_2)
     1    0.01    0.04    0.06    0.72 v _1562_/Y (sky130_fd_sc_hd__nand2_2)
                                         _0820_ (net)
                  0.04    0.00    0.72 v _1563_/B (sky130_fd_sc_hd__xor2_2)
     1    0.00    0.07    0.10    0.82 ^ _1563_/X (sky130_fd_sc_hd__xor2_2)
                                         _0821_ (net)
                  0.07    0.00    0.82 ^ _1565_/A2 (sky130_fd_sc_hd__a21o_2)
     2    0.04    0.18    0.22    1.04 ^ _1565_/X (sky130_fd_sc_hd__a21o_2)
                                         result[9] (net)
                  0.18    0.00    1.04 ^ result[9] (out)
                                  1.04   data arrival time

                  0.15    0.00    0.00   clock clk (rise edge)
                          0.00    0.00   clock network delay (ideal)
                          0.25    0.25   clock uncertainty
                          0.00    0.25   clock reconvergence pessimism
                         -2.00   -1.75   output external delay
                                 -1.75   data required time
-----------------------------------------------------------------------------
                                 -1.75   data required time
                                 -1.04   data arrival time
-----------------------------------------------------------------------------
                                  2.79   slack (MET)



worst slack corner Typical: 0.2000
